TIMESTAMP,EQUIPMENT_ID,TEMPERATURE_C,VIBRATION_RMS
2026-09-16 23:15:25.151168,LINE-2-PACKAGING,86.29,2.19
2026-09-16 23:16:25.151168,LINE-2-PACKAGING,86.7,2.42
2026-09-16 23:17:25.151168,LINE-2-PACKAGING,85.6,2.5
2026-09-16 23:18:25.151168,LINE-2-PACKAGING,85.4,2.4
2026-09-16 23:19:25.151168,LINE-2-PACKAGING,87.58,2.43
2026-09-16 23:20:25.151168,LINE-2-PACKAGING,87.29,2.49
2026-09-16 23:21:25.151168,LINE-2-PACKAGING,86.47,2.62
2026-09-16 23:22:25.151168,LINE-2-PACKAGING,85.92,2.48
2026-09-16 23:23:25.151168,LINE-2-PACKAGING,85.35,2.1
2026-09-16 23:24:25.151168,LINE-2-PACKAGING,87.28,2.34
2026-09-16 23:25:25.151168,LINE-2-PACKAGING,86.88,2.29
2026-09-16 23:26:25.151168,LINE-2-PACKAGING,86.11,2.4
2026-09-16 23:27:25.151168,LINE-2-PACKAGING,84.65,2.25
2026-09-16 23:28:25.151168,LINE-2-PACKAGING,85.77,2.58
2026-09-16 23:29:25.151168,LINE-2-PACKAGING,86.76,2.43
2026-09-16 23:30:25.151168,LINE-2-PACKAGING,86.77,1.95
2026-09-16 23:31:25.151168,LINE-2-PACKAGING,86.79,2.06
2026-09-16 23:32:25.151168,LINE-2-PACKAGING,86.29,2.37
2026-09-16 23:33:25.151168,LINE-2-PACKAGING,86.91,2.45
2026-09-16 23:34:25.151168,LINE-2-PACKAGING,84.68,2.32
2026-09-16 23:35:25.151168,LINE-2-PACKAGING,84.74,2.39
2026-09-16 23:36:25.151168,LINE-2-PACKAGING,85.5,2.24
2026-09-16 23:37:25.151168,LINE-2-PACKAGING,86.29,2.29
2026-09-16 23:38:25.151168,LINE-2-PACKAGING,86.12,2.57
2026-09-16 23:39:25.151168,LINE-2-PACKAGING,88.28,2.48
2026-09-16 23:40:25.151168,LINE-2-PACKAGING,86.42,2.38
2026-09-16 23:41:25.151168,LINE-2-PACKAGING,86.71,2.55
2026-09-16 23:42:25.151168,LINE-2-PACKAGING,87.98,2.32
2026-09-16 23:43:25.151168,LINE-2-PACKAGING,86.76,2.53
2026-09-16 23:44:25.151168,LINE-2-PACKAGING,86.06,2.51
2026-09-16 23:45:25.151168,LINE-2-PACKAGING,85.5,2.5
2026-09-16 23:46:25.151168,LINE-2-PACKAGING,86.44,2.33
2026-09-16 23:47:25.151168,LINE-2-PACKAGING,88.23,2.28
2026-09-16 23:48:25.151168,LINE-2-PACKAGING,85.78,2.47
2026-09-16 23:49:25.151168,LINE-2-PACKAGING,87.05,2.27
2026-09-16 23:50:25.151168,LINE-2-PACKAGING,87.46,2.25
2026-09-16 23:51:25.151168,LINE-2-PACKAGING,85.88,2.25
2026-09-16 23:52:25.151168,LINE-2-PACKAGING,86.57,2.2
2026-09-16 23:53:25.151168,LINE-2-PACKAGING,84.96,2.25
2026-09-16 23:54:25.151168,LINE-2-PACKAGING,86.09,2.73
2026-09-16 23:55:25.151168,LINE-2-PACKAGING,84.84,2.53
2026-09-16 23:56:25.151168,LINE-2-PACKAGING,86.34,2.25
2026-09-16 23:57:25.151168,LINE-2-PACKAGING,87.34,2.33
2026-09-16 23:58:25.151168,LINE-2-PACKAGING,86.34,2.23
2026-09-16 23:59:25.151168,LINE-2-PACKAGING,84.94,2.62
2026-09-17 00:00:25.151168,LINE-2-PACKAGING,86.44,2.43
2026-09-17 00:01:25.151168,LINE-2-PACKAGING,85.79,2.35
2026-09-17 00:02:25.151168,LINE-2-PACKAGING,85.38,2.49
2026-09-17 00:03:25.151168,LINE-2-PACKAGING,88.24,2.19
2026-09-17 00:04:25.151168,LINE-2-PACKAGING,85.36,2.28
2026-09-17 00:05:25.151168,LINE-2-PACKAGING,87.59,2.59
2026-09-17 00:06:25.151168,LINE-2-PACKAGING,85.15,2.53
2026-09-17 00:07:25.151168,LINE-2-PACKAGING,86.27,2.34
2026-09-17 00:08:25.151168,LINE-2-PACKAGING,85.83,2.35
2026-09-17 00:09:25.151168,LINE-2-PACKAGING,87.01,2.5
2026-09-17 00:10:25.151168,LINE-2-PACKAGING,86.03,2.37
2026-09-17 00:11:25.151168,LINE-2-PACKAGING,85.34,2.3
2026-09-17 00:12:25.151168,LINE-2-PACKAGING,86.48,2.39
2026-09-17 00:13:25.151168,LINE-2-PACKAGING,88.43,2.13
2026-09-17 00:14:25.151168,LINE-2-PACKAGING,87.91,2.41
2026-09-17 00:15:25.151168,LINE-2-PACKAGING,87.57,2.21
2026-09-17 00:16:25.151168,LINE-2-PACKAGING,87.35,2.29
2026-09-17 00:17:25.151168,LINE-2-PACKAGING,86.88,2.77
2026-09-17 00:18:25.151168,LINE-2-PACKAGING,83.84,2.46
2026-09-17 00:19:25.151168,LINE-2-PACKAGING,85.46,2.74
2026-09-17 00:20:25.151168,LINE-2-PACKAGING,86.89,2.37
2026-09-17 00:21:25.151168,LINE-2-PACKAGING,86.62,2.32
2026-09-17 00:22:25.151168,LINE-2-PACKAGING,86.56,2.51
2026-09-17 00:23:25.151168,LINE-2-PACKAGING,86.99,2.25
2026-09-17 00:24:25.151168,LINE-2-PACKAGING,86.76,2.47
2026-09-17 00:25:25.151168,LINE-2-PACKAGING,86.81,2.36
2026-09-17 00:26:25.151168,LINE-2-PACKAGING,85.79,2.51
2026-09-17 00:27:25.151168,LINE-2-PACKAGING,86.8,2.58
2026-09-17 00:28:25.151168,LINE-2-PACKAGING,87.78,2.44
2026-09-17 00:29:25.151168,LINE-2-PACKAGING,86.55,2.49
2026-09-17 00:30:25.151168,LINE-2-PACKAGING,87.35,2.01
2026-09-17 00:31:25.151168,LINE-2-PACKAGING,86.84,2.58
2026-09-17 00:32:25.151168,LINE-2-PACKAGING,86.85,2.19
2026-09-17 00:33:25.151168,LINE-2-PACKAGING,86.73,2.57
2026-09-17 00:34:25.151168,LINE-2-PACKAGING,85.88,2.38
2026-09-17 00:35:25.151168,LINE-2-PACKAGING,86.09,2.46
2026-09-17 00:36:25.151168,LINE-2-PACKAGING,86.02,2.59
2026-09-17 00:37:25.151168,LINE-2-PACKAGING,86.77,2.35
2026-09-17 00:38:25.151168,LINE-2-PACKAGING,86.0,2.53
2026-09-17 00:39:25.151168,LINE-2-PACKAGING,87.46,2.61
2026-09-17 00:40:25.151168,LINE-2-PACKAGING,88.27,2.44
2026-09-17 00:41:25.151168,LINE-2-PACKAGING,84.27,2.33
2026-09-17 00:42:25.151168,LINE-2-PACKAGING,85.83,2.56
2026-09-17 00:43:25.151168,LINE-2-PACKAGING,86.67,1.93
2026-09-17 00:44:25.151168,LINE-2-PACKAGING,85.72,2.42
2026-09-17 00:45:25.151168,LINE-2-PACKAGING,85.59,2.47
2026-09-17 00:46:25.151168,LINE-2-PACKAGING,88.45,2.49
2026-09-17 00:47:25.151168,LINE-2-PACKAGING,86.53,2.47
2026-09-17 00:48:25.151168,LINE-2-PACKAGING,85.97,2.55
2026-09-17 00:49:25.151168,LINE-2-PACKAGING,84.18,2.41
2026-09-17 00:50:25.151168,LINE-2-PACKAGING,86.0,2.32
2026-09-17 00:51:25.151168,LINE-2-PACKAGING,86.11,2.27
2026-09-17 00:52:25.151168,LINE-2-PACKAGING,87.55,2.49
2026-09-17 00:53:25.151168,LINE-2-PACKAGING,85.7,2.59
2026-09-17 00:54:25.151168,LINE-2-PACKAGING,85.92,2.57
2026-09-17 00:55:25.151168,LINE-2-PACKAGING,86.04,2.26
2026-09-17 00:56:25.151168,LINE-2-PACKAGING,85.17,2.41
2026-09-17 00:57:25.151168,LINE-2-PACKAGING,85.43,2.54
2026-09-17 00:58:25.151168,LINE-2-PACKAGING,84.81,2.51
2026-09-17 00:59:25.151168,LINE-2-PACKAGING,86.85,2.3
2026-09-17 01:00:25.151168,LINE-2-PACKAGING,84.68,2.39
2026-09-17 01:01:25.151168,LINE-2-PACKAGING,86.98,2.41
2026-09-17 01:02:25.151168,LINE-2-PACKAGING,86.72,2.36
2026-09-17 01:03:25.151168,LINE-2-PACKAGING,85.14,2.31
2026-09-17 01:04:25.151168,LINE-2-PACKAGING,86.9,2.32
2026-09-17 01:05:25.151168,LINE-2-PACKAGING,85.88,2.32
2026-09-17 01:06:25.151168,LINE-2-PACKAGING,87.83,2.4
2026-09-17 01:07:25.151168,LINE-2-PACKAGING,87.9,2.52
2026-09-17 01:08:25.151168,LINE-2-PACKAGING,85.33,2.28
2026-09-17 01:09:25.151168,LINE-2-PACKAGING,88.2,2.33
2026-09-17 01:10:25.151168,LINE-2-PACKAGING,84.31,2.55
2026-09-17 01:11:25.151168,LINE-2-PACKAGING,84.6,2.42
2026-09-17 01:12:25.151168,LINE-2-PACKAGING,87.07,2.25
2026-09-17 01:13:25.151168,LINE-2-PACKAGING,85.45,2.66
2026-09-17 01:14:25.151168,LINE-2-PACKAGING,85.38,2.33
2026-09-17 01:15:25.151168,LINE-2-PACKAGING,87.79,2.3
2026-09-17 01:16:25.151168,LINE-2-PACKAGING,86.91,2.47
2026-09-17 01:17:25.151168,LINE-2-PACKAGING,84.93,2.57
2026-09-17 01:18:25.151168,LINE-2-PACKAGING,84.13,2.32
2026-09-17 01:19:25.151168,LINE-2-PACKAGING,87.25,2.32
2026-09-17 01:20:25.151168,LINE-2-PACKAGING,87.3,2.38
2026-09-17 01:21:25.151168,LINE-2-PACKAGING,84.49,2.35
2026-09-17 01:22:25.151168,LINE-2-PACKAGING,85.6,2.56
2026-09-17 01:23:25.151168,LINE-2-PACKAGING,86.64,2.58
2026-09-17 01:24:25.151168,LINE-2-PACKAGING,85.97,2.43
2026-09-17 01:25:25.151168,LINE-2-PACKAGING,85.3,2.35
2026-09-17 01:26:25.151168,LINE-2-PACKAGING,86.42,2.17
2026-09-17 01:27:25.151168,LINE-2-PACKAGING,86.44,2.7
2026-09-17 01:28:25.151168,LINE-2-PACKAGING,87.17,2.4
2026-09-17 01:29:25.151168,LINE-2-PACKAGING,86.07,2.36
2026-09-17 01:30:25.151168,LINE-2-PACKAGING,86.28,2.34
2026-09-17 01:31:25.151168,LINE-2-PACKAGING,85.92,2.4
2026-09-17 01:32:25.151168,LINE-2-PACKAGING,85.33,2.41
2026-09-17 01:33:25.151168,LINE-2-PACKAGING,85.55,2.23
2026-09-17 01:34:25.151168,LINE-2-PACKAGING,87.08,2.56
2026-09-17 01:35:25.151168,LINE-2-PACKAGING,85.74,2.11
2026-09-17 01:36:25.151168,LINE-2-PACKAGING,85.45,2.61
2026-09-17 01:37:25.151168,LINE-2-PACKAGING,85.1,2.41
2026-09-17 01:38:25.151168,LINE-2-PACKAGING,85.76,2.52
2026-09-17 01:39:25.151168,LINE-2-PACKAGING,85.25,2.55
2026-09-17 01:40:25.151168,LINE-2-PACKAGING,86.45,2.34
2026-09-17 01:41:25.151168,LINE-2-PACKAGING,86.22,2.34
2026-09-17 01:42:25.151168,LINE-2-PACKAGING,85.66,2.37
2026-09-17 01:43:25.151168,LINE-2-PACKAGING,85.95,2.72
2026-09-17 01:44:25.151168,LINE-2-PACKAGING,85.36,2.82
2026-09-17 01:45:25.151168,LINE-2-PACKAGING,84.73,2.64
2026-09-17 01:46:25.151168,LINE-2-PACKAGING,86.78,2.45
2026-09-17 01:47:25.151168,LINE-2-PACKAGING,87.75,2.35
2026-09-17 01:48:25.151168,LINE-2-PACKAGING,86.67,2.49
2026-09-17 01:49:25.151168,LINE-2-PACKAGING,84.96,2.43
2026-09-17 01:50:25.151168,LINE-2-PACKAGING,87.29,2.22
2026-09-17 01:51:25.151168,LINE-2-PACKAGING,88.52,2.42
2026-09-17 01:52:25.151168,LINE-2-PACKAGING,85.22,2.27
2026-09-17 01:53:25.151168,LINE-2-PACKAGING,87.03,2.36
2026-09-17 01:54:25.151168,LINE-2-PACKAGING,85.8,2.4
2026-09-17 01:55:25.151168,LINE-2-PACKAGING,87.1,2.16
2026-09-17 01:56:25.151168,LINE-2-PACKAGING,86.51,2.5
2026-09-17 01:57:25.151168,LINE-2-PACKAGING,86.64,2.46
2026-09-17 01:58:25.151168,LINE-2-PACKAGING,85.44,2.42
2026-09-17 01:59:25.151168,LINE-2-PACKAGING,86.13,2.02
2026-09-17 02:00:25.151168,LINE-2-PACKAGING,86.66,2.4
2026-09-17 02:01:25.151168,LINE-2-PACKAGING,84.95,2.29
2026-09-17 02:02:25.151168,LINE-2-PACKAGING,87.43,2.59
2026-09-17 02:03:25.151168,LINE-2-PACKAGING,85.74,2.31
2026-09-17 02:04:25.151168,LINE-2-PACKAGING,86.7,2.13
2026-09-17 02:05:25.151168,LINE-2-PACKAGING,86.92,2.43
2026-09-17 02:06:25.151168,LINE-2-PACKAGING,85.94,2.47
2026-09-17 02:07:25.151168,LINE-2-PACKAGING,85.16,2.61
2026-09-17 02:08:25.151168,LINE-2-PACKAGING,86.08,2.45
2026-09-17 02:09:25.151168,LINE-2-PACKAGING,87.02,2.45
2026-09-17 02:10:25.151168,LINE-2-PACKAGING,85.59,2.4
2026-09-17 02:11:25.151168,LINE-2-PACKAGING,87.24,2.66
2026-09-17 02:12:25.151168,LINE-2-PACKAGING,86.92,2.45
2026-09-17 02:13:25.151168,LINE-2-PACKAGING,86.55,2.52
2026-09-17 02:14:25.151168,LINE-2-PACKAGING,85.71,2.24
2026-09-17 02:15:25.151168,LINE-2-PACKAGING,85.94,2.35
2026-09-17 02:16:25.151168,LINE-2-PACKAGING,87.01,2.62
2026-09-17 02:17:25.151168,LINE-2-PACKAGING,84.47,2.67
2026-09-17 02:18:25.151168,LINE-2-PACKAGING,85.59,2.43
2026-09-17 02:19:25.151168,LINE-2-PACKAGING,86.74,2.46
2026-09-17 02:20:25.151168,LINE-2-PACKAGING,88.39,2.56
2026-09-17 02:21:25.151168,LINE-2-PACKAGING,84.69,1.92
2026-09-17 02:22:25.151168,LINE-2-PACKAGING,86.07,2.41
2026-09-17 02:23:25.151168,LINE-2-PACKAGING,83.87,2.78
2026-09-17 02:24:25.151168,LINE-2-PACKAGING,85.82,2.43
2026-09-17 02:25:25.151168,LINE-2-PACKAGING,86.88,2.45
2026-09-17 02:26:25.151168,LINE-2-PACKAGING,85.95,2.57
2026-09-17 02:27:25.151168,LINE-2-PACKAGING,89.08,2.21
2026-09-17 02:28:25.151168,LINE-2-PACKAGING,84.47,2.31
2026-09-17 02:29:25.151168,LINE-2-PACKAGING,84.36,2.19
2026-09-17 02:30:25.151168,LINE-2-PACKAGING,85.93,2.16
2026-09-17 02:31:25.151168,LINE-2-PACKAGING,87.55,2.44
2026-09-17 02:32:25.151168,LINE-2-PACKAGING,87.03,2.53
2026-09-17 02:33:25.151168,LINE-2-PACKAGING,86.39,2.44
2026-09-17 02:34:25.151168,LINE-2-PACKAGING,87.56,2.37
2026-09-17 02:35:25.151168,LINE-2-PACKAGING,83.86,2.52
2026-09-17 02:36:25.151168,LINE-2-PACKAGING,86.74,2.56
2026-09-17 02:37:25.151168,LINE-2-PACKAGING,87.76,2.43
2026-09-17 02:38:25.151168,LINE-2-PACKAGING,86.51,2.28
2026-09-17 02:39:25.151168,LINE-2-PACKAGING,85.06,2.29
2026-09-17 02:40:25.151168,LINE-2-PACKAGING,87.16,2.76
2026-09-17 02:41:25.151168,LINE-2-PACKAGING,86.99,2.34
2026-09-17 02:42:25.151168,LINE-2-PACKAGING,87.78,2.39
2026-09-17 02:43:25.151168,LINE-2-PACKAGING,85.83,2.65
2026-09-17 02:44:25.151168,LINE-2-PACKAGING,87.3,2.2
2026-09-17 02:45:25.151168,LINE-2-PACKAGING,85.57,2.4
2026-09-17 02:46:25.151168,LINE-2-PACKAGING,87.97,2.52
2026-09-17 02:47:25.151168,LINE-2-PACKAGING,85.32,2.54
2026-09-17 02:48:25.151168,LINE-2-PACKAGING,86.23,2.09
2026-09-17 02:49:25.151168,LINE-2-PACKAGING,86.53,2.46
2026-09-17 02:50:25.151168,LINE-2-PACKAGING,86.68,2.44
2026-09-17 02:51:25.151168,LINE-2-PACKAGING,85.29,2.45
2026-09-17 02:52:25.151168,LINE-2-PACKAGING,86.73,2.61
2026-09-17 02:53:25.151168,LINE-2-PACKAGING,86.93,2.14
2026-09-17 02:54:25.151168,LINE-2-PACKAGING,86.44,2.51
2026-09-17 02:55:25.151168,LINE-2-PACKAGING,86.25,2.28
2026-09-17 02:56:25.151168,LINE-2-PACKAGING,86.02,2.32
2026-09-17 02:57:25.151168,LINE-2-PACKAGING,85.32,2.31
2026-09-17 02:58:25.151168,LINE-2-PACKAGING,86.55,2.37
2026-09-17 02:59:25.151168,LINE-2-PACKAGING,86.28,2.44
2026-09-17 03:00:25.151168,LINE-2-PACKAGING,88.45,2.42
2026-09-17 03:01:25.151168,LINE-2-PACKAGING,86.98,2.44
2026-09-17 03:02:25.151168,LINE-2-PACKAGING,86.8,2.09
2026-09-17 03:03:25.151168,LINE-2-PACKAGING,84.83,2.11
2026-09-17 03:04:25.151168,LINE-2-PACKAGING,86.47,2.38
2026-09-17 03:05:25.151168,LINE-2-PACKAGING,85.67,2.47
2026-09-17 03:06:25.151168,LINE-2-PACKAGING,85.91,2.44
2026-09-17 03:07:25.151168,LINE-2-PACKAGING,84.99,2.8
2026-09-17 03:08:25.151168,LINE-2-PACKAGING,84.63,2.42
2026-09-17 03:09:25.151168,LINE-2-PACKAGING,85.29,2.41
2026-09-17 03:10:25.151168,LINE-2-PACKAGING,84.98,2.34
2026-09-17 03:11:25.151168,LINE-2-PACKAGING,84.74,2.29
2026-09-17 03:12:25.151168,LINE-2-PACKAGING,86.96,2.28
2026-09-17 03:13:25.151168,LINE-2-PACKAGING,87.29,2.42
2026-09-17 03:14:25.151168,LINE-2-PACKAGING,86.33,2.54
2026-09-17 03:15:25.151168,LINE-2-PACKAGING,86.13,2.56
2026-09-17 03:16:25.151168,LINE-2-PACKAGING,87.27,2.44
2026-09-17 03:17:25.151168,LINE-2-PACKAGING,85.04,2.44
2026-09-17 03:18:25.151168,LINE-2-PACKAGING,88.06,2.49
2026-09-17 03:19:25.151168,LINE-2-PACKAGING,87.49,2.39
2026-09-17 03:20:25.151168,LINE-2-PACKAGING,85.12,2.46
2026-09-17 03:21:25.151168,LINE-2-PACKAGING,84.29,2.36
2026-09-17 03:22:25.151168,LINE-2-PACKAGING,87.8,2.53
2026-09-17 03:23:25.151168,LINE-2-PACKAGING,85.98,2.35
2026-09-17 03:24:25.151168,LINE-2-PACKAGING,86.87,2.36
2026-09-17 03:25:25.151168,LINE-2-PACKAGING,87.07,2.5
2026-09-17 03:26:25.151168,LINE-2-PACKAGING,85.19,2.73
2026-09-17 03:27:25.151168,LINE-2-PACKAGING,87.05,2.22
2026-09-17 03:28:25.151168,LINE-2-PACKAGING,85.94,2.42
2026-09-17 03:29:25.151168,LINE-2-PACKAGING,87.51,2.26
2026-09-17 03:30:25.151168,LINE-2-PACKAGING,86.95,2.28
2026-09-17 03:31:25.151168,LINE-2-PACKAGING,87.68,2.33
2026-09-17 03:32:25.151168,LINE-2-PACKAGING,87.56,2.41
2026-09-17 03:33:25.151168,LINE-2-PACKAGING,85.48,2.41
2026-09-17 03:34:25.151168,LINE-2-PACKAGING,85.06,2.22
2026-09-17 03:35:25.151168,LINE-2-PACKAGING,86.13,2.41
2026-09-17 03:36:25.151168,LINE-2-PACKAGING,87.36,2.63
2026-09-17 03:37:25.151168,LINE-2-PACKAGING,85.62,2.41
2026-09-17 03:38:25.151168,LINE-2-PACKAGING,83.8,2.42
2026-09-17 03:39:25.151168,LINE-2-PACKAGING,86.99,2.13
2026-09-17 03:40:25.151168,LINE-2-PACKAGING,86.71,2.38
2026-09-17 03:41:25.151168,LINE-2-PACKAGING,85.96,2.43
2026-09-17 03:42:25.151168,LINE-2-PACKAGING,86.35,2.32
2026-09-17 03:43:25.151168,LINE-2-PACKAGING,85.21,2.47
2026-09-17 03:44:25.151168,LINE-2-PACKAGING,86.75,2.1
2026-09-17 03:45:25.151168,LINE-2-PACKAGING,87.46,2.42
2026-09-17 03:46:25.151168,LINE-2-PACKAGING,87.69,2.51
2026-09-17 03:47:25.151168,LINE-2-PACKAGING,85.17,2.17
2026-09-17 03:48:25.151168,LINE-2-PACKAGING,85.74,2.26
2026-09-17 03:49:25.151168,LINE-2-PACKAGING,85.49,2.6
2026-09-17 03:50:25.151168,LINE-2-PACKAGING,87.54,2.63
2026-09-17 03:51:25.151168,LINE-2-PACKAGING,86.54,2.71
2026-09-17 03:52:25.151168,LINE-2-PACKAGING,87.18,2.2
2026-09-17 03:53:25.151168,LINE-2-PACKAGING,86.6,2.11
2026-09-17 03:54:25.151168,LINE-2-PACKAGING,87.7,2.29
2026-09-17 03:55:25.151168,LINE-2-PACKAGING,87.03,2.13
2026-09-17 03:56:25.151168,LINE-2-PACKAGING,88.27,2.55
2026-09-17 03:57:25.151168,LINE-2-PACKAGING,86.13,2.39
2026-09-17 03:58:25.151168,LINE-2-PACKAGING,85.08,2.44
2026-09-17 03:59:25.151168,LINE-2-PACKAGING,86.63,2.31
2026-09-17 04:00:25.151168,LINE-2-PACKAGING,86.93,2.36
2026-09-17 04:01:25.151168,LINE-2-PACKAGING,86.31,2.56
2026-09-17 04:02:25.151168,LINE-2-PACKAGING,86.11,2.38
2026-09-17 04:03:25.151168,LINE-2-PACKAGING,85.61,2.43
2026-09-17 04:04:25.151168,LINE-2-PACKAGING,87.1,2.62
2026-09-17 04:05:25.151168,LINE-2-PACKAGING,85.72,2.52
2026-09-17 04:06:25.151168,LINE-2-PACKAGING,85.78,2.28
2026-09-17 04:07:25.151168,LINE-2-PACKAGING,86.42,2.62
2026-09-17 04:08:25.151168,LINE-2-PACKAGING,86.36,2.37
2026-09-17 04:09:25.151168,LINE-2-PACKAGING,85.12,2.34
2026-09-17 04:10:25.151168,LINE-2-PACKAGING,87.33,2.22
2026-09-17 04:11:25.151168,LINE-2-PACKAGING,88.74,2.32
2026-09-17 04:12:25.151168,LINE-2-PACKAGING,85.5,2.47
2026-09-17 04:13:25.151168,LINE-2-PACKAGING,85.24,2.61
2026-09-17 04:14:25.151168,LINE-2-PACKAGING,88.19,2.68
2026-09-17 04:15:25.151168,LINE-2-PACKAGING,86.67,2.62
2026-09-17 04:16:25.151168,LINE-2-PACKAGING,72.79,2.0
2026-09-17 04:17:25.151168,LINE-2-PACKAGING,75.18,1.97
2026-09-17 04:18:25.151168,LINE-2-PACKAGING,74.91,2.23
2026-09-17 04:19:25.151168,LINE-2-PACKAGING,76.25,2.26
2026-09-17 04:20:25.151168,LINE-2-PACKAGING,75.44,1.99
2026-09-17 04:21:25.151168,LINE-2-PACKAGING,74.33,1.99
2026-09-17 04:22:25.151168,LINE-2-PACKAGING,75.12,2.21
2026-09-17 04:23:25.151168,LINE-2-PACKAGING,75.13,2.01
2026-09-17 04:24:25.151168,LINE-2-PACKAGING,75.94,2.11
2026-09-17 04:25:25.151168,LINE-2-PACKAGING,76.89,1.96
2026-09-17 04:26:25.151168,LINE-2-PACKAGING,75.36,1.86
2026-09-17 04:27:25.151168,LINE-2-PACKAGING,74.57,2.06
2026-09-17 04:28:25.151168,LINE-2-PACKAGING,74.86,1.91
2026-09-17 04:29:25.151168,LINE-2-PACKAGING,75.24,2.2
2026-09-17 04:30:25.151168,LINE-2-PACKAGING,75.52,1.76
2026-09-17 04:31:25.151168,LINE-2-PACKAGING,74.59,1.75
2026-09-17 04:32:25.151168,LINE-2-PACKAGING,74.27,2.19
2026-09-17 04:33:25.151168,LINE-2-PACKAGING,74.59,2.16
2026-09-17 04:34:25.151168,LINE-2-PACKAGING,74.95,2.38
2026-09-17 04:35:25.151168,LINE-2-PACKAGING,77.53,1.94
2026-09-17 04:36:25.151168,LINE-2-PACKAGING,75.33,2.14
2026-09-17 04:37:25.151168,LINE-2-PACKAGING,74.56,2.36
2026-09-17 04:38:25.151168,LINE-2-PACKAGING,74.88,1.96
2026-09-17 04:39:25.151168,LINE-2-PACKAGING,76.06,2.18
2026-09-17 04:40:25.151168,LINE-2-PACKAGING,73.58,1.98
2026-09-17 04:41:25.151168,LINE-2-PACKAGING,75.77,2.25
2026-09-17 04:42:25.151168,LINE-2-PACKAGING,75.55,2.01
2026-09-17 04:43:25.151168,LINE-2-PACKAGING,73.49,1.67
2026-09-17 04:44:25.151168,LINE-2-PACKAGING,75.79,1.76
2026-09-17 04:45:25.151168,LINE-2-PACKAGING,74.01,1.83
2026-09-17 04:46:25.151168,LINE-2-PACKAGING,76.21,1.75
2026-09-17 04:47:25.151168,LINE-2-PACKAGING,76.29,1.78
2026-09-17 04:48:25.151168,LINE-2-PACKAGING,75.65,2.19
2026-09-17 04:49:25.151168,LINE-2-PACKAGING,75.5,2.07
2026-09-17 04:50:25.151168,LINE-2-PACKAGING,75.29,2.37
2026-09-17 04:51:25.151168,LINE-2-PACKAGING,73.15,1.78
2026-09-17 04:52:25.151168,LINE-2-PACKAGING,75.0,2.16
2026-09-17 04:53:25.151168,LINE-2-PACKAGING,76.74,1.85
2026-09-17 04:54:25.151168,LINE-2-PACKAGING,73.44,2.23
2026-09-17 04:55:25.151168,LINE-2-PACKAGING,75.31,2.09
2026-09-17 04:56:25.151168,LINE-2-PACKAGING,75.04,1.99
2026-09-17 04:57:25.151168,LINE-2-PACKAGING,74.39,1.91
2026-09-17 04:58:25.151168,LINE-2-PACKAGING,74.41,2.12
2026-09-17 04:59:25.151168,LINE-2-PACKAGING,73.44,1.93
2026-09-17 05:00:25.151168,LINE-2-PACKAGING,74.31,1.83
2026-09-17 05:01:25.151168,LINE-2-PACKAGING,75.83,1.86
2026-09-17 05:02:25.151168,LINE-2-PACKAGING,74.8,2.36
2026-09-17 05:03:25.151168,LINE-2-PACKAGING,74.04,2.04
2026-09-17 05:04:25.151168,LINE-2-PACKAGING,75.98,2.13
2026-09-17 05:05:25.151168,LINE-2-PACKAGING,74.06,2.01
2026-09-17 05:06:25.151168,LINE-2-PACKAGING,75.26,2.03
2026-09-17 05:07:25.151168,LINE-2-PACKAGING,75.8,1.94
2026-09-17 05:08:25.151168,LINE-2-PACKAGING,77.74,2.02
2026-09-17 05:09:25.151168,LINE-2-PACKAGING,75.42,2.04
2026-09-17 05:10:25.151168,LINE-2-PACKAGING,76.24,1.79
2026-09-17 05:11:25.151168,LINE-2-PACKAGING,75.49,2.08
2026-09-17 05:12:25.151168,LINE-2-PACKAGING,76.91,2.21
2026-09-17 05:13:25.151168,LINE-2-PACKAGING,76.28,1.93
2026-09-17 05:14:25.151168,LINE-2-PACKAGING,74.98,2.01
2026-09-17 05:15:25.151168,LINE-2-PACKAGING,74.14,1.93
2026-09-17 05:16:25.151168,LINE-2-PACKAGING,74.65,1.89
2026-09-17 05:17:25.151168,LINE-2-PACKAGING,73.8,1.75
2026-09-17 05:18:25.151168,LINE-2-PACKAGING,74.45,2.08
2026-09-17 05:19:25.151168,LINE-2-PACKAGING,75.34,2.24
2026-09-17 05:20:25.151168,LINE-2-PACKAGING,73.31,1.9
2026-09-17 05:21:25.151168,LINE-2-PACKAGING,75.93,2.05
2026-09-17 05:22:25.151168,LINE-2-PACKAGING,74.63,2.0
2026-09-17 05:23:25.151168,LINE-2-PACKAGING,76.56,1.81
2026-09-17 05:24:25.151168,LINE-2-PACKAGING,73.87,1.9
2026-09-17 05:25:25.151168,LINE-2-PACKAGING,74.8,1.89
2026-09-17 05:26:25.151168,LINE-2-PACKAGING,74.65,2.11
2026-09-17 05:27:25.151168,LINE-2-PACKAGING,75.58,2.02
2026-09-17 05:28:25.151168,LINE-2-PACKAGING,75.84,1.74
2026-09-17 05:29:25.151168,LINE-2-PACKAGING,74.62,1.73
2026-09-17 05:30:25.151168,LINE-2-PACKAGING,74.26,1.93
2026-09-17 05:31:25.151168,LINE-2-PACKAGING,75.36,2.28
2026-09-17 05:32:25.151168,LINE-2-PACKAGING,74.65,2.02
2026-09-17 05:33:25.151168,LINE-2-PACKAGING,75.98,1.94
2026-09-17 05:34:25.151168,LINE-2-PACKAGING,75.7,1.89
2026-09-17 05:35:25.151168,LINE-2-PACKAGING,73.59,1.75
2026-09-17 05:36:25.151168,LINE-2-PACKAGING,73.67,2.18
2026-09-17 05:37:25.151168,LINE-2-PACKAGING,73.36,1.99
2026-09-17 05:38:25.151168,LINE-2-PACKAGING,74.02,1.72
2026-09-17 05:39:25.151168,LINE-2-PACKAGING,76.23,1.85
2026-09-17 05:40:25.151168,LINE-2-PACKAGING,74.25,2.22
2026-09-17 05:41:25.151168,LINE-2-PACKAGING,74.3,1.92
2026-09-17 05:42:25.151168,LINE-2-PACKAGING,75.05,1.89
2026-09-17 05:43:25.151168,LINE-2-PACKAGING,75.72,2.07
2026-09-17 05:44:25.151168,LINE-2-PACKAGING,74.53,2.15
2026-09-17 05:45:25.151168,LINE-2-PACKAGING,76.96,2.07
2026-09-17 05:46:25.151168,LINE-2-PACKAGING,76.2,2.1
2026-09-17 05:47:25.151168,LINE-2-PACKAGING,74.45,1.67
2026-09-17 05:48:25.151168,LINE-2-PACKAGING,75.65,2.22
2026-09-17 05:49:25.151168,LINE-2-PACKAGING,74.72,2.14
2026-09-17 05:50:25.151168,LINE-2-PACKAGING,74.77,2.13
2026-09-17 05:51:25.151168,LINE-2-PACKAGING,75.62,2.05
2026-09-17 05:52:25.151168,LINE-2-PACKAGING,74.37,2.05
2026-09-17 05:53:25.151168,LINE-2-PACKAGING,73.74,1.94
2026-09-17 05:54:25.151168,LINE-2-PACKAGING,74.61,2.13
2026-09-17 05:55:25.151168,LINE-2-PACKAGING,74.31,1.88
2026-09-17 05:56:25.151168,LINE-2-PACKAGING,75.68,2.22
2026-09-17 05:57:25.151168,LINE-2-PACKAGING,75.06,2.17
2026-09-17 05:58:25.151168,LINE-2-PACKAGING,75.92,2.06
2026-09-17 05:59:25.151168,LINE-2-PACKAGING,76.31,1.94
2026-09-17 06:00:25.151168,LINE-2-PACKAGING,75.05,1.88
2026-09-17 06:01:25.151168,LINE-2-PACKAGING,75.47,1.72
2026-09-17 06:02:25.151168,LINE-2-PACKAGING,74.0,2.08
2026-09-17 06:03:25.151168,LINE-2-PACKAGING,75.27,2.23
2026-09-17 06:04:25.151168,LINE-2-PACKAGING,74.81,1.99
2026-09-17 06:05:25.151168,LINE-2-PACKAGING,73.61,2.15
2026-09-17 06:06:25.151168,LINE-2-PACKAGING,74.19,1.87
2026-09-17 06:07:25.151168,LINE-2-PACKAGING,74.92,2.0
2026-09-17 06:08:25.151168,LINE-2-PACKAGING,75.56,2.3
2026-09-17 06:09:25.151168,LINE-2-PACKAGING,72.61,1.72
2026-09-17 06:10:25.151168,LINE-2-PACKAGING,76.64,2.26
2026-09-17 06:11:25.151168,LINE-2-PACKAGING,73.46,2.13
2026-09-17 06:12:25.151168,LINE-2-PACKAGING,75.11,2.05
2026-09-17 06:13:25.151168,LINE-2-PACKAGING,75.3,1.98
2026-09-17 06:14:25.151168,LINE-2-PACKAGING,74.69,1.99
2026-09-17 06:15:25.151168,LINE-2-PACKAGING,75.19,1.98
2026-09-17 06:16:25.151168,LINE-2-PACKAGING,74.67,2.23
2026-09-17 06:17:25.151168,LINE-2-PACKAGING,74.63,1.92
2026-09-17 06:18:25.151168,LINE-2-PACKAGING,74.2,2.05
2026-09-17 06:19:25.151168,LINE-2-PACKAGING,72.44,2.06
2026-09-17 06:20:25.151168,LINE-2-PACKAGING,75.7,2.08
2026-09-17 06:21:25.151168,LINE-2-PACKAGING,75.14,2.02
2026-09-17 06:22:25.151168,LINE-2-PACKAGING,74.62,2.16
2026-09-17 06:23:25.151168,LINE-2-PACKAGING,74.93,1.66
2026-09-17 06:24:25.151168,LINE-2-PACKAGING,74.79,1.95
2026-09-17 06:25:25.151168,LINE-2-PACKAGING,75.9,1.71
2026-09-17 06:26:25.151168,LINE-2-PACKAGING,73.33,1.9
2026-09-17 06:27:25.151168,LINE-2-PACKAGING,75.6,1.97
2026-09-17 06:28:25.151168,LINE-2-PACKAGING,74.84,2.04
2026-09-17 06:29:25.151168,LINE-2-PACKAGING,73.78,2.03
2026-09-17 06:30:25.151168,LINE-2-PACKAGING,73.39,1.78
2026-09-17 06:31:25.151168,LINE-2-PACKAGING,75.23,1.91
2026-09-17 06:32:25.151168,LINE-2-PACKAGING,75.95,2.06
2026-09-17 06:33:25.151168,LINE-2-PACKAGING,76.67,2.17
2026-09-17 06:34:25.151168,LINE-2-PACKAGING,73.43,2.04
2026-09-17 06:35:25.151168,LINE-2-PACKAGING,73.63,1.8
2026-09-17 06:36:25.151168,LINE-2-PACKAGING,75.24,2.15
2026-09-17 06:37:25.151168,LINE-2-PACKAGING,75.27,1.91
2026-09-17 06:38:25.151168,LINE-2-PACKAGING,75.65,2.1
2026-09-17 06:39:25.151168,LINE-2-PACKAGING,76.43,2.01
2026-09-17 06:40:25.151168,LINE-2-PACKAGING,76.82,1.89
2026-09-17 06:41:25.151168,LINE-2-PACKAGING,74.4,2.1
2026-09-17 06:42:25.151168,LINE-2-PACKAGING,73.97,1.94
2026-09-17 06:43:25.151168,LINE-2-PACKAGING,75.91,2.01
2026-09-17 06:44:25.151168,LINE-2-PACKAGING,74.69,2.01
2026-09-17 06:45:25.151168,LINE-2-PACKAGING,75.14,1.85
2026-09-17 06:46:25.151168,LINE-2-PACKAGING,75.58,2.04
2026-09-17 06:47:25.151168,LINE-2-PACKAGING,73.92,2.07
2026-09-17 06:48:25.151168,LINE-2-PACKAGING,74.39,2.24
2026-09-17 06:49:25.151168,LINE-2-PACKAGING,75.28,1.84
2026-09-17 06:50:25.151168,LINE-2-PACKAGING,73.26,1.98
2026-09-17 06:51:25.151168,LINE-2-PACKAGING,76.99,1.74
2026-09-17 06:52:25.151168,LINE-2-PACKAGING,75.08,2.01
2026-09-17 06:53:25.151168,LINE-2-PACKAGING,75.15,2.08
2026-09-17 06:54:25.151168,LINE-2-PACKAGING,73.79,1.72
2026-09-17 06:55:25.151168,LINE-2-PACKAGING,75.03,1.87
2026-09-17 06:56:25.151168,LINE-2-PACKAGING,75.52,2.3
2026-09-17 06:57:25.151168,LINE-2-PACKAGING,74.54,1.97
2026-09-17 06:58:25.151168,LINE-2-PACKAGING,73.78,1.96
2026-09-17 06:59:25.151168,LINE-2-PACKAGING,76.05,2.05
2026-09-17 07:00:25.151168,LINE-2-PACKAGING,75.54,1.92
2026-09-17 07:01:25.151168,LINE-2-PACKAGING,74.78,1.83
2026-09-17 07:02:25.151168,LINE-2-PACKAGING,73.22,2.06
2026-09-17 07:03:25.151168,LINE-2-PACKAGING,73.4,2.05
2026-09-17 07:04:25.151168,LINE-2-PACKAGING,75.62,2.28
2026-09-17 07:05:25.151168,LINE-2-PACKAGING,75.1,2.15
2026-09-17 07:06:25.151168,LINE-2-PACKAGING,73.34,2.02
2026-09-17 07:07:25.151168,LINE-2-PACKAGING,75.88,2.0
2026-09-17 07:08:25.151168,LINE-2-PACKAGING,74.76,1.82
2026-09-17 07:09:25.151168,LINE-2-PACKAGING,77.04,1.85
2026-09-17 07:10:25.151168,LINE-2-PACKAGING,76.14,1.92
2026-09-17 07:11:25.151168,LINE-2-PACKAGING,74.3,2.23
2026-09-17 07:12:25.151168,LINE-2-PACKAGING,73.96,2.01
2026-09-17 07:13:25.151168,LINE-2-PACKAGING,76.03,1.9
2026-09-17 07:14:25.151168,LINE-2-PACKAGING,74.92,1.87
2026-09-17 07:15:25.151168,LINE-2-PACKAGING,73.99,1.89
2026-09-17 07:16:25.151168,LINE-2-PACKAGING,75.46,2.04
2026-09-17 07:17:25.151168,LINE-2-PACKAGING,74.36,2.08
2026-09-17 07:18:25.151168,LINE-2-PACKAGING,75.67,2.01
2026-09-17 07:19:25.151168,LINE-2-PACKAGING,73.47,2.01
2026-09-17 07:20:25.151168,LINE-2-PACKAGING,74.44,1.96
2026-09-17 07:21:25.151168,LINE-2-PACKAGING,74.6,1.68
2026-09-17 07:22:25.151168,LINE-2-PACKAGING,75.77,2.26
2026-09-17 07:23:25.151168,LINE-2-PACKAGING,73.93,1.95
2026-09-17 07:24:25.151168,LINE-2-PACKAGING,74.27,2.1
2026-09-17 07:25:25.151168,LINE-2-PACKAGING,74.94,1.74
2026-09-17 07:26:25.151168,LINE-2-PACKAGING,74.89,2.03
2026-09-17 07:27:25.151168,LINE-2-PACKAGING,76.25,1.91
2026-09-17 07:28:25.151168,LINE-2-PACKAGING,73.91,1.85
2026-09-17 07:29:25.151168,LINE-2-PACKAGING,74.97,2.15
2026-09-17 07:30:25.151168,LINE-2-PACKAGING,73.02,2.38
2026-09-17 07:31:25.151168,LINE-2-PACKAGING,73.09,1.88
2026-09-17 07:32:25.151168,LINE-2-PACKAGING,74.48,1.9
2026-09-17 07:33:25.151168,LINE-2-PACKAGING,71.82,2.15
2026-09-17 07:34:25.151168,LINE-2-PACKAGING,74.46,2.09
2026-09-17 07:35:25.151168,LINE-2-PACKAGING,75.23,1.98
2026-09-17 07:36:25.151168,LINE-2-PACKAGING,76.03,1.95
2026-09-17 07:37:25.151168,LINE-2-PACKAGING,75.97,2.07
2026-09-17 07:38:25.151168,LINE-2-PACKAGING,74.66,1.99
2026-09-17 07:39:25.151168,LINE-2-PACKAGING,75.09,1.96
2026-09-17 07:40:25.151168,LINE-2-PACKAGING,77.03,1.98
2026-09-17 07:41:25.151168,LINE-2-PACKAGING,71.71,1.76
2026-09-17 07:42:25.151168,LINE-2-PACKAGING,75.34,2.01
2026-09-17 07:43:25.151168,LINE-2-PACKAGING,75.91,2.1
2026-09-17 07:44:25.151168,LINE-2-PACKAGING,74.52,1.71
2026-09-17 07:45:25.151168,LINE-2-PACKAGING,75.59,2.26
2026-09-17 07:46:25.151168,LINE-2-PACKAGING,77.54,1.73
2026-09-17 07:47:25.151168,LINE-2-PACKAGING,73.88,1.88
2026-09-17 07:48:25.151168,LINE-2-PACKAGING,75.09,2.21
2026-09-17 07:49:25.151168,LINE-2-PACKAGING,76.56,1.69
2026-09-17 07:50:25.151168,LINE-2-PACKAGING,74.62,1.76
2026-09-17 07:51:25.151168,LINE-2-PACKAGING,75.65,1.81
2026-09-17 07:52:25.151168,LINE-2-PACKAGING,76.21,1.94
2026-09-17 07:53:25.151168,LINE-2-PACKAGING,74.88,2.15
2026-09-17 07:54:25.151168,LINE-2-PACKAGING,75.48,1.85
2026-09-17 07:55:25.151168,LINE-2-PACKAGING,74.99,1.75
2026-09-17 07:56:25.151168,LINE-2-PACKAGING,74.72,1.67
2026-09-17 07:57:25.151168,LINE-2-PACKAGING,74.06,2.1
2026-09-17 07:58:25.151168,LINE-2-PACKAGING,72.4,1.87
2026-09-17 07:59:25.151168,LINE-2-PACKAGING,73.76,2.11
2026-09-17 08:00:25.151168,LINE-2-PACKAGING,75.26,2.01
2026-09-17 08:01:25.151168,LINE-2-PACKAGING,76.84,2.05
2026-09-17 08:02:25.151168,LINE-2-PACKAGING,76.27,2.11
2026-09-17 08:03:25.151168,LINE-2-PACKAGING,74.42,2.05
2026-09-17 08:04:25.151168,LINE-2-PACKAGING,74.17,1.87
2026-09-17 08:05:25.151168,LINE-2-PACKAGING,73.55,1.93
2026-09-17 08:06:25.151168,LINE-2-PACKAGING,74.99,2.01
2026-09-17 08:07:25.151168,LINE-2-PACKAGING,75.86,2.25
2026-09-17 08:08:25.151168,LINE-2-PACKAGING,75.5,2.09
2026-09-17 08:09:25.151168,LINE-2-PACKAGING,75.57,1.94
2026-09-17 08:10:25.151168,LINE-2-PACKAGING,74.79,1.84
2026-09-17 08:11:25.151168,LINE-2-PACKAGING,75.62,1.94
2026-09-17 08:12:25.151168,LINE-2-PACKAGING,74.65,2.23
2026-09-17 08:13:25.151168,LINE-2-PACKAGING,75.92,1.96
2026-09-17 08:14:25.151168,LINE-2-PACKAGING,74.55,2.14
2026-09-17 08:15:25.151168,LINE-2-PACKAGING,75.13,2.17
2026-09-17 08:16:25.151168,LINE-2-PACKAGING,72.67,2.07
2026-09-17 08:17:25.151168,LINE-2-PACKAGING,74.11,2.1
2026-09-17 08:18:25.151168,LINE-2-PACKAGING,75.07,1.97
2026-09-17 08:19:25.151168,LINE-2-PACKAGING,73.59,1.79
2026-09-17 08:20:25.151168,LINE-2-PACKAGING,74.13,2.03
2026-09-17 08:21:25.151168,LINE-2-PACKAGING,75.0,2.12
2026-09-17 08:22:25.151168,LINE-2-PACKAGING,75.59,1.91
2026-09-17 08:23:25.151168,LINE-2-PACKAGING,74.6,2.0
2026-09-17 08:24:25.151168,LINE-2-PACKAGING,76.54,1.93
2026-09-17 08:25:25.151168,LINE-2-PACKAGING,75.19,2.06
2026-09-17 08:26:25.151168,LINE-2-PACKAGING,75.71,2.2
2026-09-17 08:27:25.151168,LINE-2-PACKAGING,75.75,2.02
2026-09-17 08:28:25.151168,LINE-2-PACKAGING,74.68,1.94
2026-09-17 08:29:25.151168,LINE-2-PACKAGING,75.28,1.83
2026-09-17 08:30:25.151168,LINE-2-PACKAGING,74.16,1.99
2026-09-17 08:31:25.151168,LINE-2-PACKAGING,74.28,2.08
2026-09-17 08:32:25.151168,LINE-2-PACKAGING,75.27,2.02
2026-09-17 08:33:25.151168,LINE-2-PACKAGING,75.92,2.08
2026-09-17 08:34:25.151168,LINE-2-PACKAGING,74.35,1.98
2026-09-17 08:35:25.151168,LINE-2-PACKAGING,76.95,1.9
2026-09-17 08:36:25.151168,LINE-2-PACKAGING,74.5,2.06
2026-09-17 08:37:25.151168,LINE-2-PACKAGING,76.38,1.93
2026-09-17 08:38:25.151168,LINE-2-PACKAGING,74.73,2.27
2026-09-17 08:39:25.151168,LINE-2-PACKAGING,73.99,1.89
2026-09-17 08:40:25.151168,LINE-2-PACKAGING,74.16,2.0
2026-09-17 08:41:25.151168,LINE-2-PACKAGING,74.87,2.19
2026-09-17 08:42:25.151168,LINE-2-PACKAGING,73.32,1.98
2026-09-17 08:43:25.151168,LINE-2-PACKAGING,76.08,1.84
2026-09-17 08:44:25.151168,LINE-2-PACKAGING,75.69,1.98
2026-09-17 08:45:25.151168,LINE-2-PACKAGING,76.29,2.13
2026-09-17 08:46:25.151168,LINE-2-PACKAGING,73.65,1.94
2026-09-17 08:47:25.151168,LINE-2-PACKAGING,75.41,2.07
2026-09-17 08:48:25.151168,LINE-2-PACKAGING,74.68,2.1
2026-09-17 08:49:25.151168,LINE-2-PACKAGING,74.05,1.77
2026-09-17 08:50:25.151168,LINE-2-PACKAGING,76.63,2.17
2026-09-17 08:51:25.151168,LINE-2-PACKAGING,74.87,1.92
2026-09-17 08:52:25.151168,LINE-2-PACKAGING,75.41,1.9
2026-09-17 08:53:25.151168,LINE-2-PACKAGING,72.32,1.8
2026-09-17 08:54:25.151168,LINE-2-PACKAGING,75.3,1.88
2026-09-17 08:55:25.151168,LINE-2-PACKAGING,74.53,1.95
2026-09-17 08:56:25.151168,LINE-2-PACKAGING,74.63,2.0
2026-09-17 08:57:25.151168,LINE-2-PACKAGING,74.33,2.01
2026-09-17 08:58:25.151168,LINE-2-PACKAGING,74.07,2.1
2026-09-17 08:59:25.151168,LINE-2-PACKAGING,73.58,2.16
2026-09-17 09:00:25.151168,LINE-2-PACKAGING,74.85,2.01
2026-09-17 09:01:25.151168,LINE-2-PACKAGING,74.84,1.93
2026-09-17 09:02:25.151168,LINE-2-PACKAGING,75.71,2.18
2026-09-17 09:03:25.151168,LINE-2-PACKAGING,71.71,2.03
2026-09-17 09:04:25.151168,LINE-2-PACKAGING,75.41,1.73
2026-09-17 09:05:25.151168,LINE-2-PACKAGING,73.73,2.09
2026-09-17 09:06:25.151168,LINE-2-PACKAGING,73.36,1.91
2026-09-17 09:07:25.151168,LINE-2-PACKAGING,74.77,2.04
2026-09-17 09:08:25.151168,LINE-2-PACKAGING,74.06,2.17
2026-09-17 09:09:25.151168,LINE-2-PACKAGING,77.02,2.32
2026-09-17 09:10:25.151168,LINE-2-PACKAGING,74.42,2.16
2026-09-17 09:11:25.151168,LINE-2-PACKAGING,75.1,1.98
2026-09-17 09:12:25.151168,LINE-2-PACKAGING,73.9,2.01
2026-09-17 09:13:25.151168,LINE-2-PACKAGING,76.09,1.68
2026-09-17 09:14:25.151168,LINE-2-PACKAGING,75.31,1.86
2026-09-17 09:15:25.151168,LINE-2-PACKAGING,85.76,2.39
2026-09-17 09:16:25.151168,LINE-2-PACKAGING,87.06,2.33
2026-09-17 09:17:25.151168,LINE-2-PACKAGING,85.6,2.7
2026-09-17 09:18:25.151168,LINE-2-PACKAGING,86.03,2.24
2026-09-17 09:19:25.151168,LINE-2-PACKAGING,87.1,2.58
2026-09-17 09:20:25.151168,LINE-2-PACKAGING,86.24,2.16
2026-09-17 09:21:25.151168,LINE-2-PACKAGING,83.96,2.61
2026-09-17 09:22:25.151168,LINE-2-PACKAGING,85.83,2.42
2026-09-17 09:23:25.151168,LINE-2-PACKAGING,86.4,2.33
2026-09-17 09:24:25.151168,LINE-2-PACKAGING,86.14,2.37
2026-09-17 09:25:25.151168,LINE-2-PACKAGING,87.42,2.49
2026-09-17 09:26:25.151168,LINE-2-PACKAGING,86.05,2.52
2026-09-17 09:27:25.151168,LINE-2-PACKAGING,86.02,2.47
2026-09-17 09:28:25.151168,LINE-2-PACKAGING,86.98,2.54
2026-09-17 09:29:25.151168,LINE-2-PACKAGING,87.6,2.39
2026-09-17 09:30:25.151168,LINE-2-PACKAGING,88.48,2.35
2026-09-17 09:31:25.151168,LINE-2-PACKAGING,85.73,2.29
2026-09-17 09:32:25.151168,LINE-2-PACKAGING,85.51,2.47
2026-09-17 09:33:25.151168,LINE-2-PACKAGING,86.65,2.38
2026-09-17 09:34:25.151168,LINE-2-PACKAGING,87.45,2.55
2026-09-17 09:35:25.151168,LINE-2-PACKAGING,87.41,2.88
2026-09-17 09:36:25.151168,LINE-2-PACKAGING,86.95,2.67
2026-09-17 09:37:25.151168,LINE-2-PACKAGING,86.42,2.33
2026-09-17 09:38:25.151168,LINE-2-PACKAGING,85.23,2.33
2026-09-17 09:39:25.151168,LINE-2-PACKAGING,85.74,2.23
2026-09-17 09:40:25.151168,LINE-2-PACKAGING,86.92,2.31
2026-09-17 09:41:25.151168,LINE-2-PACKAGING,83.64,2.63
2026-09-17 09:42:25.151168,LINE-2-PACKAGING,87.07,2.29
2026-09-17 09:43:25.151168,LINE-2-PACKAGING,85.62,2.42
2026-09-17 09:44:25.151168,LINE-2-PACKAGING,85.33,2.32
2026-09-17 09:45:25.151168,LINE-2-PACKAGING,86.94,2.37
2026-09-17 09:46:25.151168,LINE-2-PACKAGING,86.69,2.28
2026-09-17 09:47:25.151168,LINE-2-PACKAGING,85.08,2.51
2026-09-17 09:48:25.151168,LINE-2-PACKAGING,86.89,2.24
2026-09-17 09:49:25.151168,LINE-2-PACKAGING,88.48,2.41
2026-09-17 09:50:25.151168,LINE-2-PACKAGING,86.9,2.48
2026-09-17 09:51:25.151168,LINE-2-PACKAGING,87.3,2.46
2026-09-17 09:52:25.151168,LINE-2-PACKAGING,86.83,2.45
2026-09-17 09:53:25.151168,LINE-2-PACKAGING,83.99,2.19
2026-09-17 09:54:25.151168,LINE-2-PACKAGING,87.27,2.52
2026-09-17 09:55:25.151168,LINE-2-PACKAGING,86.22,2.38
2026-09-17 09:56:25.151168,LINE-2-PACKAGING,85.82,2.5
2026-09-17 09:57:25.151168,LINE-2-PACKAGING,87.76,2.37
2026-09-17 09:58:25.151168,LINE-2-PACKAGING,86.34,2.44
2026-09-17 09:59:25.151168,LINE-2-PACKAGING,85.37,2.28
2026-09-17 10:00:25.151168,LINE-2-PACKAGING,86.57,2.49
2026-09-17 10:01:25.151168,LINE-2-PACKAGING,87.58,2.59
2026-09-17 10:02:25.151168,LINE-2-PACKAGING,86.18,2.46
2026-09-17 10:03:25.151168,LINE-2-PACKAGING,84.31,2.48
2026-09-17 10:04:25.151168,LINE-2-PACKAGING,87.03,2.37
2026-09-17 10:05:25.151168,LINE-2-PACKAGING,86.18,2.26
2026-09-17 10:06:25.151168,LINE-2-PACKAGING,86.14,2.48
2026-09-17 10:07:25.151168,LINE-2-PACKAGING,86.33,2.45
2026-09-17 10:08:25.151168,LINE-2-PACKAGING,85.99,2.6
2026-09-17 10:09:25.151168,LINE-2-PACKAGING,86.7,2.63
2026-09-17 10:10:25.151168,LINE-2-PACKAGING,84.61,2.42
2026-09-17 10:11:25.151168,LINE-2-PACKAGING,85.47,2.29
2026-09-17 10:12:25.151168,LINE-2-PACKAGING,87.02,2.3
2026-09-17 10:13:25.151168,LINE-2-PACKAGING,86.14,2.57
2026-09-17 10:14:25.151168,LINE-2-PACKAGING,86.71,2.89
2026-09-17 10:15:25.151168,LINE-2-PACKAGING,88.6,2.48
2026-09-17 10:16:25.151168,LINE-2-PACKAGING,86.87,2.47
2026-09-17 10:17:25.151168,LINE-2-PACKAGING,86.29,2.2
2026-09-17 10:18:25.151168,LINE-2-PACKAGING,87.52,2.51
2026-09-17 10:19:25.151168,LINE-2-PACKAGING,86.2,2.47
2026-09-17 10:20:25.151168,LINE-2-PACKAGING,85.71,2.36
2026-09-17 10:21:25.151168,LINE-2-PACKAGING,86.37,2.31
2026-09-17 10:22:25.151168,LINE-2-PACKAGING,87.01,2.51
2026-09-17 10:23:25.151168,LINE-2-PACKAGING,87.88,2.37
2026-09-17 10:24:25.151168,LINE-2-PACKAGING,87.59,2.71
2026-09-17 10:25:25.151168,LINE-2-PACKAGING,86.02,2.37
2026-09-17 10:26:25.151168,LINE-2-PACKAGING,86.65,2.54
2026-09-17 10:27:25.151168,LINE-2-PACKAGING,87.25,2.42
2026-09-17 10:28:25.151168,LINE-2-PACKAGING,85.67,2.34
2026-09-17 10:29:25.151168,LINE-2-PACKAGING,87.32,2.41
2026-09-17 10:30:25.151168,LINE-2-PACKAGING,87.41,2.49
2026-09-17 10:31:25.151168,LINE-2-PACKAGING,86.16,2.61
2026-09-17 10:32:25.151168,LINE-2-PACKAGING,87.69,2.35
2026-09-17 10:33:25.151168,LINE-2-PACKAGING,86.09,2.51
2026-09-17 10:34:25.151168,LINE-2-PACKAGING,87.78,2.33
2026-09-17 10:35:25.151168,LINE-2-PACKAGING,86.33,2.33
2026-09-17 10:36:25.151168,LINE-2-PACKAGING,86.62,2.1
2026-09-17 10:37:25.151168,LINE-2-PACKAGING,87.08,2.38
2026-09-17 10:38:25.151168,LINE-2-PACKAGING,85.59,2.17
2026-09-17 10:39:25.151168,LINE-2-PACKAGING,85.2,2.61
2026-09-17 10:40:25.151168,LINE-2-PACKAGING,85.53,2.25
2026-09-17 10:41:25.151168,LINE-2-PACKAGING,87.06,2.48
2026-09-17 10:42:25.151168,LINE-2-PACKAGING,88.14,2.32
2026-09-17 10:43:25.151168,LINE-2-PACKAGING,87.44,2.27
2026-09-17 10:44:25.151168,LINE-2-PACKAGING,84.07,2.45
2026-09-17 10:45:25.151168,LINE-2-PACKAGING,85.22,2.35
2026-09-17 10:46:25.151168,LINE-2-PACKAGING,85.21,2.3
2026-09-17 10:47:25.151168,LINE-2-PACKAGING,87.03,2.4
2026-09-17 10:48:25.151168,LINE-2-PACKAGING,85.78,2.3
2026-09-17 10:49:25.151168,LINE-2-PACKAGING,85.28,2.7
2026-09-17 10:50:25.151168,LINE-2-PACKAGING,87.46,2.1
2026-09-17 10:51:25.151168,LINE-2-PACKAGING,86.63,2.25
2026-09-17 10:52:25.151168,LINE-2-PACKAGING,86.06,2.27
2026-09-17 10:53:25.151168,LINE-2-PACKAGING,85.7,2.27
2026-09-17 10:54:25.151168,LINE-2-PACKAGING,85.04,2.42
2026-09-17 10:55:25.151168,LINE-2-PACKAGING,86.02,2.43
2026-09-17 10:56:25.151168,LINE-2-PACKAGING,85.61,2.35
2026-09-17 10:57:25.151168,LINE-2-PACKAGING,87.21,2.34
2026-09-17 10:58:25.151168,LINE-2-PACKAGING,85.29,2.36
2026-09-17 10:59:25.151168,LINE-2-PACKAGING,88.71,2.55
2026-09-17 11:00:25.151168,LINE-2-PACKAGING,87.11,2.2
2026-09-17 11:01:25.151168,LINE-2-PACKAGING,84.77,2.38
2026-09-17 11:02:25.151168,LINE-2-PACKAGING,86.75,2.44
2026-09-17 11:03:25.151168,LINE-2-PACKAGING,85.91,2.26
2026-09-17 11:04:25.151168,LINE-2-PACKAGING,85.9,2.29
2026-09-17 11:05:25.151168,LINE-2-PACKAGING,86.35,2.51
2026-09-17 11:06:25.151168,LINE-2-PACKAGING,85.98,2.21
2026-09-17 11:07:25.151168,LINE-2-PACKAGING,84.29,2.57
2026-09-17 11:08:25.151168,LINE-2-PACKAGING,86.59,2.0
2026-09-17 11:09:25.151168,LINE-2-PACKAGING,83.88,2.42
2026-09-17 11:10:25.151168,LINE-2-PACKAGING,85.1,2.13
2026-09-17 11:11:25.151168,LINE-2-PACKAGING,85.48,2.28
2026-09-17 11:12:25.151168,LINE-2-PACKAGING,86.49,2.34
2026-09-17 11:13:25.151168,LINE-2-PACKAGING,87.18,2.16
2026-09-17 11:14:25.151168,LINE-2-PACKAGING,85.8,2.29
2026-09-17 11:15:25.151168,LINE-2-PACKAGING,85.93,2.38
2026-09-17 11:16:25.151168,LINE-2-PACKAGING,87.87,2.37
2026-09-17 11:17:25.151168,LINE-2-PACKAGING,86.29,2.19
2026-09-17 11:18:25.151168,LINE-2-PACKAGING,85.55,2.29
2026-09-17 11:19:25.151168,LINE-2-PACKAGING,86.59,2.38
2026-09-17 11:20:25.151168,LINE-2-PACKAGING,85.2,2.11
2026-09-17 11:21:25.151168,LINE-2-PACKAGING,84.84,2.07
2026-09-17 11:22:25.151168,LINE-2-PACKAGING,85.65,2.31
2026-09-17 11:23:25.151168,LINE-2-PACKAGING,87.08,2.41
2026-09-17 11:24:25.151168,LINE-2-PACKAGING,86.84,2.47
2026-09-17 11:25:25.151168,LINE-2-PACKAGING,85.01,2.48
2026-09-17 11:26:25.151168,LINE-2-PACKAGING,84.82,2.37
2026-09-17 11:27:25.151168,LINE-2-PACKAGING,84.64,2.36
2026-09-17 11:28:25.151168,LINE-2-PACKAGING,84.41,2.71
2026-09-17 11:29:25.151168,LINE-2-PACKAGING,86.45,2.36
2026-09-17 11:30:25.151168,LINE-2-PACKAGING,87.15,2.41
2026-09-17 11:31:25.151168,LINE-2-PACKAGING,85.92,2.38
2026-09-17 11:32:25.151168,LINE-2-PACKAGING,85.84,2.39
2026-09-17 11:33:25.151168,LINE-2-PACKAGING,86.71,2.49
2026-09-17 11:34:25.151168,LINE-2-PACKAGING,86.56,2.27
2026-09-17 11:35:25.151168,LINE-2-PACKAGING,87.31,2.43
2026-09-17 11:36:25.151168,LINE-2-PACKAGING,86.34,2.18
2026-09-17 11:37:25.151168,LINE-2-PACKAGING,86.04,2.56
2026-09-17 11:38:25.151168,LINE-2-PACKAGING,84.86,2.56
2026-09-17 11:39:25.151168,LINE-2-PACKAGING,87.01,2.52
2026-09-17 11:40:25.151168,LINE-2-PACKAGING,85.57,2.34
2026-09-17 11:41:25.151168,LINE-2-PACKAGING,85.51,2.57
2026-09-17 11:42:25.151168,LINE-2-PACKAGING,87.16,2.33
2026-09-17 11:43:25.151168,LINE-2-PACKAGING,85.84,2.35
2026-09-17 11:44:25.151168,LINE-2-PACKAGING,84.81,2.52
2026-09-17 11:45:25.151168,LINE-2-PACKAGING,84.54,2.19
2026-09-17 11:46:25.151168,LINE-2-PACKAGING,86.64,2.47
2026-09-17 11:47:25.151168,LINE-2-PACKAGING,86.24,2.51
2026-09-17 11:48:25.151168,LINE-2-PACKAGING,86.65,2.3
2026-09-17 11:49:25.151168,LINE-2-PACKAGING,86.3,2.26
2026-09-17 11:50:25.151168,LINE-2-PACKAGING,86.92,2.38
2026-09-17 11:51:25.151168,LINE-2-PACKAGING,85.48,2.26
2026-09-17 11:52:25.151168,LINE-2-PACKAGING,85.1,2.42
2026-09-17 11:53:25.151168,LINE-2-PACKAGING,85.81,2.49
2026-09-17 11:54:25.151168,LINE-2-PACKAGING,84.87,2.33
2026-09-17 11:55:25.151168,LINE-2-PACKAGING,86.38,2.44
2026-09-17 11:56:25.151168,LINE-2-PACKAGING,86.54,2.4
2026-09-17 11:57:25.151168,LINE-2-PACKAGING,87.54,2.61
2026-09-17 11:58:25.151168,LINE-2-PACKAGING,86.12,2.47
2026-09-17 11:59:25.151168,LINE-2-PACKAGING,86.52,2.38
2026-09-17 12:00:25.151168,LINE-2-PACKAGING,84.81,2.2
2026-09-17 12:01:25.151168,LINE-2-PACKAGING,87.76,2.39
2026-09-17 12:02:25.151168,LINE-2-PACKAGING,85.41,2.32
2026-09-17 12:03:25.151168,LINE-2-PACKAGING,85.11,2.31
2026-09-17 12:04:25.151168,LINE-2-PACKAGING,86.23,2.3
2026-09-17 12:05:25.151168,LINE-2-PACKAGING,84.87,2.4
2026-09-17 12:06:25.151168,LINE-2-PACKAGING,85.39,2.48
2026-09-17 12:07:25.151168,LINE-2-PACKAGING,85.16,2.25
2026-09-17 12:08:25.151168,LINE-2-PACKAGING,84.49,2.5
2026-09-17 12:09:25.151168,LINE-2-PACKAGING,85.88,2.59
2026-09-17 12:10:25.151168,LINE-2-PACKAGING,87.8,2.25
2026-09-17 12:11:25.151168,LINE-2-PACKAGING,87.96,2.43
2026-09-17 12:12:25.151168,LINE-2-PACKAGING,85.88,2.4
2026-09-17 12:13:25.151168,LINE-2-PACKAGING,86.03,2.44
2026-09-17 12:14:25.151168,LINE-2-PACKAGING,86.55,2.28
2026-09-17 12:15:25.151168,LINE-2-PACKAGING,86.01,2.27
2026-09-17 12:16:25.151168,LINE-2-PACKAGING,88.0,2.54
2026-09-17 12:17:25.151168,LINE-2-PACKAGING,83.41,2.43
2026-09-17 12:18:25.151168,LINE-2-PACKAGING,86.27,2.2
2026-09-17 12:19:25.151168,LINE-2-PACKAGING,87.33,2.27
2026-09-17 12:20:25.151168,LINE-2-PACKAGING,87.45,2.22
2026-09-17 12:21:25.151168,LINE-2-PACKAGING,85.92,2.57
2026-09-17 12:22:25.151168,LINE-2-PACKAGING,86.12,2.33
2026-09-17 12:23:25.151168,LINE-2-PACKAGING,85.56,2.2
2026-09-17 12:24:25.151168,LINE-2-PACKAGING,87.58,2.38
2026-09-17 12:25:25.151168,LINE-2-PACKAGING,86.3,2.57
2026-09-17 12:26:25.151168,LINE-2-PACKAGING,84.84,2.31
2026-09-17 12:27:25.151168,LINE-2-PACKAGING,84.36,2.46
2026-09-17 12:28:25.151168,LINE-2-PACKAGING,86.58,2.67
2026-09-17 12:29:25.151168,LINE-2-PACKAGING,87.57,2.51
2026-09-17 12:30:25.151168,LINE-2-PACKAGING,88.49,2.53
2026-09-17 12:31:25.151168,LINE-2-PACKAGING,86.27,2.48
2026-09-17 12:32:25.151168,LINE-2-PACKAGING,87.4,2.49
2026-09-17 12:33:25.151168,LINE-2-PACKAGING,86.96,2.52
2026-09-17 12:34:25.151168,LINE-2-PACKAGING,87.71,2.11
2026-09-17 12:35:25.151168,LINE-2-PACKAGING,85.7,2.21
2026-09-17 12:36:25.151168,LINE-2-PACKAGING,86.19,2.28
2026-09-17 12:37:25.151168,LINE-2-PACKAGING,86.89,2.58
2026-09-17 12:38:25.151168,LINE-2-PACKAGING,85.8,2.31
2026-09-17 12:39:25.151168,LINE-2-PACKAGING,86.51,2.25
2026-09-17 12:40:25.151168,LINE-2-PACKAGING,83.91,2.31
2026-09-17 12:41:25.151168,LINE-2-PACKAGING,86.03,2.6
2026-09-17 12:42:25.151168,LINE-2-PACKAGING,84.66,2.3
2026-09-17 12:43:25.151168,LINE-2-PACKAGING,86.28,2.53
2026-09-17 12:44:25.151168,LINE-2-PACKAGING,84.85,2.36
2026-09-17 12:45:25.151168,LINE-2-PACKAGING,87.31,2.41
2026-09-17 12:46:25.151168,LINE-2-PACKAGING,84.25,2.47
2026-09-17 12:47:25.151168,LINE-2-PACKAGING,86.0,2.43
2026-09-17 12:48:25.151168,LINE-2-PACKAGING,86.01,2.28
2026-09-17 12:49:25.151168,LINE-2-PACKAGING,86.25,2.31
2026-09-17 12:50:25.151168,LINE-2-PACKAGING,86.39,2.54
2026-09-17 12:51:25.151168,LINE-2-PACKAGING,86.6,2.41
2026-09-17 12:52:25.151168,LINE-2-PACKAGING,83.96,2.59
2026-09-17 12:53:25.151168,LINE-2-PACKAGING,87.03,2.15
2026-09-17 12:54:25.151168,LINE-2-PACKAGING,86.75,2.6
2026-09-17 12:55:25.151168,LINE-2-PACKAGING,85.77,2.22
2026-09-17 12:56:25.151168,LINE-2-PACKAGING,85.05,2.32
2026-09-17 12:57:25.151168,LINE-2-PACKAGING,86.17,2.48
2026-09-17 12:58:25.151168,LINE-2-PACKAGING,85.07,2.37
2026-09-17 12:59:25.151168,LINE-2-PACKAGING,85.08,2.11
2026-09-17 13:00:25.151168,LINE-2-PACKAGING,87.32,2.54
2026-09-17 13:01:25.151168,LINE-2-PACKAGING,86.19,2.2
2026-09-17 13:02:25.151168,LINE-2-PACKAGING,87.09,2.14
2026-09-17 13:03:25.151168,LINE-2-PACKAGING,88.48,2.25
2026-09-17 13:04:25.151168,LINE-2-PACKAGING,86.67,2.2
2026-09-17 13:05:25.151168,LINE-2-PACKAGING,86.78,2.33
2026-09-17 13:06:25.151168,LINE-2-PACKAGING,85.59,2.38
2026-09-17 13:07:25.151168,LINE-2-PACKAGING,85.28,2.45
2026-09-17 13:08:25.151168,LINE-2-PACKAGING,85.94,2.3
2026-09-17 13:09:25.151168,LINE-2-PACKAGING,87.45,2.52
2026-09-17 13:10:25.151168,LINE-2-PACKAGING,85.9,2.26
2026-09-17 13:11:25.151168,LINE-2-PACKAGING,85.62,2.14
2026-09-17 13:12:25.151168,LINE-2-PACKAGING,86.18,2.07
2026-09-17 13:13:25.151168,LINE-2-PACKAGING,86.65,2.4
2026-09-17 13:14:25.151168,LINE-2-PACKAGING,86.12,2.19
2026-09-17 13:15:25.151168,LINE-2-PACKAGING,84.67,2.49
2026-09-17 13:16:25.151168,LINE-2-PACKAGING,85.33,2.31
2026-09-17 13:17:25.151168,LINE-2-PACKAGING,86.09,2.47
2026-09-17 13:18:25.151168,LINE-2-PACKAGING,86.98,2.71
2026-09-17 13:19:25.151168,LINE-2-PACKAGING,87.49,2.26
2026-09-17 13:20:25.151168,LINE-2-PACKAGING,84.88,2.65
2026-09-17 13:21:25.151168,LINE-2-PACKAGING,86.31,2.29
2026-09-17 13:22:25.151168,LINE-2-PACKAGING,86.91,2.21
2026-09-17 13:23:25.151168,LINE-2-PACKAGING,85.94,2.23
2026-09-17 13:24:25.151168,LINE-2-PACKAGING,86.45,2.12
2026-09-17 13:25:25.151168,LINE-2-PACKAGING,87.02,2.35
2026-09-17 13:26:25.151168,LINE-2-PACKAGING,85.73,2.48
2026-09-17 13:27:25.151168,LINE-2-PACKAGING,87.43,2.42
2026-09-17 13:28:25.151168,LINE-2-PACKAGING,86.98,2.5
2026-09-17 13:29:25.151168,LINE-2-PACKAGING,87.34,2.53
2026-09-17 13:30:25.151168,LINE-2-PACKAGING,84.4,2.39
2026-09-17 13:31:25.151168,LINE-2-PACKAGING,87.5,2.28
2026-09-17 13:32:25.151168,LINE-2-PACKAGING,88.17,2.63
2026-09-17 13:33:25.151168,LINE-2-PACKAGING,87.51,2.37
2026-09-17 13:34:25.151168,LINE-2-PACKAGING,87.18,2.52
2026-09-17 13:35:25.151168,LINE-2-PACKAGING,86.47,2.42
2026-09-17 13:36:25.151168,LINE-2-PACKAGING,86.53,2.41
2026-09-17 13:37:25.151168,LINE-2-PACKAGING,85.6,2.39
2026-09-17 13:38:25.151168,LINE-2-PACKAGING,86.42,2.44
2026-09-17 13:39:25.151168,LINE-2-PACKAGING,87.79,2.2
2026-09-17 13:40:25.151168,LINE-2-PACKAGING,86.47,2.36
2026-09-17 13:41:25.151168,LINE-2-PACKAGING,85.65,2.05
2026-09-17 13:42:25.151168,LINE-2-PACKAGING,87.03,2.26
2026-09-17 13:43:25.151168,LINE-2-PACKAGING,85.29,2.2
2026-09-17 13:44:25.151168,LINE-2-PACKAGING,87.3,2.64
2026-09-17 13:45:25.151168,LINE-2-PACKAGING,85.69,2.7
2026-09-17 13:46:25.151168,LINE-2-PACKAGING,85.86,2.35
2026-09-17 13:47:25.151168,LINE-2-PACKAGING,86.5,2.2
2026-09-17 13:48:25.151168,LINE-2-PACKAGING,87.03,2.14
2026-09-17 13:49:25.151168,LINE-2-PACKAGING,86.77,2.35
2026-09-17 13:50:25.151168,LINE-2-PACKAGING,87.29,2.62
2026-09-17 13:51:25.151168,LINE-2-PACKAGING,87.97,2.37
2026-09-17 13:52:25.151168,LINE-2-PACKAGING,86.53,2.7
2026-09-17 13:53:25.151168,LINE-2-PACKAGING,85.88,2.18
2026-09-17 13:54:25.151168,LINE-2-PACKAGING,86.95,2.24
2026-09-17 13:55:25.151168,LINE-2-PACKAGING,85.6,2.48
2026-09-17 13:56:25.151168,LINE-2-PACKAGING,86.71,2.32
2026-09-17 13:57:25.151168,LINE-2-PACKAGING,89.42,2.65
2026-09-17 13:58:25.151168,LINE-2-PACKAGING,85.57,2.08
2026-09-17 13:59:25.151168,LINE-2-PACKAGING,86.67,2.54
2026-09-17 14:00:25.151168,LINE-2-PACKAGING,87.53,2.51
2026-09-17 14:01:25.151168,LINE-2-PACKAGING,86.94,2.63
2026-09-17 14:02:25.151168,LINE-2-PACKAGING,88.96,2.3
2026-09-17 14:03:25.151168,LINE-2-PACKAGING,86.76,2.24
2026-09-17 14:04:25.151168,LINE-2-PACKAGING,87.27,2.48
2026-09-17 14:05:25.151168,LINE-2-PACKAGING,87.27,2.45
2026-09-17 14:06:25.151168,LINE-2-PACKAGING,88.02,2.48
2026-09-17 14:07:25.151168,LINE-2-PACKAGING,87.32,2.18
2026-09-17 14:08:25.151168,LINE-2-PACKAGING,87.61,2.49
2026-09-17 14:09:25.151168,LINE-2-PACKAGING,83.89,2.49
2026-09-17 14:10:25.151168,LINE-2-PACKAGING,85.08,2.4
2026-09-17 14:11:25.151168,LINE-2-PACKAGING,86.65,2.49
2026-09-17 14:12:25.151168,LINE-2-PACKAGING,85.04,2.51
2026-09-17 14:13:25.151168,LINE-2-PACKAGING,86.11,2.31
2026-09-17 14:14:25.151168,LINE-2-PACKAGING,85.68,2.25
2026-09-17 14:15:25.151168,LINE-2-PACKAGING,89.17,2.43
2026-09-17 14:16:25.151168,LINE-2-PACKAGING,75.33,2.11
2026-09-17 14:17:25.151168,LINE-2-PACKAGING,75.65,2.05
2026-09-17 14:18:25.151168,LINE-2-PACKAGING,73.72,2.03
2026-09-17 14:19:25.151168,LINE-2-PACKAGING,75.35,1.86
2026-09-17 14:20:25.151168,LINE-2-PACKAGING,76.32,1.91
2026-09-17 14:21:25.151168,LINE-2-PACKAGING,73.96,1.86
2026-09-17 14:22:25.151168,LINE-2-PACKAGING,74.31,1.91
2026-09-17 14:23:25.151168,LINE-2-PACKAGING,74.68,2.31
2026-09-17 14:24:25.151168,LINE-2-PACKAGING,73.7,1.98
2026-09-17 14:25:25.151168,LINE-2-PACKAGING,76.26,1.85
2026-09-17 14:26:25.151168,LINE-2-PACKAGING,76.17,2.34
2026-09-17 14:27:25.151168,LINE-2-PACKAGING,74.65,2.05
2026-09-17 14:28:25.151168,LINE-2-PACKAGING,73.4,1.94
2026-09-17 14:29:25.151168,LINE-2-PACKAGING,73.82,1.68
2026-09-17 14:30:25.151168,LINE-2-PACKAGING,74.27,1.9
2026-09-17 14:31:25.151168,LINE-2-PACKAGING,75.42,1.75
2026-09-17 14:32:25.151168,LINE-2-PACKAGING,75.17,2.11
2026-09-17 14:33:25.151168,LINE-2-PACKAGING,76.34,1.98
2026-09-17 14:34:25.151168,LINE-2-PACKAGING,75.69,1.93
2026-09-17 14:35:25.151168,LINE-2-PACKAGING,74.33,2.22
2026-09-17 14:36:25.151168,LINE-2-PACKAGING,74.04,2.07
2026-09-17 14:37:25.151168,LINE-2-PACKAGING,74.49,1.87
2026-09-17 14:38:25.151168,LINE-2-PACKAGING,74.94,2.13
2026-09-17 14:39:25.151168,LINE-2-PACKAGING,73.8,1.97
2026-09-17 14:40:25.151168,LINE-2-PACKAGING,73.92,1.91
2026-09-17 14:41:25.151168,LINE-2-PACKAGING,75.33,1.92
2026-09-17 14:42:25.151168,LINE-2-PACKAGING,74.08,1.96
2026-09-17 14:43:25.151168,LINE-2-PACKAGING,77.24,2.09
2026-09-17 14:44:25.151168,LINE-2-PACKAGING,75.56,2.02
2026-09-17 14:45:25.151168,LINE-2-PACKAGING,74.87,1.86
2026-09-17 14:46:25.151168,LINE-2-PACKAGING,75.23,2.24
2026-09-17 14:47:25.151168,LINE-2-PACKAGING,73.58,1.96
2026-09-17 14:48:25.151168,LINE-2-PACKAGING,75.93,1.93
2026-09-17 14:49:25.151168,LINE-2-PACKAGING,76.1,1.94
2026-09-17 14:50:25.151168,LINE-2-PACKAGING,74.97,1.85
2026-09-17 14:51:25.151168,LINE-2-PACKAGING,75.64,2.28
2026-09-17 14:52:25.151168,LINE-2-PACKAGING,75.63,2.04
2026-09-17 14:53:25.151168,LINE-2-PACKAGING,76.14,2.0
2026-09-17 14:54:25.151168,LINE-2-PACKAGING,74.38,1.91
2026-09-17 14:55:25.151168,LINE-2-PACKAGING,75.43,1.88
2026-09-17 14:56:25.151168,LINE-2-PACKAGING,75.47,1.98
2026-09-17 14:57:25.151168,LINE-2-PACKAGING,75.51,2.2
2026-09-17 14:58:25.151168,LINE-2-PACKAGING,73.51,1.65
2026-09-17 14:59:25.151168,LINE-2-PACKAGING,74.71,2.17
2026-09-17 15:00:25.151168,LINE-2-PACKAGING,74.34,2.2
2026-09-17 15:01:25.151168,LINE-2-PACKAGING,76.27,2.22
2026-09-17 15:02:25.151168,LINE-2-PACKAGING,75.1,1.96
2026-09-17 15:03:25.151168,LINE-2-PACKAGING,76.68,1.83
2026-09-17 15:04:25.151168,LINE-2-PACKAGING,74.6,2.39
2026-09-17 15:05:25.151168,LINE-2-PACKAGING,74.77,1.86
2026-09-17 15:06:25.151168,LINE-2-PACKAGING,75.3,2.25
2026-09-17 15:07:25.151168,LINE-2-PACKAGING,74.74,1.78
2026-09-17 15:08:25.151168,LINE-2-PACKAGING,75.5,2.13
2026-09-17 15:09:25.151168,LINE-2-PACKAGING,74.49,1.81
2026-09-17 15:10:25.151168,LINE-2-PACKAGING,75.56,2.08
2026-09-17 15:11:25.151168,LINE-2-PACKAGING,75.75,1.98
2026-09-17 15:12:25.151168,LINE-2-PACKAGING,74.87,1.77
2026-09-17 15:13:25.151168,LINE-2-PACKAGING,74.77,2.23
2026-09-17 15:14:25.151168,LINE-2-PACKAGING,75.89,1.84
2026-09-17 15:15:25.151168,LINE-2-PACKAGING,74.11,1.88
2026-09-17 15:16:25.151168,LINE-2-PACKAGING,76.01,2.01
2026-09-17 15:17:25.151168,LINE-2-PACKAGING,74.6,1.94
2026-09-17 15:18:25.151168,LINE-2-PACKAGING,77.14,2.23
2026-09-17 15:19:25.151168,LINE-2-PACKAGING,74.22,1.86
2026-09-17 15:20:25.151168,LINE-2-PACKAGING,74.77,1.92
2026-09-17 15:21:25.151168,LINE-2-PACKAGING,73.77,1.73
2026-09-17 15:22:25.151168,LINE-2-PACKAGING,75.95,2.07
2026-09-17 15:23:25.151168,LINE-2-PACKAGING,75.65,2.05
2026-09-17 15:24:25.151168,LINE-2-PACKAGING,75.81,2.17
2026-09-17 15:25:25.151168,LINE-2-PACKAGING,75.87,2.13
2026-09-17 15:26:25.151168,LINE-2-PACKAGING,75.27,1.95
2026-09-17 15:27:25.151168,LINE-2-PACKAGING,74.92,1.85
2026-09-17 15:28:25.151168,LINE-2-PACKAGING,74.23,2.06
2026-09-17 15:29:25.151168,LINE-2-PACKAGING,74.76,2.14
2026-09-17 15:30:25.151168,LINE-2-PACKAGING,74.95,1.9
2026-09-17 15:31:25.151168,LINE-2-PACKAGING,76.46,1.79
2026-09-17 15:32:25.151168,LINE-2-PACKAGING,74.09,1.83
2026-09-17 15:33:25.151168,LINE-2-PACKAGING,75.85,2.07
2026-09-17 15:34:25.151168,LINE-2-PACKAGING,76.04,2.15
2026-09-17 15:35:25.151168,LINE-2-PACKAGING,73.37,2.03
2026-09-17 15:36:25.151168,LINE-2-PACKAGING,75.42,1.97
2026-09-17 15:37:25.151168,LINE-2-PACKAGING,74.83,1.72
2026-09-17 15:38:25.151168,LINE-2-PACKAGING,73.64,2.22
2026-09-17 15:39:25.151168,LINE-2-PACKAGING,74.6,2.1
2026-09-17 15:40:25.151168,LINE-2-PACKAGING,74.95,2.02
2026-09-17 15:41:25.151168,LINE-2-PACKAGING,75.42,1.9
2026-09-17 15:42:25.151168,LINE-2-PACKAGING,74.49,1.8
2026-09-17 15:43:25.151168,LINE-2-PACKAGING,74.99,1.78
2026-09-17 15:44:25.151168,LINE-2-PACKAGING,73.55,2.03
2026-09-17 15:45:25.151168,LINE-2-PACKAGING,75.5,2.1
2026-09-17 15:46:25.151168,LINE-2-PACKAGING,73.33,1.96
2026-09-17 15:47:25.151168,LINE-2-PACKAGING,75.74,2.0
2026-09-17 15:48:25.151168,LINE-2-PACKAGING,73.69,1.97
2026-09-17 15:49:25.151168,LINE-2-PACKAGING,74.2,2.13
2026-09-17 15:50:25.151168,LINE-2-PACKAGING,74.96,1.97
2026-09-17 15:51:25.151168,LINE-2-PACKAGING,74.82,2.24
2026-09-17 15:52:25.151168,LINE-2-PACKAGING,74.87,1.89
2026-09-17 15:53:25.151168,LINE-2-PACKAGING,75.76,2.13
2026-09-17 15:54:25.151168,LINE-2-PACKAGING,75.91,2.17
2026-09-17 15:55:25.151168,LINE-2-PACKAGING,74.07,2.11
2026-09-17 15:56:25.151168,LINE-2-PACKAGING,74.79,2.05
2026-09-17 15:57:25.151168,LINE-2-PACKAGING,75.34,1.95
2026-09-17 15:58:25.151168,LINE-2-PACKAGING,75.3,2.05
2026-09-17 15:59:25.151168,LINE-2-PACKAGING,74.41,1.9
2026-09-17 16:00:25.151168,LINE-2-PACKAGING,75.16,2.02
2026-09-17 16:01:25.151168,LINE-2-PACKAGING,73.61,2.0
2026-09-17 16:02:25.151168,LINE-2-PACKAGING,76.72,2.17
2026-09-17 16:03:25.151168,LINE-2-PACKAGING,75.51,1.99
2026-09-17 16:04:25.151168,LINE-2-PACKAGING,75.65,1.97
2026-09-17 16:05:25.151168,LINE-2-PACKAGING,74.53,1.84
2026-09-17 16:06:25.151168,LINE-2-PACKAGING,77.86,2.12
2026-09-17 16:07:25.151168,LINE-2-PACKAGING,74.78,2.1
2026-09-17 16:08:25.151168,LINE-2-PACKAGING,75.1,2.32
2026-09-17 16:09:25.151168,LINE-2-PACKAGING,73.96,1.88
2026-09-17 16:10:25.151168,LINE-2-PACKAGING,74.73,2.24
2026-09-17 16:11:25.151168,LINE-2-PACKAGING,73.54,2.15
2026-09-17 16:12:25.151168,LINE-2-PACKAGING,75.72,2.1
2026-09-17 16:13:25.151168,LINE-2-PACKAGING,74.89,1.92
2026-09-17 16:14:25.151168,LINE-2-PACKAGING,75.84,1.95
2026-09-17 16:15:25.151168,LINE-2-PACKAGING,75.39,1.92
2026-09-17 16:16:25.151168,LINE-2-PACKAGING,75.4,1.72
2026-09-17 16:17:25.151168,LINE-2-PACKAGING,75.32,2.29
2026-09-17 16:18:25.151168,LINE-2-PACKAGING,77.44,1.75
2026-09-17 16:19:25.151168,LINE-2-PACKAGING,74.41,2.16
2026-09-17 16:20:25.151168,LINE-2-PACKAGING,74.69,1.86
2026-09-17 16:21:25.151168,LINE-2-PACKAGING,76.01,1.95
2026-09-17 16:22:25.151168,LINE-2-PACKAGING,74.14,1.98
2026-09-17 16:23:25.151168,LINE-2-PACKAGING,75.47,2.1
2026-09-17 16:24:25.151168,LINE-2-PACKAGING,75.56,2.24
2026-09-17 16:25:25.151168,LINE-2-PACKAGING,75.82,2.04
2026-09-17 16:26:25.151168,LINE-2-PACKAGING,75.63,2.08
2026-09-17 16:27:25.151168,LINE-2-PACKAGING,76.16,2.05
2026-09-17 16:28:25.151168,LINE-2-PACKAGING,76.12,2.29
2026-09-17 16:29:25.151168,LINE-2-PACKAGING,76.28,1.87
2026-09-17 16:30:25.151168,LINE-2-PACKAGING,74.1,1.91
2026-09-17 16:31:25.151168,LINE-2-PACKAGING,74.76,1.98
2026-09-17 16:32:25.151168,LINE-2-PACKAGING,76.22,2.06
2026-09-17 16:33:25.151168,LINE-2-PACKAGING,75.48,2.14
2026-09-17 16:34:25.151168,LINE-2-PACKAGING,75.29,2.05
2026-09-17 16:35:25.151168,LINE-2-PACKAGING,74.5,2.34
2026-09-17 16:36:25.151168,LINE-2-PACKAGING,74.58,2.02
2026-09-17 16:37:25.151168,LINE-2-PACKAGING,74.99,1.9
2026-09-17 16:38:25.151168,LINE-2-PACKAGING,74.79,1.98
2026-09-17 16:39:25.151168,LINE-2-PACKAGING,74.9,1.94
2026-09-17 16:40:25.151168,LINE-2-PACKAGING,76.48,2.22
2026-09-17 16:41:25.151168,LINE-2-PACKAGING,76.11,1.92
2026-09-17 16:42:25.151168,LINE-2-PACKAGING,74.71,2.09
2026-09-17 16:43:25.151168,LINE-2-PACKAGING,74.38,2.25
2026-09-17 16:44:25.151168,LINE-2-PACKAGING,74.59,1.88
2026-09-17 16:45:25.151168,LINE-2-PACKAGING,76.65,1.76
2026-09-17 16:46:25.151168,LINE-2-PACKAGING,75.17,1.91
2026-09-17 16:47:25.151168,LINE-2-PACKAGING,75.71,2.15
2026-09-17 16:48:25.151168,LINE-2-PACKAGING,76.49,2.03
2026-09-17 16:49:25.151168,LINE-2-PACKAGING,74.54,2.13
2026-09-17 16:50:25.151168,LINE-2-PACKAGING,75.96,1.95
2026-09-17 16:51:25.151168,LINE-2-PACKAGING,76.52,1.76
2026-09-17 16:52:25.151168,LINE-2-PACKAGING,74.9,1.87
2026-09-17 16:53:25.151168,LINE-2-PACKAGING,76.19,1.94
2026-09-17 16:54:25.151168,LINE-2-PACKAGING,74.83,1.55
2026-09-17 16:55:25.151168,LINE-2-PACKAGING,75.4,2.09
2026-09-17 16:56:25.151168,LINE-2-PACKAGING,74.74,2.06
2026-09-17 16:57:25.151168,LINE-2-PACKAGING,75.0,1.92
2026-09-17 16:58:25.151168,LINE-2-PACKAGING,74.02,2.09
2026-09-17 16:59:25.151168,LINE-2-PACKAGING,74.78,1.87
2026-09-17 17:00:25.151168,LINE-2-PACKAGING,74.53,2.2
2026-09-17 17:01:25.151168,LINE-2-PACKAGING,74.05,2.06
2026-09-17 17:02:25.151168,LINE-2-PACKAGING,73.69,2.09
2026-09-17 17:03:25.151168,LINE-2-PACKAGING,75.31,1.99
2026-09-17 17:04:25.151168,LINE-2-PACKAGING,73.71,1.88
2026-09-17 17:05:25.151168,LINE-2-PACKAGING,74.91,2.14
2026-09-17 17:06:25.151168,LINE-2-PACKAGING,76.02,2.02
2026-09-17 17:07:25.151168,LINE-2-PACKAGING,76.16,1.6
2026-09-17 17:08:25.151168,LINE-2-PACKAGING,76.08,1.82
2026-09-17 17:09:25.151168,LINE-2-PACKAGING,75.4,2.11
2026-09-17 17:10:25.151168,LINE-2-PACKAGING,74.78,1.99
2026-09-17 17:11:25.151168,LINE-2-PACKAGING,73.44,2.07
2026-09-17 17:12:25.151168,LINE-2-PACKAGING,75.76,2.02
2026-09-17 17:13:25.151168,LINE-2-PACKAGING,74.04,1.9
2026-09-17 17:14:25.151168,LINE-2-PACKAGING,75.77,1.88
2026-09-17 17:15:25.151168,LINE-2-PACKAGING,75.47,1.88
2026-09-17 17:16:25.151168,LINE-2-PACKAGING,75.19,2.13
2026-09-17 17:17:25.151168,LINE-2-PACKAGING,75.73,2.0
2026-09-17 17:18:25.151168,LINE-2-PACKAGING,75.64,1.91
2026-09-17 17:19:25.151168,LINE-2-PACKAGING,75.08,2.03
2026-09-17 17:20:25.151168,LINE-2-PACKAGING,73.73,2.13
2026-09-17 17:21:25.151168,LINE-2-PACKAGING,75.2,2.14
2026-09-17 17:22:25.151168,LINE-2-PACKAGING,76.06,1.52
2026-09-17 17:23:25.151168,LINE-2-PACKAGING,73.3,1.84
2026-09-17 17:24:25.151168,LINE-2-PACKAGING,76.42,2.01
2026-09-17 17:25:25.151168,LINE-2-PACKAGING,76.72,1.86
2026-09-17 17:26:25.151168,LINE-2-PACKAGING,76.22,2.27
2026-09-17 17:27:25.151168,LINE-2-PACKAGING,73.52,2.23
2026-09-17 17:28:25.151168,LINE-2-PACKAGING,74.0,2.0
2026-09-17 17:29:25.151168,LINE-2-PACKAGING,73.43,1.96
2026-09-17 17:30:25.151168,LINE-2-PACKAGING,76.04,1.98
2026-09-17 17:31:25.151168,LINE-2-PACKAGING,74.75,1.87
2026-09-17 17:32:25.151168,LINE-2-PACKAGING,74.72,2.25
2026-09-17 17:33:25.151168,LINE-2-PACKAGING,74.49,1.79
2026-09-17 17:34:25.151168,LINE-2-PACKAGING,75.37,2.02
2026-09-17 17:35:25.151168,LINE-2-PACKAGING,75.68,1.76
2026-09-17 17:36:25.151168,LINE-2-PACKAGING,74.21,1.9
2026-09-17 17:37:25.151168,LINE-2-PACKAGING,75.57,1.9
2026-09-17 17:38:25.151168,LINE-2-PACKAGING,76.24,1.9
2026-09-17 17:39:25.151168,LINE-2-PACKAGING,74.85,2.02
2026-09-17 17:40:25.151168,LINE-2-PACKAGING,76.05,1.97
2026-09-17 17:41:25.151168,LINE-2-PACKAGING,74.77,1.94
2026-09-17 17:42:25.151168,LINE-2-PACKAGING,75.96,2.33
2026-09-17 17:43:25.151168,LINE-2-PACKAGING,74.47,2.22
2026-09-17 17:44:25.151168,LINE-2-PACKAGING,75.26,2.03
2026-09-17 17:45:25.151168,LINE-2-PACKAGING,73.8,2.18
2026-09-17 17:46:25.151168,LINE-2-PACKAGING,75.16,2.11
2026-09-17 17:47:25.151168,LINE-2-PACKAGING,75.1,2.02
2026-09-17 17:48:25.151168,LINE-2-PACKAGING,73.86,2.12
2026-09-17 17:49:25.151168,LINE-2-PACKAGING,75.82,1.87
2026-09-17 17:50:25.151168,LINE-2-PACKAGING,74.93,1.81
2026-09-17 17:51:25.151168,LINE-2-PACKAGING,75.07,2.04
2026-09-17 17:52:25.151168,LINE-2-PACKAGING,73.9,1.97
2026-09-17 17:53:25.151168,LINE-2-PACKAGING,74.33,2.3
2026-09-17 17:54:25.151168,LINE-2-PACKAGING,75.39,2.26
2026-09-17 17:55:25.151168,LINE-2-PACKAGING,74.7,2.05
2026-09-17 17:56:25.151168,LINE-2-PACKAGING,73.28,2.06
2026-09-17 17:57:25.151168,LINE-2-PACKAGING,75.37,2.21
2026-09-17 17:58:25.151168,LINE-2-PACKAGING,74.22,2.2
2026-09-17 17:59:25.151168,LINE-2-PACKAGING,74.47,1.83
2026-09-17 18:00:25.151168,LINE-2-PACKAGING,76.39,1.94
2026-09-17 18:01:25.151168,LINE-2-PACKAGING,73.28,2.17
2026-09-17 18:02:25.151168,LINE-2-PACKAGING,75.46,2.08
2026-09-17 18:03:25.151168,LINE-2-PACKAGING,75.18,1.84
2026-09-17 18:04:25.151168,LINE-2-PACKAGING,75.38,1.96
2026-09-17 18:05:25.151168,LINE-2-PACKAGING,74.93,1.83
2026-09-17 18:06:25.151168,LINE-2-PACKAGING,75.84,1.55
2026-09-17 18:07:25.151168,LINE-2-PACKAGING,75.27,1.9
2026-09-17 18:08:25.151168,LINE-2-PACKAGING,73.85,1.92
2026-09-17 18:09:25.151168,LINE-2-PACKAGING,75.33,1.91
2026-09-17 18:10:25.151168,LINE-2-PACKAGING,75.94,1.99
2026-09-17 18:11:25.151168,LINE-2-PACKAGING,75.58,2.1
2026-09-17 18:12:25.151168,LINE-2-PACKAGING,75.38,2.15
2026-09-17 18:13:25.151168,LINE-2-PACKAGING,75.89,2.11
2026-09-17 18:14:25.151168,LINE-2-PACKAGING,72.93,1.98
2026-09-17 18:15:25.151168,LINE-2-PACKAGING,74.99,1.65
2026-09-17 18:16:25.151168,LINE-2-PACKAGING,73.8,1.85
2026-09-17 18:17:25.151168,LINE-2-PACKAGING,74.98,2.02
2026-09-17 18:18:25.151168,LINE-2-PACKAGING,74.27,1.98
2026-09-17 18:19:25.151168,LINE-2-PACKAGING,75.84,2.14
2026-09-17 18:20:25.151168,LINE-2-PACKAGING,74.4,1.77
2026-09-17 18:21:25.151168,LINE-2-PACKAGING,73.28,1.96
2026-09-17 18:22:25.151168,LINE-2-PACKAGING,74.41,2.13
2026-09-17 18:23:25.151168,LINE-2-PACKAGING,76.22,2.03
2026-09-17 18:24:25.151168,LINE-2-PACKAGING,74.68,1.93
2026-09-17 18:25:25.151168,LINE-2-PACKAGING,73.03,1.94
2026-09-17 18:26:25.151168,LINE-2-PACKAGING,74.18,1.91
2026-09-17 18:27:25.151168,LINE-2-PACKAGING,77.24,1.94
2026-09-17 18:28:25.151168,LINE-2-PACKAGING,74.64,1.9
2026-09-17 18:29:25.151168,LINE-2-PACKAGING,75.45,2.13
2026-09-17 18:30:25.151168,LINE-2-PACKAGING,75.28,2.08
2026-09-17 18:31:25.151168,LINE-2-PACKAGING,77.08,2.07
2026-09-17 18:32:25.151168,LINE-2-PACKAGING,75.29,1.92
2026-09-17 18:33:25.151168,LINE-2-PACKAGING,73.55,1.75
2026-09-17 18:34:25.151168,LINE-2-PACKAGING,75.0,1.89
2026-09-17 18:35:25.151168,LINE-2-PACKAGING,74.95,1.97
2026-09-17 18:36:25.151168,LINE-2-PACKAGING,76.52,2.33
2026-09-17 18:37:25.151168,LINE-2-PACKAGING,74.18,2.05
2026-09-17 18:38:25.151168,LINE-2-PACKAGING,72.5,1.92
2026-09-17 18:39:25.151168,LINE-2-PACKAGING,76.28,1.96
2026-09-17 18:40:25.151168,LINE-2-PACKAGING,75.12,2.13
2026-09-17 18:41:25.151168,LINE-2-PACKAGING,75.68,1.68
2026-09-17 18:42:25.151168,LINE-2-PACKAGING,75.97,1.76
2026-09-17 18:43:25.151168,LINE-2-PACKAGING,74.71,1.92
2026-09-17 18:44:25.151168,LINE-2-PACKAGING,74.01,2.09
2026-09-17 18:45:25.151168,LINE-2-PACKAGING,73.1,2.13
2026-09-17 18:46:25.151168,LINE-2-PACKAGING,74.18,1.88
2026-09-17 18:47:25.151168,LINE-2-PACKAGING,75.75,2.26
2026-09-17 18:48:25.151168,LINE-2-PACKAGING,76.28,1.89
2026-09-17 18:49:25.151168,LINE-2-PACKAGING,75.5,2.04
2026-09-17 18:50:25.151168,LINE-2-PACKAGING,75.26,2.31
2026-09-17 18:51:25.151168,LINE-2-PACKAGING,75.71,1.82
2026-09-17 18:52:25.151168,LINE-2-PACKAGING,75.34,1.69
2026-09-17 18:53:25.151168,LINE-2-PACKAGING,73.01,2.07
2026-09-17 18:54:25.151168,LINE-2-PACKAGING,75.81,1.96
2026-09-17 18:55:25.151168,LINE-2-PACKAGING,75.42,1.99
2026-09-17 18:56:25.151168,LINE-2-PACKAGING,74.02,2.06
2026-09-17 18:57:25.151168,LINE-2-PACKAGING,72.75,2.0
2026-09-17 18:58:25.151168,LINE-2-PACKAGING,74.56,1.99
2026-09-17 18:59:25.151168,LINE-2-PACKAGING,74.93,2.26
2026-09-17 19:00:25.151168,LINE-2-PACKAGING,73.57,1.96
2026-09-17 19:01:25.151168,LINE-2-PACKAGING,73.28,2.01
2026-09-17 19:02:25.151168,LINE-2-PACKAGING,75.0,2.19
2026-09-17 19:03:25.151168,LINE-2-PACKAGING,75.06,1.94
2026-09-17 19:04:25.151168,LINE-2-PACKAGING,74.63,1.75
2026-09-17 19:05:25.151168,LINE-2-PACKAGING,74.95,1.87
2026-09-17 19:06:25.151168,LINE-2-PACKAGING,74.95,2.06
2026-09-17 19:07:25.151168,LINE-2-PACKAGING,74.82,1.97
2026-09-17 19:08:25.151168,LINE-2-PACKAGING,74.55,1.95
2026-09-17 19:09:25.151168,LINE-2-PACKAGING,74.52,2.0
2026-09-17 19:10:25.151168,LINE-2-PACKAGING,73.82,1.92
2026-09-17 19:11:25.151168,LINE-2-PACKAGING,75.48,1.97
2026-09-17 19:12:25.151168,LINE-2-PACKAGING,74.27,1.99
2026-09-17 19:13:25.151168,LINE-2-PACKAGING,74.57,1.88
2026-09-17 19:14:25.151168,LINE-2-PACKAGING,74.83,2.23
2026-09-17 19:15:25.151168,LINE-2-PACKAGING,73.87,1.91
2026-09-17 19:16:25.151168,LINE-2-PACKAGING,75.42,1.74
2026-09-17 19:17:25.151168,LINE-2-PACKAGING,75.38,1.84
2026-09-17 19:18:25.151168,LINE-2-PACKAGING,76.74,2.21
2026-09-17 19:19:25.151168,LINE-2-PACKAGING,76.06,1.92
2026-09-17 19:20:25.151168,LINE-2-PACKAGING,73.46,2.21
2026-09-17 19:21:25.151168,LINE-2-PACKAGING,75.05,1.99
2026-09-17 19:22:25.151168,LINE-2-PACKAGING,74.05,2.08
2026-09-17 19:23:25.151168,LINE-2-PACKAGING,73.73,2.04
2026-09-17 19:24:25.151168,LINE-2-PACKAGING,75.09,1.89
2026-09-17 19:25:25.151168,LINE-2-PACKAGING,73.26,2.22
2026-09-17 19:26:25.151168,LINE-2-PACKAGING,75.33,1.81
2026-09-17 19:27:25.151168,LINE-2-PACKAGING,75.85,1.83
2026-09-17 19:28:25.151168,LINE-2-PACKAGING,77.24,1.87
2026-09-17 19:29:25.151168,LINE-2-PACKAGING,73.66,1.95
2026-09-17 19:30:25.151168,LINE-2-PACKAGING,75.11,2.04
2026-09-17 19:31:25.151168,LINE-2-PACKAGING,74.84,1.74
2026-09-17 19:32:25.151168,LINE-2-PACKAGING,75.7,1.89
2026-09-17 19:33:25.151168,LINE-2-PACKAGING,73.21,1.92
2026-09-17 19:34:25.151168,LINE-2-PACKAGING,72.73,1.78
2026-09-17 19:35:25.151168,LINE-2-PACKAGING,74.31,2.06
2026-09-17 19:36:25.151168,LINE-2-PACKAGING,76.46,1.99
2026-09-17 19:37:25.151168,LINE-2-PACKAGING,77.17,1.94
2026-09-17 19:38:25.151168,LINE-2-PACKAGING,73.45,1.8
2026-09-17 19:39:25.151168,LINE-2-PACKAGING,75.44,2.01
2026-09-17 19:40:25.151168,LINE-2-PACKAGING,75.4,2.08
2026-09-17 19:41:25.151168,LINE-2-PACKAGING,74.4,1.96
2026-09-17 19:42:25.151168,LINE-2-PACKAGING,74.38,2.05
2026-09-17 19:43:25.151168,LINE-2-PACKAGING,73.94,2.04
2026-09-17 19:44:25.151168,LINE-2-PACKAGING,74.74,1.85
2026-09-17 19:45:25.151168,LINE-2-PACKAGING,74.71,2.04
2026-09-17 19:46:25.151168,LINE-2-PACKAGING,74.39,2.11
2026-09-17 19:47:25.151168,LINE-2-PACKAGING,75.27,2.06
2026-09-17 19:48:25.151168,LINE-2-PACKAGING,73.14,2.04
2026-09-17 19:49:25.151168,LINE-2-PACKAGING,74.83,2.07
2026-09-17 19:50:25.151168,LINE-2-PACKAGING,75.45,1.78
2026-09-17 19:51:25.151168,LINE-2-PACKAGING,74.17,2.14
2026-09-17 19:52:25.151168,LINE-2-PACKAGING,76.35,1.72
2026-09-17 19:53:25.151168,LINE-2-PACKAGING,74.85,1.8
2026-09-17 19:54:25.151168,LINE-2-PACKAGING,73.58,2.0
2026-09-17 19:55:25.151168,LINE-2-PACKAGING,74.4,1.99
2026-09-17 19:56:25.151168,LINE-2-PACKAGING,76.09,1.5
2026-09-17 19:57:25.151168,LINE-2-PACKAGING,75.67,2.16
2026-09-17 19:58:25.151168,LINE-2-PACKAGING,76.1,2.15
2026-09-17 19:59:25.151168,LINE-2-PACKAGING,74.83,1.96
2026-09-17 20:00:25.151168,LINE-2-PACKAGING,73.66,2.07
2026-09-17 20:01:25.151168,LINE-2-PACKAGING,76.51,2.07
2026-09-17 20:02:25.151168,LINE-2-PACKAGING,75.45,1.86
2026-09-17 20:03:25.151168,LINE-2-PACKAGING,75.02,1.99
2026-09-17 20:04:25.151168,LINE-2-PACKAGING,76.09,2.02
2026-09-17 20:05:25.151168,LINE-2-PACKAGING,76.31,2.09
2026-09-17 20:06:25.151168,LINE-2-PACKAGING,75.33,2.29
2026-09-17 20:07:25.151168,LINE-2-PACKAGING,73.21,1.81
2026-09-17 20:08:25.151168,LINE-2-PACKAGING,74.13,2.04
2026-09-17 20:09:25.151168,LINE-2-PACKAGING,75.48,2.23
2026-09-17 20:10:25.151168,LINE-2-PACKAGING,74.51,2.05
2026-09-17 20:11:25.151168,LINE-2-PACKAGING,74.14,1.81
2026-09-17 20:12:25.151168,LINE-2-PACKAGING,75.03,2.2
2026-09-17 20:13:25.151168,LINE-2-PACKAGING,72.31,2.02
2026-09-17 20:14:25.151168,LINE-2-PACKAGING,74.96,2.15
2026-09-17 20:15:25.151168,LINE-2-PACKAGING,74.79,1.73
2026-09-17 20:16:25.151168,LINE-2-PACKAGING,75.53,1.92
2026-09-17 20:17:25.151168,LINE-2-PACKAGING,76.41,2.17
2026-09-17 20:18:25.151168,LINE-2-PACKAGING,74.71,2.08
2026-09-17 20:19:25.151168,LINE-2-PACKAGING,74.39,2.01
2026-09-17 20:20:25.151168,LINE-2-PACKAGING,75.2,2.02
2026-09-17 20:21:25.151168,LINE-2-PACKAGING,74.35,2.0
2026-09-17 20:22:25.151168,LINE-2-PACKAGING,76.37,2.17
2026-09-17 20:23:25.151168,LINE-2-PACKAGING,73.67,2.32
2026-09-17 20:24:25.151168,LINE-2-PACKAGING,76.6,2.16
2026-09-17 20:25:25.151168,LINE-2-PACKAGING,74.29,1.76
2026-09-17 20:26:25.151168,LINE-2-PACKAGING,74.11,2.3
2026-09-17 20:27:25.151168,LINE-2-PACKAGING,76.32,2.16
2026-09-17 20:28:25.151168,LINE-2-PACKAGING,72.93,2.1
2026-09-17 20:29:25.151168,LINE-2-PACKAGING,74.4,2.04
2026-09-17 20:30:25.151168,LINE-2-PACKAGING,74.14,1.9
2026-09-17 20:31:25.151168,LINE-2-PACKAGING,74.74,1.86
2026-09-17 20:32:25.151168,LINE-2-PACKAGING,74.87,1.74
2026-09-17 20:33:25.151168,LINE-2-PACKAGING,76.93,1.74
2026-09-17 20:34:25.151168,LINE-2-PACKAGING,76.12,2.02
2026-09-17 20:35:25.151168,LINE-2-PACKAGING,73.96,1.79
2026-09-17 20:36:25.151168,LINE-2-PACKAGING,74.49,1.85
2026-09-17 20:37:25.151168,LINE-2-PACKAGING,74.58,2.0
2026-09-17 20:38:25.151168,LINE-2-PACKAGING,75.99,2.11
2026-09-17 20:39:25.151168,LINE-2-PACKAGING,73.78,2.33
2026-09-17 20:40:25.151168,LINE-2-PACKAGING,74.36,2.26
2026-09-17 20:41:25.151168,LINE-2-PACKAGING,74.88,1.86
2026-09-17 20:42:25.151168,LINE-2-PACKAGING,75.26,1.94
2026-09-17 20:43:25.151168,LINE-2-PACKAGING,74.1,2.32
2026-09-17 20:44:25.151168,LINE-2-PACKAGING,73.68,2.17
2026-09-17 20:45:25.151168,LINE-2-PACKAGING,76.55,2.14
2026-09-17 20:46:25.151168,LINE-2-PACKAGING,74.63,2.16
2026-09-17 20:47:25.151168,LINE-2-PACKAGING,73.87,2.12
2026-09-17 20:48:25.151168,LINE-2-PACKAGING,75.8,1.82
2026-09-17 20:49:25.151168,LINE-2-PACKAGING,73.21,2.07
2026-09-17 20:50:25.151168,LINE-2-PACKAGING,75.05,1.69
2026-09-17 20:51:25.151168,LINE-2-PACKAGING,75.25,1.94
2026-09-17 20:52:25.151168,LINE-2-PACKAGING,75.01,2.07
2026-09-17 20:53:25.151168,LINE-2-PACKAGING,75.09,2.11
2026-09-17 20:54:25.151168,LINE-2-PACKAGING,75.28,1.81
2026-09-17 20:55:25.151168,LINE-2-PACKAGING,75.13,2.06
2026-09-17 20:56:25.151168,LINE-2-PACKAGING,74.87,1.92
2026-09-17 20:57:25.151168,LINE-2-PACKAGING,74.73,1.86
2026-09-17 20:58:25.151168,LINE-2-PACKAGING,74.92,2.21
2026-09-17 20:59:25.151168,LINE-2-PACKAGING,73.51,2.2
2026-09-17 21:00:25.151168,LINE-2-PACKAGING,76.13,2.01
2026-09-17 21:01:25.151168,LINE-2-PACKAGING,74.28,1.84
2026-09-17 21:02:25.151168,LINE-2-PACKAGING,74.1,1.88
2026-09-17 21:03:25.151168,LINE-2-PACKAGING,75.49,2.06
2026-09-17 21:04:25.151168,LINE-2-PACKAGING,74.42,1.89
2026-09-17 21:05:25.151168,LINE-2-PACKAGING,74.46,2.26
2026-09-17 21:06:25.151168,LINE-2-PACKAGING,75.79,2.26
2026-09-17 21:07:25.151168,LINE-2-PACKAGING,74.07,1.67
2026-09-17 21:08:25.151168,LINE-2-PACKAGING,73.91,2.03
2026-09-17 21:09:25.151168,LINE-2-PACKAGING,75.32,2.07
2026-09-17 21:10:25.151168,LINE-2-PACKAGING,75.23,2.11
2026-09-17 21:11:25.151168,LINE-2-PACKAGING,76.49,2.0
2026-09-17 21:12:25.151168,LINE-2-PACKAGING,73.42,2.11
2026-09-17 21:13:25.151168,LINE-2-PACKAGING,74.64,1.86
2026-09-17 21:14:25.151168,LINE-2-PACKAGING,74.89,1.75
2026-09-17 21:15:25.151168,LINE-2-PACKAGING,76.38,2.22
2026-09-17 21:16:25.151168,LINE-2-PACKAGING,73.91,1.97
2026-09-17 21:17:25.151168,LINE-2-PACKAGING,76.56,2.12
2026-09-17 21:18:25.151168,LINE-2-PACKAGING,74.04,1.9
2026-09-17 21:19:25.151168,LINE-2-PACKAGING,75.9,1.9
2026-09-17 21:20:25.151168,LINE-2-PACKAGING,75.99,1.77
2026-09-17 21:21:25.151168,LINE-2-PACKAGING,74.32,2.26
2026-09-17 21:22:25.151168,LINE-2-PACKAGING,72.87,2.08
2026-09-17 21:23:25.151168,LINE-2-PACKAGING,75.36,2.13
2026-09-17 21:24:25.151168,LINE-2-PACKAGING,73.69,2.2
2026-09-17 21:25:25.151168,LINE-2-PACKAGING,73.99,1.95
2026-09-17 21:26:25.151168,LINE-2-PACKAGING,75.43,1.9
2026-09-17 21:27:25.151168,LINE-2-PACKAGING,76.23,2.33
2026-09-17 21:28:25.151168,LINE-2-PACKAGING,74.37,1.9
2026-09-17 21:29:25.151168,LINE-2-PACKAGING,74.66,1.92
2026-09-17 21:30:25.151168,LINE-2-PACKAGING,76.35,1.78
2026-09-17 21:31:25.151168,LINE-2-PACKAGING,74.89,1.95
2026-09-17 21:32:25.151168,LINE-2-PACKAGING,75.95,1.69
2026-09-17 21:33:25.151168,LINE-2-PACKAGING,73.33,1.89
2026-09-17 21:34:25.151168,LINE-2-PACKAGING,74.55,2.32
2026-09-17 21:35:25.151168,LINE-2-PACKAGING,74.46,2.01
2026-09-17 21:36:25.151168,LINE-2-PACKAGING,76.08,2.07
2026-09-17 21:37:25.151168,LINE-2-PACKAGING,74.75,1.98
2026-09-17 21:38:25.151168,LINE-2-PACKAGING,76.26,1.98
2026-09-17 21:39:25.151168,LINE-2-PACKAGING,76.04,2.01
2026-09-17 21:40:25.151168,LINE-2-PACKAGING,75.15,2.13
2026-09-17 21:41:25.151168,LINE-2-PACKAGING,73.89,2.01
2026-09-17 21:42:25.151168,LINE-2-PACKAGING,74.58,2.18
2026-09-17 21:43:25.151168,LINE-2-PACKAGING,74.56,1.84
2026-09-17 21:44:25.151168,LINE-2-PACKAGING,75.52,2.23
2026-09-17 21:45:25.151168,LINE-2-PACKAGING,74.14,1.72
2026-09-17 21:46:25.151168,LINE-2-PACKAGING,76.07,1.94
2026-09-17 21:47:25.151168,LINE-2-PACKAGING,75.77,2.14
2026-09-17 21:48:25.151168,LINE-2-PACKAGING,75.84,1.96
2026-09-17 21:49:25.151168,LINE-2-PACKAGING,74.79,2.21
2026-09-17 21:50:25.151168,LINE-2-PACKAGING,74.55,2.17
2026-09-17 21:51:25.151168,LINE-2-PACKAGING,74.55,1.83
2026-09-17 21:52:25.151168,LINE-2-PACKAGING,75.75,2.04
2026-09-17 21:53:25.151168,LINE-2-PACKAGING,73.61,1.9
2026-09-17 21:54:25.151168,LINE-2-PACKAGING,75.57,2.16
2026-09-17 21:55:25.151168,LINE-2-PACKAGING,74.97,1.63
2026-09-17 21:56:25.151168,LINE-2-PACKAGING,75.85,2.14
2026-09-17 21:57:25.151168,LINE-2-PACKAGING,72.95,2.13
2026-09-17 21:58:25.151168,LINE-2-PACKAGING,74.9,2.17
2026-09-17 21:59:25.151168,LINE-2-PACKAGING,75.13,1.84
2026-09-17 22:00:25.151168,LINE-2-PACKAGING,75.48,2.46
2026-09-17 22:01:25.151168,LINE-2-PACKAGING,75.2,2.02
2026-09-17 22:02:25.151168,LINE-2-PACKAGING,76.28,2.02
2026-09-17 22:03:25.151168,LINE-2-PACKAGING,74.19,1.9
2026-09-17 22:04:25.151168,LINE-2-PACKAGING,75.39,1.97
2026-09-17 22:05:25.151168,LINE-2-PACKAGING,75.74,2.1
2026-09-17 22:06:25.151168,LINE-2-PACKAGING,74.92,1.98
2026-09-17 22:07:25.151168,LINE-2-PACKAGING,75.13,2.27
2026-09-17 22:08:25.151168,LINE-2-PACKAGING,75.25,1.78
2026-09-17 22:09:25.151168,LINE-2-PACKAGING,74.88,2.2
2026-09-17 22:10:25.151168,LINE-2-PACKAGING,76.7,2.09
2026-09-17 22:11:25.151168,LINE-2-PACKAGING,75.61,1.99
2026-09-17 22:12:25.151168,LINE-2-PACKAGING,74.07,1.97
2026-09-17 22:13:25.151168,LINE-2-PACKAGING,74.39,2.02
2026-09-17 22:14:25.151168,LINE-2-PACKAGING,75.65,1.89
2026-09-17 22:15:25.151168,LINE-2-PACKAGING,75.12,1.94
2026-09-17 22:16:25.151168,LINE-2-PACKAGING,75.44,2.16
2026-09-17 22:17:25.151168,LINE-2-PACKAGING,74.89,2.1
2026-09-17 22:18:25.151168,LINE-2-PACKAGING,75.94,2.21
2026-09-17 22:19:25.151168,LINE-2-PACKAGING,75.39,2.09
2026-09-17 22:20:25.151168,LINE-2-PACKAGING,75.08,2.2
2026-09-17 22:21:25.151168,LINE-2-PACKAGING,75.91,1.98
2026-09-17 22:22:25.151168,LINE-2-PACKAGING,74.97,2.0
2026-09-17 22:23:25.151168,LINE-2-PACKAGING,76.39,2.07
2026-09-17 22:24:25.151168,LINE-2-PACKAGING,73.81,2.32
2026-09-17 22:25:25.151168,LINE-2-PACKAGING,74.43,2.09
2026-09-17 22:26:25.151168,LINE-2-PACKAGING,76.13,1.79
2026-09-17 22:27:25.151168,LINE-2-PACKAGING,74.05,1.97
2026-09-17 22:28:25.151168,LINE-2-PACKAGING,75.09,2.07
2026-09-17 22:29:25.151168,LINE-2-PACKAGING,76.65,2.1
2026-09-17 22:30:25.151168,LINE-2-PACKAGING,76.39,2.29
2026-09-17 22:31:25.151168,LINE-2-PACKAGING,75.5,1.82
2026-09-17 22:32:25.151168,LINE-2-PACKAGING,76.06,2.1
2026-09-17 22:33:25.151168,LINE-2-PACKAGING,75.34,1.87
2026-09-17 22:34:25.151168,LINE-2-PACKAGING,76.45,1.76
2026-09-17 22:35:25.151168,LINE-2-PACKAGING,73.75,2.16
2026-09-17 22:36:25.151168,LINE-2-PACKAGING,73.74,1.99
2026-09-17 22:37:25.151168,LINE-2-PACKAGING,75.15,1.94
2026-09-17 22:38:25.151168,LINE-2-PACKAGING,75.13,1.86
2026-09-17 22:39:25.151168,LINE-2-PACKAGING,75.1,2.21
2026-09-17 22:40:25.151168,LINE-2-PACKAGING,76.42,2.08
2026-09-17 22:41:25.151168,LINE-2-PACKAGING,76.06,2.08
2026-09-17 22:42:25.151168,LINE-2-PACKAGING,76.13,1.9
2026-09-17 22:43:25.151168,LINE-2-PACKAGING,76.33,2.0
2026-09-17 22:44:25.151168,LINE-2-PACKAGING,75.58,2.12
2026-09-17 22:45:25.151168,LINE-2-PACKAGING,74.03,2.0
2026-09-17 22:46:25.151168,LINE-2-PACKAGING,77.5,2.04
2026-09-17 22:47:25.151168,LINE-2-PACKAGING,73.87,2.17
2026-09-17 22:48:25.151168,LINE-2-PACKAGING,75.3,1.88
2026-09-17 22:49:25.151168,LINE-2-PACKAGING,75.02,2.2
2026-09-17 22:50:25.151168,LINE-2-PACKAGING,76.59,2.13
2026-09-17 22:51:25.151168,LINE-2-PACKAGING,74.65,1.79
2026-09-17 22:52:25.151168,LINE-2-PACKAGING,74.16,2.18
2026-09-17 22:53:25.151168,LINE-2-PACKAGING,73.84,2.08
2026-09-17 22:54:25.151168,LINE-2-PACKAGING,74.07,1.95
2026-09-17 22:55:25.151168,LINE-2-PACKAGING,75.39,1.98
2026-09-17 22:56:25.151168,LINE-2-PACKAGING,75.64,2.03
2026-09-17 22:57:25.151168,LINE-2-PACKAGING,75.29,1.82
2026-09-17 22:58:25.151168,LINE-2-PACKAGING,74.86,2.19
2026-09-17 22:59:25.151168,LINE-2-PACKAGING,75.24,2.0
2026-09-17 23:00:25.151168,LINE-2-PACKAGING,74.8,2.01
2026-09-17 23:01:25.151168,LINE-2-PACKAGING,74.31,2.0
2026-09-17 23:02:25.151168,LINE-2-PACKAGING,74.36,1.85
2026-09-17 23:03:25.151168,LINE-2-PACKAGING,76.01,2.2
2026-09-17 23:04:25.151168,LINE-2-PACKAGING,75.73,1.96
2026-09-17 23:05:25.151168,LINE-2-PACKAGING,74.89,1.85
2026-09-17 23:06:25.151168,LINE-2-PACKAGING,73.93,2.05
2026-09-17 23:07:25.151168,LINE-2-PACKAGING,75.44,2.34
2026-09-17 23:08:25.151168,LINE-2-PACKAGING,73.63,2.22
2026-09-17 23:09:25.151168,LINE-2-PACKAGING,75.66,1.98
2026-09-17 23:10:25.151168,LINE-2-PACKAGING,74.71,2.1
2026-09-17 23:11:25.151168,LINE-2-PACKAGING,74.86,2.07
2026-09-17 23:12:25.151168,LINE-2-PACKAGING,73.44,1.91
2026-09-17 23:13:25.151168,LINE-2-PACKAGING,76.23,2.04
2026-09-17 23:14:25.151168,LINE-2-PACKAGING,75.63,1.92
2026-09-17 23:15:25.151168,LINE-2-PACKAGING,74.66,1.89
2026-09-17 23:16:25.151168,LINE-2-PACKAGING,74.72,1.61
2026-09-17 23:17:25.151168,LINE-2-PACKAGING,72.86,1.99
2026-09-17 23:18:25.151168,LINE-2-PACKAGING,75.39,1.98
2026-09-17 23:19:25.151168,LINE-2-PACKAGING,76.13,2.15
2026-09-17 23:20:25.151168,LINE-2-PACKAGING,75.26,1.85
2026-09-17 23:21:25.151168,LINE-2-PACKAGING,75.21,2.03
2026-09-17 23:22:25.151168,LINE-2-PACKAGING,74.04,2.08
2026-09-17 23:23:25.151168,LINE-2-PACKAGING,76.57,1.98
2026-09-17 23:24:25.151168,LINE-2-PACKAGING,76.11,1.86
2026-09-17 23:25:25.151168,LINE-2-PACKAGING,75.89,2.0
2026-09-17 23:26:25.151168,LINE-2-PACKAGING,75.95,2.05
2026-09-17 23:27:25.151168,LINE-2-PACKAGING,76.17,1.89
2026-09-17 23:28:25.151168,LINE-2-PACKAGING,75.49,1.92
2026-09-17 23:29:25.151168,LINE-2-PACKAGING,75.91,2.06
2026-09-17 23:30:25.151168,LINE-2-PACKAGING,75.03,1.84
2026-09-17 23:31:25.151168,LINE-2-PACKAGING,76.22,2.08
2026-09-17 23:32:25.151168,LINE-2-PACKAGING,74.74,1.77
2026-09-17 23:33:25.151168,LINE-2-PACKAGING,73.86,2.14
2026-09-17 23:34:25.151168,LINE-2-PACKAGING,72.95,2.13
2026-09-17 23:35:25.151168,LINE-2-PACKAGING,75.01,1.98
2026-09-17 23:36:25.151168,LINE-2-PACKAGING,74.61,2.22
2026-09-17 23:37:25.151168,LINE-2-PACKAGING,77.46,1.75
2026-09-17 23:38:25.151168,LINE-2-PACKAGING,77.09,2.19
2026-09-17 23:39:25.151168,LINE-2-PACKAGING,75.66,2.39
2026-09-17 23:40:25.151168,LINE-2-PACKAGING,75.38,2.01
2026-09-17 23:41:25.151168,LINE-2-PACKAGING,74.29,1.92
2026-09-17 23:42:25.151168,LINE-2-PACKAGING,73.6,1.96
2026-09-17 23:43:25.151168,LINE-2-PACKAGING,75.37,1.87
2026-09-17 23:44:25.151168,LINE-2-PACKAGING,75.2,2.13
2026-09-17 23:45:25.151168,LINE-2-PACKAGING,77.47,1.71
2026-09-17 23:46:25.151168,LINE-2-PACKAGING,74.9,2.02
2026-09-17 23:47:25.151168,LINE-2-PACKAGING,75.24,2.02
2026-09-17 23:48:25.151168,LINE-2-PACKAGING,76.14,2.04
2026-09-17 23:49:25.151168,LINE-2-PACKAGING,73.94,2.11
2026-09-17 23:50:25.151168,LINE-2-PACKAGING,74.69,2.22
2026-09-17 23:51:25.151168,LINE-2-PACKAGING,74.13,2.0
2026-09-17 23:52:25.151168,LINE-2-PACKAGING,75.26,2.06
2026-09-17 23:53:25.151168,LINE-2-PACKAGING,74.1,2.14
2026-09-17 23:54:25.151168,LINE-2-PACKAGING,75.53,2.0
2026-09-17 23:55:25.151168,LINE-2-PACKAGING,75.26,1.94
2026-09-17 23:56:25.151168,LINE-2-PACKAGING,73.8,2.21
2026-09-17 23:57:25.151168,LINE-2-PACKAGING,72.7,1.99
2026-09-17 23:58:25.151168,LINE-2-PACKAGING,72.54,1.73
2026-09-17 23:59:25.151168,LINE-2-PACKAGING,75.37,2.27
2026-09-18 00:00:25.151168,LINE-2-PACKAGING,76.2,2.4
2026-09-18 00:01:25.151168,LINE-2-PACKAGING,75.99,2.3
2026-09-18 00:02:25.151168,LINE-2-PACKAGING,74.76,2.09
2026-09-18 00:03:25.151168,LINE-2-PACKAGING,73.33,2.03
2026-09-18 00:04:25.151168,LINE-2-PACKAGING,76.72,1.62
2026-09-18 00:05:25.151168,LINE-2-PACKAGING,74.92,2.12
2026-09-18 00:06:25.151168,LINE-2-PACKAGING,75.19,1.86
2026-09-18 00:07:25.151168,LINE-2-PACKAGING,73.42,2.1
2026-09-18 00:08:25.151168,LINE-2-PACKAGING,73.48,1.89
2026-09-18 00:09:25.151168,LINE-2-PACKAGING,74.97,1.91
2026-09-18 00:10:25.151168,LINE-2-PACKAGING,76.68,1.96
2026-09-18 00:11:25.151168,LINE-2-PACKAGING,75.57,2.25
2026-09-18 00:12:25.151168,LINE-2-PACKAGING,76.03,1.88
2026-09-18 00:13:25.151168,LINE-2-PACKAGING,76.41,2.09
2026-09-18 00:14:25.151168,LINE-2-PACKAGING,74.11,2.08
2026-09-18 00:15:25.151168,LINE-2-PACKAGING,75.33,2.01
2026-09-18 00:16:25.151168,LINE-2-PACKAGING,75.15,2.19
2026-09-18 00:17:25.151168,LINE-2-PACKAGING,76.02,2.05
2026-09-18 00:18:25.151168,LINE-2-PACKAGING,74.2,1.9
2026-09-18 00:19:25.151168,LINE-2-PACKAGING,76.02,1.74
2026-09-18 00:20:25.151168,LINE-2-PACKAGING,75.87,1.94
2026-09-18 00:21:25.151168,LINE-2-PACKAGING,75.37,2.19
2026-09-18 00:22:25.151168,LINE-2-PACKAGING,75.06,1.91
2026-09-18 00:23:25.151168,LINE-2-PACKAGING,76.6,2.11
2026-09-18 00:24:25.151168,LINE-2-PACKAGING,76.03,1.99
2026-09-18 00:25:25.151168,LINE-2-PACKAGING,74.75,2.42
2026-09-18 00:26:25.151168,LINE-2-PACKAGING,74.24,2.08
2026-09-18 00:27:25.151168,LINE-2-PACKAGING,75.14,1.93
2026-09-18 00:28:25.151168,LINE-2-PACKAGING,74.92,2.09
2026-09-18 00:29:25.151168,LINE-2-PACKAGING,74.74,2.19
2026-09-18 00:30:25.151168,LINE-2-PACKAGING,74.95,2.06
2026-09-18 00:31:25.151168,LINE-2-PACKAGING,74.12,2.21
2026-09-18 00:32:25.151168,LINE-2-PACKAGING,75.18,2.09
2026-09-18 00:33:25.151168,LINE-2-PACKAGING,75.44,1.85
2026-09-18 00:34:25.151168,LINE-2-PACKAGING,72.75,2.05
2026-09-18 00:35:25.151168,LINE-2-PACKAGING,75.53,2.17
2026-09-18 00:36:25.151168,LINE-2-PACKAGING,75.93,2.04
2026-09-18 00:37:25.151168,LINE-2-PACKAGING,75.04,2.16
2026-09-18 00:38:25.151168,LINE-2-PACKAGING,73.79,2.02
2026-09-18 00:39:25.151168,LINE-2-PACKAGING,77.08,2.03
2026-09-18 00:40:25.151168,LINE-2-PACKAGING,74.93,2.04
2026-09-18 00:41:25.151168,LINE-2-PACKAGING,75.31,1.85
2026-09-18 00:42:25.151168,LINE-2-PACKAGING,76.32,2.01
2026-09-18 00:43:25.151168,LINE-2-PACKAGING,74.38,1.77
2026-09-18 00:44:25.151168,LINE-2-PACKAGING,75.63,2.08
2026-09-18 00:45:25.151168,LINE-2-PACKAGING,75.17,2.01
2026-09-18 00:46:25.151168,LINE-2-PACKAGING,75.24,1.95
2026-09-18 00:47:25.151168,LINE-2-PACKAGING,73.42,2.09
2026-09-18 00:48:25.151168,LINE-2-PACKAGING,75.45,1.74
2026-09-18 00:49:25.151168,LINE-2-PACKAGING,76.09,2.03
2026-09-18 00:50:25.151168,LINE-2-PACKAGING,73.46,1.87
2026-09-18 00:51:25.151168,LINE-2-PACKAGING,75.16,2.12
2026-09-18 00:52:25.151168,LINE-2-PACKAGING,75.27,1.89
2026-09-18 00:53:25.151168,LINE-2-PACKAGING,74.67,2.11
2026-09-18 00:54:25.151168,LINE-2-PACKAGING,74.11,2.15
2026-09-18 00:55:25.151168,LINE-2-PACKAGING,74.8,2.02
2026-09-18 00:56:25.151168,LINE-2-PACKAGING,75.36,2.14
2026-09-18 00:57:25.151168,LINE-2-PACKAGING,76.3,2.08
2026-09-18 00:58:25.151168,LINE-2-PACKAGING,74.44,1.84
2026-09-18 00:59:25.151168,LINE-2-PACKAGING,73.49,2.11
2026-09-18 01:00:25.151168,LINE-2-PACKAGING,74.51,1.9
2026-09-18 01:01:25.151168,LINE-2-PACKAGING,74.0,1.99
2026-09-18 01:02:25.151168,LINE-2-PACKAGING,74.46,2.19
2026-09-18 01:03:25.151168,LINE-2-PACKAGING,74.21,2.14
2026-09-18 01:04:25.151168,LINE-2-PACKAGING,76.31,1.93
2026-09-18 01:05:25.151168,LINE-2-PACKAGING,75.3,1.82
2026-09-18 01:06:25.151168,LINE-2-PACKAGING,74.21,1.92
2026-09-18 01:07:25.151168,LINE-2-PACKAGING,75.65,2.06
2026-09-18 01:08:25.151168,LINE-2-PACKAGING,74.76,1.96
2026-09-18 01:09:25.151168,LINE-2-PACKAGING,73.36,1.95
2026-09-18 01:10:25.151168,LINE-2-PACKAGING,75.75,1.77
2026-09-18 01:11:25.151168,LINE-2-PACKAGING,74.29,2.0
2026-09-18 01:12:25.151168,LINE-2-PACKAGING,74.92,1.92
2026-09-18 01:13:25.151168,LINE-2-PACKAGING,75.99,2.06
2026-09-18 01:14:25.151168,LINE-2-PACKAGING,74.73,1.94
2026-09-18 01:15:25.151168,LINE-2-PACKAGING,73.17,1.95
2026-09-18 01:16:25.151168,LINE-2-PACKAGING,75.0,2.12
2026-09-18 01:17:25.151168,LINE-2-PACKAGING,75.41,1.99
2026-09-18 01:18:25.151168,LINE-2-PACKAGING,75.3,2.08
2026-09-18 01:19:25.151168,LINE-2-PACKAGING,75.74,1.83
2026-09-18 01:20:25.151168,LINE-2-PACKAGING,75.08,2.02
2026-09-18 01:21:25.151168,LINE-2-PACKAGING,75.09,1.91
2026-09-18 01:22:25.151168,LINE-2-PACKAGING,74.31,2.2
2026-09-18 01:23:25.151168,LINE-2-PACKAGING,75.15,2.05
2026-09-18 01:24:25.151168,LINE-2-PACKAGING,74.05,2.1
2026-09-18 01:25:25.151168,LINE-2-PACKAGING,72.67,1.75
2026-09-18 01:26:25.151168,LINE-2-PACKAGING,73.44,2.08
2026-09-18 01:27:25.151168,LINE-2-PACKAGING,76.56,2.02
2026-09-18 01:28:25.151168,LINE-2-PACKAGING,75.98,2.07
2026-09-18 01:29:25.151168,LINE-2-PACKAGING,74.06,2.16
2026-09-18 01:30:25.151168,LINE-2-PACKAGING,74.98,2.17
2026-09-18 01:31:25.151168,LINE-2-PACKAGING,78.05,1.85
2026-09-18 01:32:25.151168,LINE-2-PACKAGING,74.7,1.86
2026-09-18 01:33:25.151168,LINE-2-PACKAGING,73.61,2.02
2026-09-18 01:34:25.151168,LINE-2-PACKAGING,74.96,2.12
2026-09-18 01:35:25.151168,LINE-2-PACKAGING,72.79,2.1
2026-09-18 01:36:25.151168,LINE-2-PACKAGING,75.67,1.73
2026-09-18 01:37:25.151168,LINE-2-PACKAGING,76.14,1.96
2026-09-18 01:38:25.151168,LINE-2-PACKAGING,75.3,1.79
2026-09-18 01:39:25.151168,LINE-2-PACKAGING,76.59,1.9
2026-09-18 01:40:25.151168,LINE-2-PACKAGING,74.4,2.09
2026-09-18 01:41:25.151168,LINE-2-PACKAGING,73.76,1.99
2026-09-18 01:42:25.151168,LINE-2-PACKAGING,76.41,1.86
2026-09-18 01:43:25.151168,LINE-2-PACKAGING,74.23,1.98
2026-09-18 01:44:25.151168,LINE-2-PACKAGING,75.38,1.8
2026-09-18 01:45:25.151168,LINE-2-PACKAGING,75.51,2.11
2026-09-18 01:46:25.151168,LINE-2-PACKAGING,73.5,2.23
2026-09-18 01:47:25.151168,LINE-2-PACKAGING,75.55,2.18
2026-09-18 01:48:25.151168,LINE-2-PACKAGING,75.66,2.01
2026-09-18 01:49:25.151168,LINE-2-PACKAGING,74.53,1.77
2026-09-18 01:50:25.151168,LINE-2-PACKAGING,74.71,1.95
2026-09-18 01:51:25.151168,LINE-2-PACKAGING,74.26,2.03
2026-09-18 01:52:25.151168,LINE-2-PACKAGING,73.29,2.03
2026-09-18 01:53:25.151168,LINE-2-PACKAGING,73.91,2.25
2026-09-18 01:54:25.151168,LINE-2-PACKAGING,74.94,2.26
2026-09-18 01:55:25.151168,LINE-2-PACKAGING,76.19,1.92
2026-09-18 01:56:25.151168,LINE-2-PACKAGING,74.43,1.81
2026-09-18 01:57:25.151168,LINE-2-PACKAGING,73.95,1.81
2026-09-18 01:58:25.151168,LINE-2-PACKAGING,73.56,1.71
2026-09-18 01:59:25.151168,LINE-2-PACKAGING,75.8,2.19
2026-09-18 02:00:25.151168,LINE-2-PACKAGING,76.36,1.86
2026-09-18 02:01:25.151168,LINE-2-PACKAGING,77.41,2.01
2026-09-18 02:02:25.151168,LINE-2-PACKAGING,76.43,2.03
2026-09-18 02:03:25.151168,LINE-2-PACKAGING,76.67,2.06
2026-09-18 02:04:25.151168,LINE-2-PACKAGING,74.94,1.97
2026-09-18 02:05:25.151168,LINE-2-PACKAGING,75.96,2.06
2026-09-18 02:06:25.151168,LINE-2-PACKAGING,73.76,2.21
2026-09-18 02:07:25.151168,LINE-2-PACKAGING,75.67,2.22
2026-09-18 02:08:25.151168,LINE-2-PACKAGING,75.14,1.88
2026-09-18 02:09:25.151168,LINE-2-PACKAGING,74.89,1.94
2026-09-18 02:10:25.151168,LINE-2-PACKAGING,74.42,1.91
2026-09-18 02:11:25.151168,LINE-2-PACKAGING,74.41,1.82
2026-09-18 02:12:25.151168,LINE-2-PACKAGING,75.46,1.86
2026-09-18 02:13:25.151168,LINE-2-PACKAGING,73.7,2.12
2026-09-18 02:14:25.151168,LINE-2-PACKAGING,75.04,2.01
2026-09-18 02:15:25.151168,LINE-2-PACKAGING,76.18,2.14
2026-09-18 02:16:25.151168,LINE-2-PACKAGING,75.39,1.66
2026-09-18 02:17:25.151168,LINE-2-PACKAGING,73.81,1.89
2026-09-18 02:18:25.151168,LINE-2-PACKAGING,75.25,2.07
2026-09-18 02:19:25.151168,LINE-2-PACKAGING,74.27,1.78
2026-09-18 02:20:25.151168,LINE-2-PACKAGING,73.94,2.15
2026-09-18 02:21:25.151168,LINE-2-PACKAGING,75.23,2.19
2026-09-18 02:22:25.151168,LINE-2-PACKAGING,73.84,1.88
2026-09-18 02:23:25.151168,LINE-2-PACKAGING,74.73,1.88
2026-09-18 02:24:25.151168,LINE-2-PACKAGING,75.73,1.96
2026-09-18 02:25:25.151168,LINE-2-PACKAGING,73.39,1.94
2026-09-18 02:26:25.151168,LINE-2-PACKAGING,76.07,1.92
2026-09-18 02:27:25.151168,LINE-2-PACKAGING,76.24,1.81
2026-09-18 02:28:25.151168,LINE-2-PACKAGING,73.58,1.95
2026-09-18 02:29:25.151168,LINE-2-PACKAGING,74.68,2.04
2026-09-18 02:30:25.151168,LINE-2-PACKAGING,75.84,2.13
2026-09-18 02:31:25.151168,LINE-2-PACKAGING,75.45,2.13
2026-09-18 02:32:25.151168,LINE-2-PACKAGING,75.23,2.21
2026-09-18 02:33:25.151168,LINE-2-PACKAGING,74.7,1.82
2026-09-18 02:34:25.151168,LINE-2-PACKAGING,75.37,1.9
2026-09-18 02:35:25.151168,LINE-2-PACKAGING,74.18,2.11
2026-09-18 02:36:25.151168,LINE-2-PACKAGING,75.05,1.96
2026-09-18 02:37:25.151168,LINE-2-PACKAGING,74.58,2.13
2026-09-18 02:38:25.151168,LINE-2-PACKAGING,74.33,2.05
2026-09-18 02:39:25.151168,LINE-2-PACKAGING,74.95,2.15
2026-09-18 02:40:25.151168,LINE-2-PACKAGING,74.38,2.15
2026-09-18 02:41:25.151168,LINE-2-PACKAGING,76.9,1.91
2026-09-18 02:42:25.151168,LINE-2-PACKAGING,74.93,1.77
2026-09-18 02:43:25.151168,LINE-2-PACKAGING,76.88,2.14
2026-09-18 02:44:25.151168,LINE-2-PACKAGING,75.64,1.86
2026-09-18 02:45:25.151168,LINE-2-PACKAGING,74.28,2.04
2026-09-18 02:46:25.151168,LINE-2-PACKAGING,75.03,1.97
2026-09-18 02:47:25.151168,LINE-2-PACKAGING,76.11,1.94
2026-09-18 02:48:25.151168,LINE-2-PACKAGING,73.37,1.98
2026-09-18 02:49:25.151168,LINE-2-PACKAGING,74.78,2.24
2026-09-18 02:50:25.151168,LINE-2-PACKAGING,76.41,1.88
2026-09-18 02:51:25.151168,LINE-2-PACKAGING,74.62,1.96
2026-09-18 02:52:25.151168,LINE-2-PACKAGING,74.31,2.08
2026-09-18 02:53:25.151168,LINE-2-PACKAGING,74.82,2.02
2026-09-18 02:54:25.151168,LINE-2-PACKAGING,74.86,2.01
2026-09-18 02:55:25.151168,LINE-2-PACKAGING,74.04,1.67
2026-09-18 02:56:25.151168,LINE-2-PACKAGING,75.02,2.02
2026-09-18 02:57:25.151168,LINE-2-PACKAGING,75.9,2.01
2026-09-18 02:58:25.151168,LINE-2-PACKAGING,75.24,2.1
2026-09-18 02:59:25.151168,LINE-2-PACKAGING,75.05,1.66
2026-09-18 03:00:25.151168,LINE-2-PACKAGING,74.66,2.08
2026-09-18 03:01:25.151168,LINE-2-PACKAGING,74.78,2.15
2026-09-18 03:02:25.151168,LINE-2-PACKAGING,74.71,1.86
2026-09-18 03:03:25.151168,LINE-2-PACKAGING,75.84,1.99
2026-09-18 03:04:25.151168,LINE-2-PACKAGING,73.92,2.03
2026-09-18 03:05:25.151168,LINE-2-PACKAGING,74.82,2.09
2026-09-18 03:06:25.151168,LINE-2-PACKAGING,75.68,2.12
2026-09-18 03:07:25.151168,LINE-2-PACKAGING,73.96,2.21
2026-09-18 03:08:25.151168,LINE-2-PACKAGING,76.17,1.94
2026-09-18 03:09:25.151168,LINE-2-PACKAGING,75.73,2.17
2026-09-18 03:10:25.151168,LINE-2-PACKAGING,74.16,1.98
2026-09-18 03:11:25.151168,LINE-2-PACKAGING,74.61,2.07
2026-09-18 03:12:25.151168,LINE-2-PACKAGING,75.27,1.92
2026-09-18 03:13:25.151168,LINE-2-PACKAGING,76.05,2.22
2026-09-18 03:14:25.151168,LINE-2-PACKAGING,74.1,2.16
2026-09-18 03:15:25.151168,LINE-2-PACKAGING,75.22,2.02
2026-09-18 03:16:25.151168,LINE-2-PACKAGING,74.56,1.88
2026-09-18 03:17:25.151168,LINE-2-PACKAGING,75.36,1.97
2026-09-18 03:18:25.151168,LINE-2-PACKAGING,74.86,2.04
2026-09-18 03:19:25.151168,LINE-2-PACKAGING,75.14,1.95
2026-09-18 03:20:25.151168,LINE-2-PACKAGING,73.25,2.2
2026-09-18 03:21:25.151168,LINE-2-PACKAGING,75.49,2.23
2026-09-18 03:22:25.151168,LINE-2-PACKAGING,75.49,2.42
2026-09-18 03:23:25.151168,LINE-2-PACKAGING,74.96,1.91
2026-09-18 03:24:25.151168,LINE-2-PACKAGING,74.1,2.15
2026-09-18 03:25:25.151168,LINE-2-PACKAGING,76.64,1.95
2026-09-18 03:26:25.151168,LINE-2-PACKAGING,72.8,1.98
2026-09-18 03:27:25.151168,LINE-2-PACKAGING,73.96,2.03
2026-09-18 03:28:25.151168,LINE-2-PACKAGING,73.96,2.17
2026-09-18 03:29:25.151168,LINE-2-PACKAGING,75.34,2.15
2026-09-18 03:30:25.151168,LINE-2-PACKAGING,76.53,2.0
2026-09-18 03:31:25.151168,LINE-2-PACKAGING,74.26,2.12
2026-09-18 03:32:25.151168,LINE-2-PACKAGING,74.48,2.22
2026-09-18 03:33:25.151168,LINE-2-PACKAGING,75.06,1.98
2026-09-18 03:34:25.151168,LINE-2-PACKAGING,76.18,1.94
2026-09-18 03:35:25.151168,LINE-2-PACKAGING,74.21,2.07
2026-09-18 03:36:25.151168,LINE-2-PACKAGING,74.02,2.03
2026-09-18 03:37:25.151168,LINE-2-PACKAGING,73.58,1.92
2026-09-18 03:38:25.151168,LINE-2-PACKAGING,76.82,1.76
2026-09-18 03:39:25.151168,LINE-2-PACKAGING,75.71,1.95
2026-09-18 03:40:25.151168,LINE-2-PACKAGING,74.01,2.01
2026-09-18 03:41:25.151168,LINE-2-PACKAGING,75.38,1.9
2026-09-18 03:42:25.151168,LINE-2-PACKAGING,75.45,2.18
2026-09-18 03:43:25.151168,LINE-2-PACKAGING,74.32,2.0
2026-09-18 03:44:25.151168,LINE-2-PACKAGING,74.01,2.12
2026-09-18 03:45:25.151168,LINE-2-PACKAGING,75.58,1.89
2026-09-18 03:46:25.151168,LINE-2-PACKAGING,76.07,2.33
2026-09-18 03:47:25.151168,LINE-2-PACKAGING,75.1,2.05
2026-09-18 03:48:25.151168,LINE-2-PACKAGING,74.28,1.92
2026-09-18 03:49:25.151168,LINE-2-PACKAGING,76.09,1.89
2026-09-18 03:50:25.151168,LINE-2-PACKAGING,75.26,1.91
2026-09-18 03:51:25.151168,LINE-2-PACKAGING,73.68,2.07
2026-09-18 03:52:25.151168,LINE-2-PACKAGING,74.65,2.07
2026-09-18 03:53:25.151168,LINE-2-PACKAGING,75.0,2.07
2026-09-18 03:54:25.151168,LINE-2-PACKAGING,76.46,2.08
2026-09-18 03:55:25.151168,LINE-2-PACKAGING,74.81,2.09
2026-09-18 03:56:25.151168,LINE-2-PACKAGING,74.12,1.98
2026-09-18 03:57:25.151168,LINE-2-PACKAGING,77.18,1.83
2026-09-18 03:58:25.151168,LINE-2-PACKAGING,74.81,1.79
2026-09-18 03:59:25.151168,LINE-2-PACKAGING,74.48,2.02
2026-09-18 04:00:25.151168,LINE-2-PACKAGING,75.8,1.96
2026-09-18 04:01:25.151168,LINE-2-PACKAGING,73.88,1.94
2026-09-18 04:02:25.151168,LINE-2-PACKAGING,74.66,1.72
2026-09-18 04:03:25.151168,LINE-2-PACKAGING,73.9,1.71
2026-09-18 04:04:25.151168,LINE-2-PACKAGING,76.87,1.9
2026-09-18 04:05:25.151168,LINE-2-PACKAGING,75.62,1.97
2026-09-18 04:06:25.151168,LINE-2-PACKAGING,76.8,2.0
2026-09-18 04:07:25.151168,LINE-2-PACKAGING,75.19,1.91
2026-09-18 04:08:25.151168,LINE-2-PACKAGING,75.06,1.95
2026-09-18 04:09:25.151168,LINE-2-PACKAGING,73.64,1.88
2026-09-18 04:10:25.151168,LINE-2-PACKAGING,74.59,2.0
2026-09-18 04:11:25.151168,LINE-2-PACKAGING,76.61,2.08
2026-09-18 04:12:25.151168,LINE-2-PACKAGING,74.45,1.79
2026-09-18 04:13:25.151168,LINE-2-PACKAGING,75.72,2.16
2026-09-18 04:14:25.151168,LINE-2-PACKAGING,74.47,1.95
2026-09-18 04:15:25.151168,LINE-2-PACKAGING,72.82,2.09
2026-09-18 04:16:25.151168,LINE-2-PACKAGING,76.85,1.97
2026-09-18 04:17:25.151168,LINE-2-PACKAGING,76.36,1.69
2026-09-18 04:18:25.151168,LINE-2-PACKAGING,75.73,2.28
2026-09-18 04:19:25.151168,LINE-2-PACKAGING,76.08,1.84
2026-09-18 04:20:25.151168,LINE-2-PACKAGING,76.03,1.82
2026-09-18 04:21:25.151168,LINE-2-PACKAGING,75.05,1.75
2026-09-18 04:22:25.151168,LINE-2-PACKAGING,74.19,1.98
2026-09-18 04:23:25.151168,LINE-2-PACKAGING,74.59,2.13
2026-09-18 04:24:25.151168,LINE-2-PACKAGING,74.09,2.14
2026-09-18 04:25:25.151168,LINE-2-PACKAGING,74.8,2.02
2026-09-18 04:26:25.151168,LINE-2-PACKAGING,72.92,1.82
2026-09-18 04:27:25.151168,LINE-2-PACKAGING,74.89,2.1
2026-09-18 04:28:25.151168,LINE-2-PACKAGING,75.33,1.98
2026-09-18 04:29:25.151168,LINE-2-PACKAGING,74.89,2.03
2026-09-18 04:30:25.151168,LINE-2-PACKAGING,72.15,1.81
2026-09-18 04:31:25.151168,LINE-2-PACKAGING,74.24,2.09
2026-09-18 04:32:25.151168,LINE-2-PACKAGING,75.94,1.88
2026-09-18 04:33:25.151168,LINE-2-PACKAGING,73.7,1.81
2026-09-18 04:34:25.151168,LINE-2-PACKAGING,76.29,2.15
2026-09-18 04:35:25.151168,LINE-2-PACKAGING,73.69,1.8
2026-09-18 04:36:25.151168,LINE-2-PACKAGING,75.97,2.02
2026-09-18 04:37:25.151168,LINE-2-PACKAGING,75.58,1.9
2026-09-18 04:38:25.151168,LINE-2-PACKAGING,75.15,1.92
2026-09-18 04:39:25.151168,LINE-2-PACKAGING,75.55,1.81
2026-09-18 04:40:25.151168,LINE-2-PACKAGING,76.48,1.99
2026-09-18 04:41:25.151168,LINE-2-PACKAGING,75.52,1.99
2026-09-18 04:42:25.151168,LINE-2-PACKAGING,75.79,1.8
2026-09-18 04:43:25.151168,LINE-2-PACKAGING,75.76,1.98
2026-09-18 04:44:25.151168,LINE-2-PACKAGING,73.7,1.89
2026-09-18 04:45:25.151168,LINE-2-PACKAGING,75.83,2.03
2026-09-18 04:46:25.151168,LINE-2-PACKAGING,73.88,1.92
2026-09-18 04:47:25.151168,LINE-2-PACKAGING,73.49,2.07
2026-09-18 04:48:25.151168,LINE-2-PACKAGING,74.9,1.8
2026-09-18 04:49:25.151168,LINE-2-PACKAGING,75.63,2.12
2026-09-18 04:50:25.151168,LINE-2-PACKAGING,75.18,2.1
2026-09-18 04:51:25.151168,LINE-2-PACKAGING,75.14,1.83
2026-09-18 04:52:25.151168,LINE-2-PACKAGING,75.14,2.25
2026-09-18 04:53:25.151168,LINE-2-PACKAGING,76.25,1.99
2026-09-18 04:54:25.151168,LINE-2-PACKAGING,74.68,2.2
2026-09-18 04:55:25.151168,LINE-2-PACKAGING,75.84,2.16
2026-09-18 04:56:25.151168,LINE-2-PACKAGING,75.21,2.09
2026-09-18 04:57:25.151168,LINE-2-PACKAGING,75.81,1.71
2026-09-18 04:58:25.151168,LINE-2-PACKAGING,75.05,2.06
2026-09-18 04:59:25.151168,LINE-2-PACKAGING,74.59,1.93
2026-09-18 05:00:25.151168,LINE-2-PACKAGING,74.91,1.92
2026-09-18 05:01:25.151168,LINE-2-PACKAGING,76.11,2.04
2026-09-18 05:02:25.151168,LINE-2-PACKAGING,74.93,1.93
2026-09-18 05:03:25.151168,LINE-2-PACKAGING,74.81,2.01
2026-09-18 05:04:25.151168,LINE-2-PACKAGING,74.49,1.89
2026-09-18 05:05:25.151168,LINE-2-PACKAGING,76.94,2.27
2026-09-18 05:06:25.151168,LINE-2-PACKAGING,76.06,1.82
2026-09-18 05:07:25.151168,LINE-2-PACKAGING,75.84,2.21
2026-09-18 05:08:25.151168,LINE-2-PACKAGING,75.56,2.01
2026-09-18 05:09:25.151168,LINE-2-PACKAGING,75.45,2.2
2026-09-18 05:10:25.151168,LINE-2-PACKAGING,74.27,1.68
2026-09-18 05:11:25.151168,LINE-2-PACKAGING,75.62,1.87
2026-09-18 05:12:25.151168,LINE-2-PACKAGING,72.13,1.96
2026-09-18 05:13:25.151168,LINE-2-PACKAGING,75.1,1.94
2026-09-18 05:14:25.151168,LINE-2-PACKAGING,73.68,1.93
2026-09-18 05:15:25.151168,LINE-2-PACKAGING,76.9,2.06
2026-09-18 05:16:25.151168,LINE-2-PACKAGING,75.39,1.79
2026-09-18 05:17:25.151168,LINE-2-PACKAGING,76.18,1.96
2026-09-18 05:18:25.151168,LINE-2-PACKAGING,75.69,1.85
2026-09-18 05:19:25.151168,LINE-2-PACKAGING,75.51,1.89
2026-09-18 05:20:25.151168,LINE-2-PACKAGING,76.92,2.09
2026-09-18 05:21:25.151168,LINE-2-PACKAGING,76.14,1.96
2026-09-18 05:22:25.151168,LINE-2-PACKAGING,76.54,1.75
2026-09-18 05:23:25.151168,LINE-2-PACKAGING,75.33,1.84
2026-09-18 05:24:25.151168,LINE-2-PACKAGING,74.96,1.99
2026-09-18 05:25:25.151168,LINE-2-PACKAGING,74.0,2.09
2026-09-18 05:26:25.151168,LINE-2-PACKAGING,73.67,1.74
2026-09-18 05:27:25.151168,LINE-2-PACKAGING,73.17,1.88
2026-09-18 05:28:25.151168,LINE-2-PACKAGING,74.63,1.99
2026-09-18 05:29:25.151168,LINE-2-PACKAGING,77.19,2.03
2026-09-18 05:30:25.151168,LINE-2-PACKAGING,74.99,1.93
2026-09-18 05:31:25.151168,LINE-2-PACKAGING,75.48,1.85
2026-09-18 05:32:25.151168,LINE-2-PACKAGING,75.24,1.85
2026-09-18 05:33:25.151168,LINE-2-PACKAGING,76.63,2.01
2026-09-18 05:34:25.151168,LINE-2-PACKAGING,76.2,2.08
2026-09-18 05:35:25.151168,LINE-2-PACKAGING,75.08,2.18
2026-09-18 05:36:25.151168,LINE-2-PACKAGING,75.92,2.12
2026-09-18 05:37:25.151168,LINE-2-PACKAGING,77.42,2.02
2026-09-18 05:38:25.151168,LINE-2-PACKAGING,75.47,2.09
2026-09-18 05:39:25.151168,LINE-2-PACKAGING,74.73,1.99
2026-09-18 05:40:25.151168,LINE-2-PACKAGING,74.85,1.5
2026-09-18 05:41:25.151168,LINE-2-PACKAGING,74.6,1.86
2026-09-18 05:42:25.151168,LINE-2-PACKAGING,74.95,1.9
2026-09-18 05:43:25.151168,LINE-2-PACKAGING,74.01,2.1
2026-09-18 05:44:25.151168,LINE-2-PACKAGING,74.47,1.98
2026-09-18 05:45:25.151168,LINE-2-PACKAGING,74.63,2.01
2026-09-18 05:46:25.151168,LINE-2-PACKAGING,75.1,2.51
2026-09-18 05:47:25.151168,LINE-2-PACKAGING,75.35,2.0
2026-09-18 05:48:25.151168,LINE-2-PACKAGING,76.3,1.93
2026-09-18 05:49:25.151168,LINE-2-PACKAGING,74.37,1.9
2026-09-18 05:50:25.151168,LINE-2-PACKAGING,74.13,1.91
2026-09-18 05:51:25.151168,LINE-2-PACKAGING,76.31,1.5
2026-09-18 05:52:25.151168,LINE-2-PACKAGING,75.97,2.07
2026-09-18 05:53:25.151168,LINE-2-PACKAGING,76.56,2.08
2026-09-18 05:54:25.151168,LINE-2-PACKAGING,73.81,1.91
2026-09-18 05:55:25.151168,LINE-2-PACKAGING,74.66,2.25
2026-09-18 05:56:25.151168,LINE-2-PACKAGING,75.53,1.94
2026-09-18 05:57:25.151168,LINE-2-PACKAGING,75.2,2.11
2026-09-18 05:58:25.151168,LINE-2-PACKAGING,73.51,2.27
2026-09-18 05:59:25.151168,LINE-2-PACKAGING,75.15,2.04
2026-09-18 06:00:25.151168,LINE-2-PACKAGING,74.7,2.21
2026-09-18 06:01:25.151168,LINE-2-PACKAGING,77.51,2.09
2026-09-18 06:02:25.151168,LINE-2-PACKAGING,75.54,2.16
2026-09-18 06:03:25.151168,LINE-2-PACKAGING,76.52,1.86
2026-09-18 06:04:25.151168,LINE-2-PACKAGING,75.32,2.17
2026-09-18 06:05:25.151168,LINE-2-PACKAGING,73.84,2.23
2026-09-18 06:06:25.151168,LINE-2-PACKAGING,76.87,1.99
2026-09-18 06:07:25.151168,LINE-2-PACKAGING,75.46,2.08
2026-09-18 06:08:25.151168,LINE-2-PACKAGING,76.31,2.08
2026-09-18 06:09:25.151168,LINE-2-PACKAGING,75.61,2.21
2026-09-18 06:10:25.151168,LINE-2-PACKAGING,74.98,1.94
2026-09-18 06:11:25.151168,LINE-2-PACKAGING,74.46,1.99
2026-09-18 06:12:25.151168,LINE-2-PACKAGING,77.3,1.89
2026-09-18 06:13:25.151168,LINE-2-PACKAGING,76.29,1.84
2026-09-18 06:14:25.151168,LINE-2-PACKAGING,73.79,1.76
2026-09-18 06:15:25.151168,LINE-2-PACKAGING,75.94,2.04
2026-09-18 06:16:25.151168,LINE-2-PACKAGING,74.02,2.12
2026-09-18 06:17:25.151168,LINE-2-PACKAGING,73.37,1.8
2026-09-18 06:18:25.151168,LINE-2-PACKAGING,74.74,2.17
2026-09-18 06:19:25.151168,LINE-2-PACKAGING,74.4,1.95
2026-09-18 06:20:25.151168,LINE-2-PACKAGING,75.04,2.21
2026-09-18 06:21:25.151168,LINE-2-PACKAGING,75.87,2.06
2026-09-18 06:22:25.151168,LINE-2-PACKAGING,74.78,1.95
2026-09-18 06:23:25.151168,LINE-2-PACKAGING,75.49,2.34
2026-09-18 06:24:25.151168,LINE-2-PACKAGING,74.66,1.96
2026-09-18 06:25:25.151168,LINE-2-PACKAGING,75.92,2.13
2026-09-18 06:26:25.151168,LINE-2-PACKAGING,74.9,2.01
2026-09-18 06:27:25.151168,LINE-2-PACKAGING,75.41,1.84
2026-09-18 06:28:25.151168,LINE-2-PACKAGING,75.06,2.01
2026-09-18 06:29:25.151168,LINE-2-PACKAGING,74.63,2.1
2026-09-18 06:30:25.151168,LINE-2-PACKAGING,75.91,2.03
2026-09-18 06:31:25.151168,LINE-2-PACKAGING,74.78,2.16
2026-09-18 06:32:25.151168,LINE-2-PACKAGING,75.29,1.7
2026-09-18 06:33:25.151168,LINE-2-PACKAGING,75.73,1.75
2026-09-18 06:34:25.151168,LINE-2-PACKAGING,75.87,1.98
2026-09-18 06:35:25.151168,LINE-2-PACKAGING,73.92,1.93
2026-09-18 06:36:25.151168,LINE-2-PACKAGING,75.83,2.13
2026-09-18 06:37:25.151168,LINE-2-PACKAGING,75.97,1.97
2026-09-18 06:38:25.151168,LINE-2-PACKAGING,74.62,2.44
2026-09-18 06:39:25.151168,LINE-2-PACKAGING,75.54,1.68
2026-09-18 06:40:25.151168,LINE-2-PACKAGING,75.53,1.97
2026-09-18 06:41:25.151168,LINE-2-PACKAGING,74.79,2.3
2026-09-18 06:42:25.151168,LINE-2-PACKAGING,76.34,2.06
2026-09-18 06:43:25.151168,LINE-2-PACKAGING,73.71,2.08
2026-09-18 06:44:25.151168,LINE-2-PACKAGING,74.25,1.77
2026-09-18 06:45:25.151168,LINE-2-PACKAGING,74.69,1.99
2026-09-18 06:46:25.151168,LINE-2-PACKAGING,75.65,1.83
2026-09-18 06:47:25.151168,LINE-2-PACKAGING,72.97,1.98
2026-09-18 06:48:25.151168,LINE-2-PACKAGING,72.75,1.81
2026-09-18 06:49:25.151168,LINE-2-PACKAGING,75.7,1.86
2026-09-18 06:50:25.151168,LINE-2-PACKAGING,76.37,1.98
2026-09-18 06:51:25.151168,LINE-2-PACKAGING,76.16,1.96
2026-09-18 06:52:25.151168,LINE-2-PACKAGING,73.15,1.86
2026-09-18 06:53:25.151168,LINE-2-PACKAGING,72.86,2.22
2026-09-18 06:54:25.151168,LINE-2-PACKAGING,75.84,1.99
2026-09-18 06:55:25.151168,LINE-2-PACKAGING,73.29,2.14
2026-09-18 06:56:25.151168,LINE-2-PACKAGING,75.47,1.9
2026-09-18 06:57:25.151168,LINE-2-PACKAGING,75.51,2.19
2026-09-18 06:58:25.151168,LINE-2-PACKAGING,73.86,1.92
2026-09-18 06:59:25.151168,LINE-2-PACKAGING,75.21,1.79
2026-09-18 07:00:25.151168,LINE-2-PACKAGING,74.59,1.96
2026-09-18 07:01:25.151168,LINE-2-PACKAGING,75.73,1.82
2026-09-18 07:02:25.151168,LINE-2-PACKAGING,73.88,1.67
2026-09-18 07:03:25.151168,LINE-2-PACKAGING,73.06,2.07
2026-09-18 07:04:25.151168,LINE-2-PACKAGING,75.24,1.81
2026-09-18 07:05:25.151168,LINE-2-PACKAGING,75.24,1.96
2026-09-18 07:06:25.151168,LINE-2-PACKAGING,75.53,2.08
2026-09-18 07:07:25.151168,LINE-2-PACKAGING,74.51,2.04
2026-09-18 07:08:25.151168,LINE-2-PACKAGING,75.97,2.08
2026-09-18 07:09:25.151168,LINE-2-PACKAGING,74.15,2.0
2026-09-18 07:10:25.151168,LINE-2-PACKAGING,76.66,1.91
2026-09-18 07:11:25.151168,LINE-2-PACKAGING,75.82,2.15
2026-09-18 07:12:25.151168,LINE-2-PACKAGING,76.04,2.12
2026-09-18 07:13:25.151168,LINE-2-PACKAGING,75.69,2.17
2026-09-18 07:14:25.151168,LINE-2-PACKAGING,75.25,1.89
2026-09-18 07:15:25.151168,LINE-2-PACKAGING,76.76,1.89
2026-09-18 07:16:25.151168,LINE-2-PACKAGING,76.1,2.03
2026-09-18 07:17:25.151168,LINE-2-PACKAGING,75.04,1.86
2026-09-18 07:18:25.151168,LINE-2-PACKAGING,75.24,2.01
2026-09-18 07:19:25.151168,LINE-2-PACKAGING,74.25,2.22
2026-09-18 07:20:25.151168,LINE-2-PACKAGING,74.9,2.21
2026-09-18 07:21:25.151168,LINE-2-PACKAGING,75.16,2.06
2026-09-18 07:22:25.151168,LINE-2-PACKAGING,75.6,2.01
2026-09-18 07:23:25.151168,LINE-2-PACKAGING,75.51,2.12
2026-09-18 07:24:25.151168,LINE-2-PACKAGING,75.54,1.84
2026-09-18 07:25:25.151168,LINE-2-PACKAGING,76.17,2.08
2026-09-18 07:26:25.151168,LINE-2-PACKAGING,73.84,1.98
2026-09-18 07:27:25.151168,LINE-2-PACKAGING,75.61,2.32
2026-09-18 07:28:25.151168,LINE-2-PACKAGING,76.27,1.76
2026-09-18 07:29:25.151168,LINE-2-PACKAGING,75.55,2.07
2026-09-18 07:30:25.151168,LINE-2-PACKAGING,74.5,2.01
2026-09-18 07:31:25.151168,LINE-2-PACKAGING,74.78,2.2
2026-09-18 07:32:25.151168,LINE-2-PACKAGING,73.27,1.95
2026-09-18 07:33:25.151168,LINE-2-PACKAGING,75.84,1.83
2026-09-18 07:34:25.151168,LINE-2-PACKAGING,75.07,2.19
2026-09-18 07:35:25.151168,LINE-2-PACKAGING,74.77,1.96
2026-09-18 07:36:25.151168,LINE-2-PACKAGING,73.57,1.94
2026-09-18 07:37:25.151168,LINE-2-PACKAGING,75.76,1.84
2026-09-18 07:38:25.151168,LINE-2-PACKAGING,74.65,2.37
2026-09-18 07:39:25.151168,LINE-2-PACKAGING,75.26,1.95
2026-09-18 07:40:25.151168,LINE-2-PACKAGING,74.02,2.17
2026-09-18 07:41:25.151168,LINE-2-PACKAGING,75.57,1.79
2026-09-18 07:42:25.151168,LINE-2-PACKAGING,76.44,1.68
2026-09-18 07:43:25.151168,LINE-2-PACKAGING,75.53,2.04
2026-09-18 07:44:25.151168,LINE-2-PACKAGING,73.65,2.12
2026-09-18 07:45:25.151168,LINE-2-PACKAGING,73.53,1.84
2026-09-18 07:46:25.151168,LINE-2-PACKAGING,75.88,2.07
2026-09-18 07:47:25.151168,LINE-2-PACKAGING,74.26,2.17
2026-09-18 07:48:25.151168,LINE-2-PACKAGING,74.97,1.89
2026-09-18 07:49:25.151168,LINE-2-PACKAGING,74.39,2.1
2026-09-18 07:50:25.151168,LINE-2-PACKAGING,74.19,2.0
2026-09-18 07:51:25.151168,LINE-2-PACKAGING,75.75,2.11
2026-09-18 07:52:25.151168,LINE-2-PACKAGING,75.67,1.91
2026-09-18 07:53:25.151168,LINE-2-PACKAGING,75.62,2.12
2026-09-18 07:54:25.151168,LINE-2-PACKAGING,74.54,2.14
2026-09-18 07:55:25.151168,LINE-2-PACKAGING,75.06,2.02
2026-09-18 07:56:25.151168,LINE-2-PACKAGING,76.44,1.85
2026-09-18 07:57:25.151168,LINE-2-PACKAGING,76.89,2.02
2026-09-18 07:58:25.151168,LINE-2-PACKAGING,73.99,1.9
2026-09-18 07:59:25.151168,LINE-2-PACKAGING,74.77,2.11
2026-09-18 08:00:25.151168,LINE-2-PACKAGING,76.08,1.96
2026-09-18 08:01:25.151168,LINE-2-PACKAGING,74.96,1.93
2026-09-18 08:02:25.151168,LINE-2-PACKAGING,75.57,1.92
2026-09-18 08:03:25.151168,LINE-2-PACKAGING,75.9,2.01
2026-09-18 08:04:25.151168,LINE-2-PACKAGING,75.93,1.81
2026-09-18 08:05:25.151168,LINE-2-PACKAGING,74.45,2.02
2026-09-18 08:06:25.151168,LINE-2-PACKAGING,76.09,2.13
2026-09-18 08:07:25.151168,LINE-2-PACKAGING,74.7,1.93
2026-09-18 08:08:25.151168,LINE-2-PACKAGING,76.54,1.94
2026-09-18 08:09:25.151168,LINE-2-PACKAGING,74.54,2.07
2026-09-18 08:10:25.151168,LINE-2-PACKAGING,74.9,1.89
2026-09-18 08:11:25.151168,LINE-2-PACKAGING,75.33,2.0
2026-09-18 08:12:25.151168,LINE-2-PACKAGING,74.43,1.69
2026-09-18 08:13:25.151168,LINE-2-PACKAGING,74.52,2.01
2026-09-18 08:14:25.151168,LINE-2-PACKAGING,76.28,1.84
2026-09-18 08:15:25.151168,LINE-2-PACKAGING,75.11,2.08
2026-09-18 08:16:25.151168,LINE-2-PACKAGING,74.48,1.88
2026-09-18 08:17:25.151168,LINE-2-PACKAGING,74.87,1.98
2026-09-18 08:18:25.151168,LINE-2-PACKAGING,75.18,1.76
2026-09-18 08:19:25.151168,LINE-2-PACKAGING,75.12,2.01
2026-09-18 08:20:25.151168,LINE-2-PACKAGING,76.2,1.94
2026-09-18 08:21:25.151168,LINE-2-PACKAGING,73.95,2.06
2026-09-18 08:22:25.151168,LINE-2-PACKAGING,73.71,2.08
2026-09-18 08:23:25.151168,LINE-2-PACKAGING,75.34,1.78
2026-09-18 08:24:25.151168,LINE-2-PACKAGING,73.93,2.38
2026-09-18 08:25:25.151168,LINE-2-PACKAGING,73.81,1.6
2026-09-18 08:26:25.151168,LINE-2-PACKAGING,73.66,1.9
2026-09-18 08:27:25.151168,LINE-2-PACKAGING,75.45,2.07
2026-09-18 08:28:25.151168,LINE-2-PACKAGING,75.73,2.08
2026-09-18 08:29:25.151168,LINE-2-PACKAGING,77.95,1.92
2026-09-18 08:30:25.151168,LINE-2-PACKAGING,74.15,2.28
2026-09-18 08:31:25.151168,LINE-2-PACKAGING,76.84,1.97
2026-09-18 08:32:25.151168,LINE-2-PACKAGING,77.2,2.28
2026-09-18 08:33:25.151168,LINE-2-PACKAGING,74.8,2.11
2026-09-18 08:34:25.151168,LINE-2-PACKAGING,75.31,2.08
2026-09-18 08:35:25.151168,LINE-2-PACKAGING,74.31,2.1
2026-09-18 08:36:25.151168,LINE-2-PACKAGING,75.84,1.88
2026-09-18 08:37:25.151168,LINE-2-PACKAGING,75.58,1.97
2026-09-18 08:38:25.151168,LINE-2-PACKAGING,75.53,1.69
2026-09-18 08:39:25.151168,LINE-2-PACKAGING,75.22,2.15
2026-09-18 08:40:25.151168,LINE-2-PACKAGING,75.94,2.33
2026-09-18 08:41:25.151168,LINE-2-PACKAGING,75.54,2.21
2026-09-18 08:42:25.151168,LINE-2-PACKAGING,75.4,1.9
2026-09-18 08:43:25.151168,LINE-2-PACKAGING,75.29,2.06
2026-09-18 08:44:25.151168,LINE-2-PACKAGING,74.12,1.93
2026-09-18 08:45:25.151168,LINE-2-PACKAGING,75.79,1.89
2026-09-18 08:46:25.151168,LINE-2-PACKAGING,74.58,2.05
2026-09-18 08:47:25.151168,LINE-2-PACKAGING,75.92,2.02
2026-09-18 08:48:25.151168,LINE-2-PACKAGING,75.97,1.85
2026-09-18 08:49:25.151168,LINE-2-PACKAGING,74.31,1.92
2026-09-18 08:50:25.151168,LINE-2-PACKAGING,75.13,1.9
2026-09-18 08:51:25.151168,LINE-2-PACKAGING,74.48,1.81
2026-09-18 08:52:25.151168,LINE-2-PACKAGING,75.17,2.01
2026-09-18 08:53:25.151168,LINE-2-PACKAGING,74.53,1.97
2026-09-18 08:54:25.151168,LINE-2-PACKAGING,76.19,2.08
2026-09-18 08:55:25.151168,LINE-2-PACKAGING,74.89,1.95
2026-09-18 08:56:25.151168,LINE-2-PACKAGING,72.95,1.96
2026-09-18 08:57:25.151168,LINE-2-PACKAGING,76.33,2.0
2026-09-18 08:58:25.151168,LINE-2-PACKAGING,75.64,2.16
2026-09-18 08:59:25.151168,LINE-2-PACKAGING,73.79,1.77
2026-09-18 09:00:25.151168,LINE-2-PACKAGING,74.57,2.02
2026-09-18 09:01:25.151168,LINE-2-PACKAGING,75.58,2.03
2026-09-18 09:02:25.151168,LINE-2-PACKAGING,75.76,2.08
2026-09-18 09:03:25.151168,LINE-2-PACKAGING,77.07,2.06
2026-09-18 09:04:25.151168,LINE-2-PACKAGING,75.82,1.99
2026-09-18 09:05:25.151168,LINE-2-PACKAGING,72.8,2.17
2026-09-18 09:06:25.151168,LINE-2-PACKAGING,75.13,2.16
2026-09-18 09:07:25.151168,LINE-2-PACKAGING,74.52,2.02
2026-09-18 09:08:25.151168,LINE-2-PACKAGING,76.7,1.77
2026-09-18 09:09:25.151168,LINE-2-PACKAGING,75.2,1.89
2026-09-18 09:10:25.151168,LINE-2-PACKAGING,74.05,1.95
2026-09-18 09:11:25.151168,LINE-2-PACKAGING,76.31,1.94
2026-09-18 09:12:25.151168,LINE-2-PACKAGING,74.19,2.02
2026-09-18 09:13:25.151168,LINE-2-PACKAGING,74.88,2.2
2026-09-18 09:14:25.151168,LINE-2-PACKAGING,75.62,2.01
2026-09-18 09:15:25.151168,LINE-2-PACKAGING,75.75,2.16
2026-09-18 09:16:25.151168,LINE-2-PACKAGING,75.5,2.05
2026-09-18 09:17:25.151168,LINE-2-PACKAGING,75.26,2.29
2026-09-18 09:18:25.151168,LINE-2-PACKAGING,75.59,2.01
2026-09-18 09:19:25.151168,LINE-2-PACKAGING,75.02,2.14
2026-09-18 09:20:25.151168,LINE-2-PACKAGING,74.57,1.96
2026-09-18 09:21:25.151168,LINE-2-PACKAGING,76.05,2.04
2026-09-18 09:22:25.151168,LINE-2-PACKAGING,73.63,1.88
2026-09-18 09:23:25.151168,LINE-2-PACKAGING,74.7,1.96
2026-09-18 09:24:25.151168,LINE-2-PACKAGING,73.45,1.95
2026-09-18 09:25:25.151168,LINE-2-PACKAGING,74.66,1.95
2026-09-18 09:26:25.151168,LINE-2-PACKAGING,75.82,1.97
2026-09-18 09:27:25.151168,LINE-2-PACKAGING,76.03,1.92
2026-09-18 09:28:25.151168,LINE-2-PACKAGING,75.15,2.14
2026-09-18 09:29:25.151168,LINE-2-PACKAGING,75.38,2.14
2026-09-18 09:30:25.151168,LINE-2-PACKAGING,74.94,2.06
2026-09-18 09:31:25.151168,LINE-2-PACKAGING,74.57,2.0
2026-09-18 09:32:25.151168,LINE-2-PACKAGING,75.47,2.22
2026-09-18 09:33:25.151168,LINE-2-PACKAGING,74.47,1.93
2026-09-18 09:34:25.151168,LINE-2-PACKAGING,75.74,1.81
2026-09-18 09:35:25.151168,LINE-2-PACKAGING,74.08,1.98
2026-09-18 09:36:25.151168,LINE-2-PACKAGING,75.74,2.15
2026-09-18 09:37:25.151168,LINE-2-PACKAGING,74.18,2.06
2026-09-18 09:38:25.151168,LINE-2-PACKAGING,75.82,2.16
2026-09-18 09:39:25.151168,LINE-2-PACKAGING,76.53,2.0
2026-09-18 09:40:25.151168,LINE-2-PACKAGING,74.86,1.91
2026-09-18 09:41:25.151168,LINE-2-PACKAGING,76.24,2.12
2026-09-18 09:42:25.151168,LINE-2-PACKAGING,76.33,2.04
2026-09-18 09:43:25.151168,LINE-2-PACKAGING,75.43,1.79
2026-09-18 09:44:25.151168,LINE-2-PACKAGING,75.35,2.08
2026-09-18 09:45:25.151168,LINE-2-PACKAGING,74.41,1.85
2026-09-18 09:46:25.151168,LINE-2-PACKAGING,75.4,2.09
2026-09-18 09:47:25.151168,LINE-2-PACKAGING,75.49,2.28
2026-09-18 09:48:25.151168,LINE-2-PACKAGING,73.89,1.92
2026-09-18 09:49:25.151168,LINE-2-PACKAGING,74.84,2.03
2026-09-18 09:50:25.151168,LINE-2-PACKAGING,74.77,2.08
2026-09-18 09:51:25.151168,LINE-2-PACKAGING,74.77,2.01
2026-09-18 09:52:25.151168,LINE-2-PACKAGING,74.11,1.99
2026-09-18 09:53:25.151168,LINE-2-PACKAGING,75.26,1.97
2026-09-18 09:54:25.151168,LINE-2-PACKAGING,76.03,2.24
2026-09-18 09:55:25.151168,LINE-2-PACKAGING,76.97,1.9
2026-09-18 09:56:25.151168,LINE-2-PACKAGING,74.63,1.96
2026-09-18 09:57:25.151168,LINE-2-PACKAGING,75.16,2.06
2026-09-18 09:58:25.151168,LINE-2-PACKAGING,73.39,2.07
2026-09-18 09:59:25.151168,LINE-2-PACKAGING,74.96,2.12
2026-09-18 10:00:25.151168,LINE-2-PACKAGING,73.31,2.08
2026-09-18 10:01:25.151168,LINE-2-PACKAGING,76.16,2.02
2026-09-18 10:02:25.151168,LINE-2-PACKAGING,76.25,2.06
2026-09-18 10:03:25.151168,LINE-2-PACKAGING,74.64,2.21
2026-09-18 10:04:25.151168,LINE-2-PACKAGING,74.47,1.94
2026-09-18 10:05:25.151168,LINE-2-PACKAGING,76.03,2.01
2026-09-18 10:06:25.151168,LINE-2-PACKAGING,75.54,2.15
2026-09-18 10:07:25.151168,LINE-2-PACKAGING,74.62,1.89
2026-09-18 10:08:25.151168,LINE-2-PACKAGING,74.14,2.15
2026-09-18 10:09:25.151168,LINE-2-PACKAGING,75.06,1.71
2026-09-18 10:10:25.151168,LINE-2-PACKAGING,76.53,1.96
2026-09-18 10:11:25.151168,LINE-2-PACKAGING,72.6,2.21
2026-09-18 10:12:25.151168,LINE-2-PACKAGING,73.75,2.04
2026-09-18 10:13:25.151168,LINE-2-PACKAGING,74.73,1.96
2026-09-18 10:14:25.151168,LINE-2-PACKAGING,74.79,2.05
2026-09-18 10:15:25.151168,LINE-2-PACKAGING,75.63,2.09
2026-09-18 10:16:25.151168,LINE-2-PACKAGING,75.34,2.04
2026-09-18 10:17:25.151168,LINE-2-PACKAGING,74.47,2.2
2026-09-18 10:18:25.151168,LINE-2-PACKAGING,72.96,2.0
2026-09-18 10:19:25.151168,LINE-2-PACKAGING,74.2,1.9
2026-09-18 10:20:25.151168,LINE-2-PACKAGING,75.88,2.05
2026-09-18 10:21:25.151168,LINE-2-PACKAGING,74.95,2.1
2026-09-18 10:22:25.151168,LINE-2-PACKAGING,75.31,1.92
2026-09-18 10:23:25.151168,LINE-2-PACKAGING,77.25,2.04
2026-09-18 10:24:25.151168,LINE-2-PACKAGING,75.0,1.89
2026-09-18 10:25:25.151168,LINE-2-PACKAGING,74.94,2.05
2026-09-18 10:26:25.151168,LINE-2-PACKAGING,74.06,1.91
2026-09-18 10:27:25.151168,LINE-2-PACKAGING,73.65,2.06
2026-09-18 10:28:25.151168,LINE-2-PACKAGING,74.38,1.93
2026-09-18 10:29:25.151168,LINE-2-PACKAGING,75.67,1.91
2026-09-18 10:30:25.151168,LINE-2-PACKAGING,76.11,1.6
2026-09-18 10:31:25.151168,LINE-2-PACKAGING,74.8,2.15
2026-09-18 10:32:25.151168,LINE-2-PACKAGING,74.59,2.23
2026-09-18 10:33:25.151168,LINE-2-PACKAGING,75.38,2.03
2026-09-18 10:34:25.151168,LINE-2-PACKAGING,73.48,2.08
2026-09-18 10:35:25.151168,LINE-2-PACKAGING,75.15,1.82
2026-09-18 10:36:25.151168,LINE-2-PACKAGING,77.07,1.81
2026-09-18 10:37:25.151168,LINE-2-PACKAGING,74.65,2.01
2026-09-18 10:38:25.151168,LINE-2-PACKAGING,77.47,1.95
2026-09-18 10:39:25.151168,LINE-2-PACKAGING,74.69,1.99
2026-09-18 10:40:25.151168,LINE-2-PACKAGING,74.56,2.24
2026-09-18 10:41:25.151168,LINE-2-PACKAGING,74.54,2.03
2026-09-18 10:42:25.151168,LINE-2-PACKAGING,75.46,2.04
2026-09-18 10:43:25.151168,LINE-2-PACKAGING,74.38,2.01
2026-09-18 10:44:25.151168,LINE-2-PACKAGING,75.13,1.93
2026-09-18 10:45:25.151168,LINE-2-PACKAGING,74.43,1.79
2026-09-18 10:46:25.151168,LINE-2-PACKAGING,74.18,1.8
2026-09-18 10:47:25.151168,LINE-2-PACKAGING,73.18,2.18
2026-09-18 10:48:25.151168,LINE-2-PACKAGING,75.41,2.02
2026-09-18 10:49:25.151168,LINE-2-PACKAGING,76.45,2.15
2026-09-18 10:50:25.151168,LINE-2-PACKAGING,76.1,1.93
2026-09-18 10:51:25.151168,LINE-2-PACKAGING,75.02,1.88
2026-09-18 10:52:25.151168,LINE-2-PACKAGING,74.07,1.95
2026-09-18 10:53:25.151168,LINE-2-PACKAGING,75.3,1.97
2026-09-18 10:54:25.151168,LINE-2-PACKAGING,77.67,2.03
2026-09-18 10:55:25.151168,LINE-2-PACKAGING,75.08,1.86
2026-09-18 10:56:25.151168,LINE-2-PACKAGING,77.12,2.23
2026-09-18 10:57:25.151168,LINE-2-PACKAGING,74.79,2.06
2026-09-18 10:58:25.151168,LINE-2-PACKAGING,75.3,1.83
2026-09-18 10:59:25.151168,LINE-2-PACKAGING,72.79,1.86
2026-09-18 11:00:25.151168,LINE-2-PACKAGING,74.83,1.92
2026-09-18 11:01:25.151168,LINE-2-PACKAGING,74.59,2.19
2026-09-18 11:02:25.151168,LINE-2-PACKAGING,73.42,2.13
2026-09-18 11:03:25.151168,LINE-2-PACKAGING,73.58,2.04
2026-09-18 11:04:25.151168,LINE-2-PACKAGING,76.84,2.06
2026-09-18 11:05:25.151168,LINE-2-PACKAGING,75.41,1.94
2026-09-18 11:06:25.151168,LINE-2-PACKAGING,75.71,2.11
2026-09-18 11:07:25.151168,LINE-2-PACKAGING,75.94,1.96
2026-09-18 11:08:25.151168,LINE-2-PACKAGING,76.02,1.89
2026-09-18 11:09:25.151168,LINE-2-PACKAGING,73.86,2.09
2026-09-18 11:10:25.151168,LINE-2-PACKAGING,76.37,2.11
2026-09-18 11:11:25.151168,LINE-2-PACKAGING,75.25,1.97
2026-09-18 11:12:25.151168,LINE-2-PACKAGING,74.94,1.93
2026-09-18 11:13:25.151168,LINE-2-PACKAGING,74.74,2.0
2026-09-18 11:14:25.151168,LINE-2-PACKAGING,75.91,2.2
2026-09-18 11:15:25.151168,LINE-2-PACKAGING,74.76,2.22
2026-09-18 11:16:25.151168,LINE-2-PACKAGING,75.55,1.71
2026-09-18 11:17:25.151168,LINE-2-PACKAGING,74.96,2.15
2026-09-18 11:18:25.151168,LINE-2-PACKAGING,74.33,1.99
2026-09-18 11:19:25.151168,LINE-2-PACKAGING,75.37,2.1
2026-09-18 11:20:25.151168,LINE-2-PACKAGING,74.88,2.21
2026-09-18 11:21:25.151168,LINE-2-PACKAGING,74.92,2.32
2026-09-18 11:22:25.151168,LINE-2-PACKAGING,74.22,1.89
2026-09-18 11:23:25.151168,LINE-2-PACKAGING,73.93,1.83
2026-09-18 11:24:25.151168,LINE-2-PACKAGING,75.36,2.34
2026-09-18 11:25:25.151168,LINE-2-PACKAGING,73.98,2.12
2026-09-18 11:26:25.151168,LINE-2-PACKAGING,76.46,1.83
2026-09-18 11:27:25.151168,LINE-2-PACKAGING,74.36,2.02
2026-09-18 11:28:25.151168,LINE-2-PACKAGING,74.43,2.01
2026-09-18 11:29:25.151168,LINE-2-PACKAGING,74.47,2.06
2026-09-18 11:30:25.151168,LINE-2-PACKAGING,76.07,2.0
2026-09-18 11:31:25.151168,LINE-2-PACKAGING,76.8,2.03
2026-09-18 11:32:25.151168,LINE-2-PACKAGING,75.3,1.83
2026-09-18 11:33:25.151168,LINE-2-PACKAGING,74.99,1.72
2026-09-18 11:34:25.151168,LINE-2-PACKAGING,73.47,2.13
2026-09-18 11:35:25.151168,LINE-2-PACKAGING,76.4,2.17
2026-09-18 11:36:25.151168,LINE-2-PACKAGING,74.26,2.04
2026-09-18 11:37:25.151168,LINE-2-PACKAGING,73.39,1.77
2026-09-18 11:38:25.151168,LINE-2-PACKAGING,75.71,1.98
2026-09-18 11:39:25.151168,LINE-2-PACKAGING,74.92,2.16
2026-09-18 11:40:25.151168,LINE-2-PACKAGING,74.35,1.93
2026-09-18 11:41:25.151168,LINE-2-PACKAGING,75.46,2.03
2026-09-18 11:42:25.151168,LINE-2-PACKAGING,75.35,2.03
2026-09-18 11:43:25.151168,LINE-2-PACKAGING,74.15,1.99
2026-09-18 11:44:25.151168,LINE-2-PACKAGING,75.23,2.19
2026-09-18 11:45:25.151168,LINE-2-PACKAGING,73.65,1.95
2026-09-18 11:46:25.151168,LINE-2-PACKAGING,75.16,2.02
2026-09-18 11:47:25.151168,LINE-2-PACKAGING,76.47,1.92
2026-09-18 11:48:25.151168,LINE-2-PACKAGING,74.34,1.82
2026-09-18 11:49:25.151168,LINE-2-PACKAGING,75.67,2.09
2026-09-18 11:50:25.151168,LINE-2-PACKAGING,74.39,2.28
2026-09-18 11:51:25.151168,LINE-2-PACKAGING,76.89,1.99
2026-09-18 11:52:25.151168,LINE-2-PACKAGING,76.77,2.02
2026-09-18 11:53:25.151168,LINE-2-PACKAGING,75.1,2.2
2026-09-18 11:54:25.151168,LINE-2-PACKAGING,74.53,1.95
2026-09-18 11:55:25.151168,LINE-2-PACKAGING,74.29,1.97
2026-09-18 11:56:25.151168,LINE-2-PACKAGING,76.15,2.19
2026-09-18 11:57:25.151168,LINE-2-PACKAGING,74.91,2.05
2026-09-18 11:58:25.151168,LINE-2-PACKAGING,76.53,1.95
2026-09-18 11:59:25.151168,LINE-2-PACKAGING,73.85,2.22
2026-09-18 12:00:25.151168,LINE-2-PACKAGING,74.84,1.8
2026-09-18 12:01:25.151168,LINE-2-PACKAGING,74.6,1.69
2026-09-18 12:02:25.151168,LINE-2-PACKAGING,73.5,2.06
2026-09-18 12:03:25.151168,LINE-2-PACKAGING,75.1,1.94
2026-09-18 12:04:25.151168,LINE-2-PACKAGING,74.96,1.98
2026-09-18 12:05:25.151168,LINE-2-PACKAGING,74.43,2.18
2026-09-18 12:06:25.151168,LINE-2-PACKAGING,73.55,1.92
2026-09-18 12:07:25.151168,LINE-2-PACKAGING,75.05,2.18
2026-09-18 12:08:25.151168,LINE-2-PACKAGING,76.13,2.16
2026-09-18 12:09:25.151168,LINE-2-PACKAGING,76.33,1.87
2026-09-18 12:10:25.151168,LINE-2-PACKAGING,75.91,2.06
2026-09-18 12:11:25.151168,LINE-2-PACKAGING,74.46,2.06
2026-09-18 12:12:25.151168,LINE-2-PACKAGING,74.03,1.9
2026-09-18 12:13:25.151168,LINE-2-PACKAGING,75.82,1.94
2026-09-18 12:14:25.151168,LINE-2-PACKAGING,75.12,1.8
2026-09-18 12:15:25.151168,LINE-2-PACKAGING,75.62,1.86
2026-09-18 12:16:25.151168,LINE-2-PACKAGING,74.98,1.96
2026-09-18 12:17:25.151168,LINE-2-PACKAGING,73.49,2.13
2026-09-18 12:18:25.151168,LINE-2-PACKAGING,74.88,2.03
2026-09-18 12:19:25.151168,LINE-2-PACKAGING,74.14,1.92
2026-09-18 12:20:25.151168,LINE-2-PACKAGING,74.4,2.11
2026-09-18 12:21:25.151168,LINE-2-PACKAGING,74.19,1.83
2026-09-18 12:22:25.151168,LINE-2-PACKAGING,75.6,2.03
2026-09-18 12:23:25.151168,LINE-2-PACKAGING,74.57,1.88
2026-09-18 12:24:25.151168,LINE-2-PACKAGING,76.2,1.9
2026-09-18 12:25:25.151168,LINE-2-PACKAGING,75.84,2.0
2026-09-18 12:26:25.151168,LINE-2-PACKAGING,73.91,2.11
2026-09-18 12:27:25.151168,LINE-2-PACKAGING,75.57,1.88
2026-09-18 12:28:25.151168,LINE-2-PACKAGING,74.74,1.85
2026-09-18 12:29:25.151168,LINE-2-PACKAGING,74.5,1.72
2026-09-18 12:30:25.151168,LINE-2-PACKAGING,75.18,2.18
2026-09-18 12:31:25.151168,LINE-2-PACKAGING,75.81,1.93
2026-09-18 12:32:25.151168,LINE-2-PACKAGING,74.49,1.95
2026-09-18 12:33:25.151168,LINE-2-PACKAGING,76.54,2.14
2026-09-18 12:34:25.151168,LINE-2-PACKAGING,73.88,2.06
2026-09-18 12:35:25.151168,LINE-2-PACKAGING,74.12,2.11
2026-09-18 12:36:25.151168,LINE-2-PACKAGING,75.39,2.1
2026-09-18 12:37:25.151168,LINE-2-PACKAGING,74.48,1.86
2026-09-18 12:38:25.151168,LINE-2-PACKAGING,75.72,2.46
2026-09-18 12:39:25.151168,LINE-2-PACKAGING,76.57,2.06
2026-09-18 12:40:25.151168,LINE-2-PACKAGING,73.71,2.09
2026-09-18 12:41:25.151168,LINE-2-PACKAGING,75.24,2.18
2026-09-18 12:42:25.151168,LINE-2-PACKAGING,76.41,1.89
2026-09-18 12:43:25.151168,LINE-2-PACKAGING,74.96,2.11
2026-09-18 12:44:25.151168,LINE-2-PACKAGING,75.89,2.28
2026-09-18 12:45:25.151168,LINE-2-PACKAGING,75.55,2.0
2026-09-18 12:46:25.151168,LINE-2-PACKAGING,76.48,1.82
2026-09-18 12:47:25.151168,LINE-2-PACKAGING,74.94,1.74
2026-09-18 12:48:25.151168,LINE-2-PACKAGING,73.5,2.26
2026-09-18 12:49:25.151168,LINE-2-PACKAGING,76.34,2.16
2026-09-18 12:50:25.151168,LINE-2-PACKAGING,77.14,1.71
2026-09-18 12:51:25.151168,LINE-2-PACKAGING,74.02,2.0
2026-09-18 12:52:25.151168,LINE-2-PACKAGING,73.59,2.29
2026-09-18 12:53:25.151168,LINE-2-PACKAGING,73.2,1.99
2026-09-18 12:54:25.151168,LINE-2-PACKAGING,74.65,1.93
2026-09-18 12:55:25.151168,LINE-2-PACKAGING,75.63,2.14
2026-09-18 12:56:25.151168,LINE-2-PACKAGING,73.41,2.12
2026-09-18 12:57:25.151168,LINE-2-PACKAGING,73.06,2.25
2026-09-18 12:58:25.151168,LINE-2-PACKAGING,75.15,2.0
2026-09-18 12:59:25.151168,LINE-2-PACKAGING,74.94,1.77
2026-09-18 13:00:25.151168,LINE-2-PACKAGING,75.77,2.0
2026-09-18 13:01:25.151168,LINE-2-PACKAGING,75.23,2.08
2026-09-18 13:02:25.151168,LINE-2-PACKAGING,74.26,2.11
2026-09-18 13:03:25.151168,LINE-2-PACKAGING,74.54,1.94
2026-09-18 13:04:25.151168,LINE-2-PACKAGING,73.36,1.85
2026-09-18 13:05:25.151168,LINE-2-PACKAGING,75.96,1.84
2026-09-18 13:06:25.151168,LINE-2-PACKAGING,74.54,1.97
2026-09-18 13:07:25.151168,LINE-2-PACKAGING,73.53,2.0
2026-09-18 13:08:25.151168,LINE-2-PACKAGING,74.19,1.8
2026-09-18 13:09:25.151168,LINE-2-PACKAGING,75.02,1.9
2026-09-18 13:10:25.151168,LINE-2-PACKAGING,75.61,1.98
2026-09-18 13:11:25.151168,LINE-2-PACKAGING,73.32,2.04
2026-09-18 13:12:25.151168,LINE-2-PACKAGING,74.82,2.0
2026-09-18 13:13:25.151168,LINE-2-PACKAGING,75.26,2.13
2026-09-18 13:14:25.151168,LINE-2-PACKAGING,75.76,2.15
2026-09-18 13:15:25.151168,LINE-2-PACKAGING,74.11,2.11
2026-09-18 13:16:25.151168,LINE-2-PACKAGING,75.7,2.07
2026-09-18 13:17:25.151168,LINE-2-PACKAGING,75.16,1.84
2026-09-18 13:18:25.151168,LINE-2-PACKAGING,75.13,2.13
2026-09-18 13:19:25.151168,LINE-2-PACKAGING,74.25,1.89
2026-09-18 13:20:25.151168,LINE-2-PACKAGING,75.81,1.91
2026-09-18 13:21:25.151168,LINE-2-PACKAGING,74.76,2.01
2026-09-18 13:22:25.151168,LINE-2-PACKAGING,75.83,2.1
2026-09-18 13:23:25.151168,LINE-2-PACKAGING,74.56,2.13
2026-09-18 13:24:25.151168,LINE-2-PACKAGING,74.01,1.85
2026-09-18 13:25:25.151168,LINE-2-PACKAGING,74.26,1.9
2026-09-18 13:26:25.151168,LINE-2-PACKAGING,74.89,2.11
2026-09-18 13:27:25.151168,LINE-2-PACKAGING,73.46,2.0
2026-09-18 13:28:25.151168,LINE-2-PACKAGING,73.08,2.22
2026-09-18 13:29:25.151168,LINE-2-PACKAGING,76.29,1.86
2026-09-18 13:30:25.151168,LINE-2-PACKAGING,75.22,1.87
2026-09-18 13:31:25.151168,LINE-2-PACKAGING,74.07,1.99
2026-09-18 13:32:25.151168,LINE-2-PACKAGING,75.96,2.21
2026-09-18 13:33:25.151168,LINE-2-PACKAGING,75.02,1.97
2026-09-18 13:34:25.151168,LINE-2-PACKAGING,74.38,2.17
2026-09-18 13:35:25.151168,LINE-2-PACKAGING,74.79,1.97
2026-09-18 13:36:25.151168,LINE-2-PACKAGING,75.18,1.97
2026-09-18 13:37:25.151168,LINE-2-PACKAGING,74.57,1.87
2026-09-18 13:38:25.151168,LINE-2-PACKAGING,76.27,2.05
2026-09-18 13:39:25.151168,LINE-2-PACKAGING,73.8,2.17
2026-09-18 13:40:25.151168,LINE-2-PACKAGING,73.75,1.84
2026-09-18 13:41:25.151168,LINE-2-PACKAGING,75.39,2.0
2026-09-18 13:42:25.151168,LINE-2-PACKAGING,75.75,2.05
2026-09-18 13:43:25.151168,LINE-2-PACKAGING,74.88,1.76
2026-09-18 13:44:25.151168,LINE-2-PACKAGING,76.14,1.92
2026-09-18 13:45:25.151168,LINE-2-PACKAGING,75.69,1.94
2026-09-18 13:46:25.151168,LINE-2-PACKAGING,74.48,2.16
2026-09-18 13:47:25.151168,LINE-2-PACKAGING,75.14,1.85
2026-09-18 13:48:25.151168,LINE-2-PACKAGING,75.12,1.76
2026-09-18 13:49:25.151168,LINE-2-PACKAGING,76.29,1.93
2026-09-18 13:50:25.151168,LINE-2-PACKAGING,76.23,2.18
2026-09-18 13:51:25.151168,LINE-2-PACKAGING,77.12,2.07
2026-09-18 13:52:25.151168,LINE-2-PACKAGING,75.63,1.93
2026-09-18 13:53:25.151168,LINE-2-PACKAGING,75.04,2.08
2026-09-18 13:54:25.151168,LINE-2-PACKAGING,74.01,2.13
2026-09-18 13:55:25.151168,LINE-2-PACKAGING,75.85,1.92
2026-09-18 13:56:25.151168,LINE-2-PACKAGING,74.44,2.11
2026-09-18 13:57:25.151168,LINE-2-PACKAGING,75.48,1.99
2026-09-18 13:58:25.151168,LINE-2-PACKAGING,74.95,2.3
2026-09-18 13:59:25.151168,LINE-2-PACKAGING,74.26,2.24
2026-09-18 14:00:25.151168,LINE-2-PACKAGING,75.2,1.89
2026-09-18 14:01:25.151168,LINE-2-PACKAGING,74.3,2.13
2026-09-18 14:02:25.151168,LINE-2-PACKAGING,74.71,1.99
2026-09-18 14:03:25.151168,LINE-2-PACKAGING,75.02,2.07
2026-09-18 14:04:25.151168,LINE-2-PACKAGING,75.44,1.94
2026-09-18 14:05:25.151168,LINE-2-PACKAGING,75.14,1.9
2026-09-18 14:06:25.151168,LINE-2-PACKAGING,75.09,1.73
2026-09-18 14:07:25.151168,LINE-2-PACKAGING,75.67,2.19
2026-09-18 14:08:25.151168,LINE-2-PACKAGING,75.14,1.82
2026-09-18 14:09:25.151168,LINE-2-PACKAGING,74.44,1.84
2026-09-18 14:10:25.151168,LINE-2-PACKAGING,75.93,2.02
2026-09-18 14:11:25.151168,LINE-2-PACKAGING,75.01,2.21
2026-09-18 14:12:25.151168,LINE-2-PACKAGING,75.31,1.84
2026-09-18 14:13:25.151168,LINE-2-PACKAGING,75.63,1.81
2026-09-18 14:14:25.151168,LINE-2-PACKAGING,76.66,2.1
2026-09-18 14:15:25.151168,LINE-2-PACKAGING,76.62,2.17
2026-09-18 14:16:25.151168,LINE-2-PACKAGING,77.29,2.05
2026-09-18 14:17:25.151168,LINE-2-PACKAGING,74.61,2.23
2026-09-18 14:18:25.151168,LINE-2-PACKAGING,74.46,2.05
2026-09-18 14:19:25.151168,LINE-2-PACKAGING,75.86,2.18
2026-09-18 14:20:25.151168,LINE-2-PACKAGING,75.69,2.02
2026-09-18 14:21:25.151168,LINE-2-PACKAGING,76.58,2.01
2026-09-18 14:22:25.151168,LINE-2-PACKAGING,74.67,1.75
2026-09-18 14:23:25.151168,LINE-2-PACKAGING,72.97,1.95
2026-09-18 14:24:25.151168,LINE-2-PACKAGING,75.22,2.23
2026-09-18 14:25:25.151168,LINE-2-PACKAGING,76.13,1.93
2026-09-18 14:26:25.151168,LINE-2-PACKAGING,74.54,1.85
2026-09-18 14:27:25.151168,LINE-2-PACKAGING,74.76,1.92
2026-09-18 14:28:25.151168,LINE-2-PACKAGING,75.33,2.06
2026-09-18 14:29:25.151168,LINE-2-PACKAGING,76.25,2.2
2026-09-18 14:30:25.151168,LINE-2-PACKAGING,75.84,2.03
2026-09-18 14:31:25.151168,LINE-2-PACKAGING,75.15,2.16
2026-09-18 14:32:25.151168,LINE-2-PACKAGING,74.94,2.07
2026-09-18 14:33:25.151168,LINE-2-PACKAGING,74.93,1.81
2026-09-18 14:34:25.151168,LINE-2-PACKAGING,73.65,1.91
2026-09-18 14:35:25.151168,LINE-2-PACKAGING,74.16,1.86
2026-09-18 14:36:25.151168,LINE-2-PACKAGING,74.41,2.03
2026-09-18 14:37:25.151168,LINE-2-PACKAGING,74.6,2.07
2026-09-18 14:38:25.151168,LINE-2-PACKAGING,75.1,1.82
2026-09-18 14:39:25.151168,LINE-2-PACKAGING,74.76,2.06
2026-09-18 14:40:25.151168,LINE-2-PACKAGING,76.58,1.89
2026-09-18 14:41:25.151168,LINE-2-PACKAGING,75.17,2.14
2026-09-18 14:42:25.151168,LINE-2-PACKAGING,74.23,1.91
2026-09-18 14:43:25.151168,LINE-2-PACKAGING,74.61,1.9
2026-09-18 14:44:25.151168,LINE-2-PACKAGING,74.68,2.16
2026-09-18 14:45:25.151168,LINE-2-PACKAGING,74.41,2.25
2026-09-18 14:46:25.151168,LINE-2-PACKAGING,74.25,2.0
2026-09-18 14:47:25.151168,LINE-2-PACKAGING,74.85,2.0
2026-09-18 14:48:25.151168,LINE-2-PACKAGING,76.46,1.86
2026-09-18 14:49:25.151168,LINE-2-PACKAGING,74.61,1.74
2026-09-18 14:50:25.151168,LINE-2-PACKAGING,74.76,2.24
2026-09-18 14:51:25.151168,LINE-2-PACKAGING,77.12,1.92
2026-09-18 14:52:25.151168,LINE-2-PACKAGING,73.4,1.94
2026-09-18 14:53:25.151168,LINE-2-PACKAGING,73.99,1.96
2026-09-18 14:54:25.151168,LINE-2-PACKAGING,75.82,1.96
2026-09-18 14:55:25.151168,LINE-2-PACKAGING,74.72,1.95
2026-09-18 14:56:25.151168,LINE-2-PACKAGING,74.79,2.17
2026-09-18 14:57:25.151168,LINE-2-PACKAGING,75.83,2.13
2026-09-18 14:58:25.151168,LINE-2-PACKAGING,72.79,2.08
2026-09-18 14:59:25.151168,LINE-2-PACKAGING,76.03,2.03
2026-09-18 15:00:25.151168,LINE-2-PACKAGING,75.46,1.76
2026-09-18 15:01:25.151168,LINE-2-PACKAGING,75.92,1.93
2026-09-18 15:02:25.151168,LINE-2-PACKAGING,73.23,2.17
2026-09-18 15:03:25.151168,LINE-2-PACKAGING,76.07,1.98
2026-09-18 15:04:25.151168,LINE-2-PACKAGING,75.66,2.1
2026-09-18 15:05:25.151168,LINE-2-PACKAGING,75.34,1.84
2026-09-18 15:06:25.151168,LINE-2-PACKAGING,74.78,1.78
2026-09-18 15:07:25.151168,LINE-2-PACKAGING,77.56,2.05
2026-09-18 15:08:25.151168,LINE-2-PACKAGING,74.33,2.05
2026-09-18 15:09:25.151168,LINE-2-PACKAGING,75.75,1.97
2026-09-18 15:10:25.151168,LINE-2-PACKAGING,73.31,1.97
2026-09-18 15:11:25.151168,LINE-2-PACKAGING,76.82,2.03
2026-09-18 15:12:25.151168,LINE-2-PACKAGING,75.27,1.84
2026-09-18 15:13:25.151168,LINE-2-PACKAGING,74.01,2.03
2026-09-18 15:14:25.151168,LINE-2-PACKAGING,73.82,2.12
2026-09-18 15:15:25.151168,LINE-2-PACKAGING,76.13,1.93
2026-09-18 15:16:25.151168,LINE-2-PACKAGING,75.61,1.95
2026-09-18 15:17:25.151168,LINE-2-PACKAGING,75.34,1.98
2026-09-18 15:18:25.151168,LINE-2-PACKAGING,74.36,2.19
2026-09-18 15:19:25.151168,LINE-2-PACKAGING,74.47,2.02
2026-09-18 15:20:25.151168,LINE-2-PACKAGING,75.69,2.02
2026-09-18 15:21:25.151168,LINE-2-PACKAGING,77.36,2.03
2026-09-18 15:22:25.151168,LINE-2-PACKAGING,74.84,2.05
2026-09-18 15:23:25.151168,LINE-2-PACKAGING,73.21,2.05
2026-09-18 15:24:25.151168,LINE-2-PACKAGING,75.47,2.19
2026-09-18 15:25:25.151168,LINE-2-PACKAGING,74.95,2.12
2026-09-18 15:26:25.151168,LINE-2-PACKAGING,75.17,2.12
2026-09-18 15:27:25.151168,LINE-2-PACKAGING,75.01,1.58
2026-09-18 15:28:25.151168,LINE-2-PACKAGING,74.52,1.88
2026-09-18 15:29:25.151168,LINE-2-PACKAGING,72.93,1.95
2026-09-18 15:30:25.151168,LINE-2-PACKAGING,77.02,1.9
2026-09-18 15:31:25.151168,LINE-2-PACKAGING,75.23,2.16
2026-09-18 15:32:25.151168,LINE-2-PACKAGING,75.02,1.88
2026-09-18 15:33:25.151168,LINE-2-PACKAGING,75.2,2.12
2026-09-18 15:34:25.151168,LINE-2-PACKAGING,75.42,2.09
2026-09-18 15:35:25.151168,LINE-2-PACKAGING,73.75,2.08
2026-09-18 15:36:25.151168,LINE-2-PACKAGING,75.71,2.11
2026-09-18 15:37:25.151168,LINE-2-PACKAGING,76.58,1.88
2026-09-18 15:38:25.151168,LINE-2-PACKAGING,75.47,1.94
2026-09-18 15:39:25.151168,LINE-2-PACKAGING,75.27,2.04
2026-09-18 15:40:25.151168,LINE-2-PACKAGING,74.72,2.15
2026-09-18 15:41:25.151168,LINE-2-PACKAGING,75.18,2.1
2026-09-18 15:42:25.151168,LINE-2-PACKAGING,76.68,1.95
2026-09-18 15:43:25.151168,LINE-2-PACKAGING,75.06,1.88
2026-09-18 15:44:25.151168,LINE-2-PACKAGING,73.69,2.07
2026-09-18 15:45:25.151168,LINE-2-PACKAGING,75.05,1.96
2026-09-18 15:46:25.151168,LINE-2-PACKAGING,75.47,1.97
2026-09-18 15:47:25.151168,LINE-2-PACKAGING,77.8,2.0
2026-09-18 15:48:25.151168,LINE-2-PACKAGING,74.05,2.06
2026-09-18 15:49:25.151168,LINE-2-PACKAGING,74.32,2.0
2026-09-18 15:50:25.151168,LINE-2-PACKAGING,73.38,2.32
2026-09-18 15:51:25.151168,LINE-2-PACKAGING,74.92,1.66
2026-09-18 15:52:25.151168,LINE-2-PACKAGING,76.13,2.1
2026-09-18 15:53:25.151168,LINE-2-PACKAGING,75.06,2.0
2026-09-18 15:54:25.151168,LINE-2-PACKAGING,74.3,1.97
2026-09-18 15:55:25.151168,LINE-2-PACKAGING,75.82,1.94
2026-09-18 15:56:25.151168,LINE-2-PACKAGING,75.4,2.03
2026-09-18 15:57:25.151168,LINE-2-PACKAGING,75.78,2.16
2026-09-18 15:58:25.151168,LINE-2-PACKAGING,76.34,2.08
2026-09-18 15:59:25.151168,LINE-2-PACKAGING,73.58,1.83
2026-09-18 16:00:25.151168,LINE-2-PACKAGING,74.89,2.04
2026-09-18 16:01:25.151168,LINE-2-PACKAGING,74.86,1.87
2026-09-18 16:02:25.151168,LINE-2-PACKAGING,75.49,1.81
2026-09-18 16:03:25.151168,LINE-2-PACKAGING,74.18,1.93
2026-09-18 16:04:25.151168,LINE-2-PACKAGING,76.36,2.02
2026-09-18 16:05:25.151168,LINE-2-PACKAGING,74.88,1.89
2026-09-18 16:06:25.151168,LINE-2-PACKAGING,75.72,1.82
2026-09-18 16:07:25.151168,LINE-2-PACKAGING,72.74,2.25
2026-09-18 16:08:25.151168,LINE-2-PACKAGING,74.34,1.75
2026-09-18 16:09:25.151168,LINE-2-PACKAGING,76.08,2.2
2026-09-18 16:10:25.151168,LINE-2-PACKAGING,73.97,1.9
2026-09-18 16:11:25.151168,LINE-2-PACKAGING,74.82,2.08
2026-09-18 16:12:25.151168,LINE-2-PACKAGING,74.1,2.21
2026-09-18 16:13:25.151168,LINE-2-PACKAGING,73.76,2.18
2026-09-18 16:14:25.151168,LINE-2-PACKAGING,76.74,1.74
2026-09-18 16:15:25.151168,LINE-2-PACKAGING,75.52,2.04
2026-09-18 16:16:25.151168,LINE-2-PACKAGING,75.48,2.03
2026-09-18 16:17:25.151168,LINE-2-PACKAGING,72.91,2.09
2026-09-18 16:18:25.151168,LINE-2-PACKAGING,74.61,2.01
2026-09-18 16:19:25.151168,LINE-2-PACKAGING,76.18,2.12
2026-09-18 16:20:25.151168,LINE-2-PACKAGING,74.06,2.14
2026-09-18 16:21:25.151168,LINE-2-PACKAGING,75.41,2.14
2026-09-18 16:22:25.151168,LINE-2-PACKAGING,74.69,2.05
2026-09-18 16:23:25.151168,LINE-2-PACKAGING,75.17,2.13
2026-09-18 16:24:25.151168,LINE-2-PACKAGING,75.18,2.06
2026-09-18 16:25:25.151168,LINE-2-PACKAGING,74.16,1.94
2026-09-18 16:26:25.151168,LINE-2-PACKAGING,74.89,1.96
2026-09-18 16:27:25.151168,LINE-2-PACKAGING,74.14,2.12
2026-09-18 16:28:25.151168,LINE-2-PACKAGING,76.75,2.23
2026-09-18 16:29:25.151168,LINE-2-PACKAGING,74.93,2.31
2026-09-18 16:30:25.151168,LINE-2-PACKAGING,75.89,1.96
2026-09-18 16:31:25.151168,LINE-2-PACKAGING,75.21,2.3
2026-09-18 16:32:25.151168,LINE-2-PACKAGING,74.36,1.93
2026-09-18 16:33:25.151168,LINE-2-PACKAGING,75.18,2.26
2026-09-18 16:34:25.151168,LINE-2-PACKAGING,74.77,1.81
2026-09-18 16:35:25.151168,LINE-2-PACKAGING,75.32,1.97
2026-09-18 16:36:25.151168,LINE-2-PACKAGING,74.86,2.09
2026-09-18 16:37:25.151168,LINE-2-PACKAGING,74.55,2.02
2026-09-18 16:38:25.151168,LINE-2-PACKAGING,75.45,1.95
2026-09-18 16:39:25.151168,LINE-2-PACKAGING,75.69,1.74
2026-09-18 16:40:25.151168,LINE-2-PACKAGING,75.15,1.96
2026-09-18 16:41:25.151168,LINE-2-PACKAGING,73.98,1.68
2026-09-18 16:42:25.151168,LINE-2-PACKAGING,74.17,2.06
2026-09-18 16:43:25.151168,LINE-2-PACKAGING,75.3,2.1
2026-09-18 16:44:25.151168,LINE-2-PACKAGING,73.83,1.98
2026-09-18 16:45:25.151168,LINE-2-PACKAGING,75.65,2.16
2026-09-18 16:46:25.151168,LINE-2-PACKAGING,75.57,2.05
2026-09-18 16:47:25.151168,LINE-2-PACKAGING,75.39,1.93
2026-09-18 16:48:25.151168,LINE-2-PACKAGING,76.32,1.86
2026-09-18 16:49:25.151168,LINE-2-PACKAGING,74.7,1.69
2026-09-18 16:50:25.151168,LINE-2-PACKAGING,76.7,1.79
2026-09-18 16:51:25.151168,LINE-2-PACKAGING,74.59,2.38
2026-09-18 16:52:25.151168,LINE-2-PACKAGING,74.58,2.18
2026-09-18 16:53:25.151168,LINE-2-PACKAGING,74.44,2.02
2026-09-18 16:54:25.151168,LINE-2-PACKAGING,76.9,2.16
2026-09-18 16:55:25.151168,LINE-2-PACKAGING,73.56,1.91
2026-09-18 16:56:25.151168,LINE-2-PACKAGING,75.06,2.06
2026-09-18 16:57:25.151168,LINE-2-PACKAGING,75.31,2.05
2026-09-18 16:58:25.151168,LINE-2-PACKAGING,75.71,1.88
2026-09-18 16:59:25.151168,LINE-2-PACKAGING,76.31,2.24
2026-09-18 17:00:25.151168,LINE-2-PACKAGING,74.57,1.93
2026-09-18 17:01:25.151168,LINE-2-PACKAGING,73.99,2.05
2026-09-18 17:02:25.151168,LINE-2-PACKAGING,76.06,1.68
2026-09-18 17:03:25.151168,LINE-2-PACKAGING,75.18,2.47
2026-09-18 17:04:25.151168,LINE-2-PACKAGING,76.33,2.13
2026-09-18 17:05:25.151168,LINE-2-PACKAGING,75.45,2.01
2026-09-18 17:06:25.151168,LINE-2-PACKAGING,73.48,2.14
2026-09-18 17:07:25.151168,LINE-2-PACKAGING,74.15,2.11
2026-09-18 17:08:25.151168,LINE-2-PACKAGING,75.89,1.96
2026-09-18 17:09:25.151168,LINE-2-PACKAGING,74.45,2.18
2026-09-18 17:10:25.151168,LINE-2-PACKAGING,75.55,2.16
2026-09-18 17:11:25.151168,LINE-2-PACKAGING,76.32,1.91
2026-09-18 17:12:25.151168,LINE-2-PACKAGING,76.15,1.8
2026-09-18 17:13:25.151168,LINE-2-PACKAGING,74.55,2.12
2026-09-18 17:14:25.151168,LINE-2-PACKAGING,77.25,2.15
2026-09-18 17:15:25.151168,LINE-2-PACKAGING,74.31,1.93
2026-09-18 17:16:25.151168,LINE-2-PACKAGING,73.94,2.27
2026-09-18 17:17:25.151168,LINE-2-PACKAGING,74.42,2.08
2026-09-18 17:18:25.151168,LINE-2-PACKAGING,72.44,1.74
2026-09-18 17:19:25.151168,LINE-2-PACKAGING,74.64,1.84
2026-09-18 17:20:25.151168,LINE-2-PACKAGING,74.92,2.16
2026-09-18 17:21:25.151168,LINE-2-PACKAGING,75.45,1.97
2026-09-18 17:22:25.151168,LINE-2-PACKAGING,74.0,1.99
2026-09-18 17:23:25.151168,LINE-2-PACKAGING,76.66,2.2
2026-09-18 17:24:25.151168,LINE-2-PACKAGING,73.64,1.94
2026-09-18 17:25:25.151168,LINE-2-PACKAGING,74.82,2.05
2026-09-18 17:26:25.151168,LINE-2-PACKAGING,75.77,2.04
2026-09-18 17:27:25.151168,LINE-2-PACKAGING,75.07,1.98
2026-09-18 17:28:25.151168,LINE-2-PACKAGING,75.37,1.85
2026-09-18 17:29:25.151168,LINE-2-PACKAGING,74.05,2.13
2026-09-18 17:30:25.151168,LINE-2-PACKAGING,74.33,1.91
2026-09-18 17:31:25.151168,LINE-2-PACKAGING,75.21,1.98
2026-09-18 17:32:25.151168,LINE-2-PACKAGING,74.89,1.85
2026-09-18 17:33:25.151168,LINE-2-PACKAGING,76.11,2.04
2026-09-18 17:34:25.151168,LINE-2-PACKAGING,74.91,2.31
2026-09-18 17:35:25.151168,LINE-2-PACKAGING,73.76,2.06
2026-09-18 17:36:25.151168,LINE-2-PACKAGING,75.24,1.95
2026-09-18 17:37:25.151168,LINE-2-PACKAGING,74.05,2.16
2026-09-18 17:38:25.151168,LINE-2-PACKAGING,73.96,1.79
2026-09-18 17:39:25.151168,LINE-2-PACKAGING,73.78,1.89
2026-09-18 17:40:25.151168,LINE-2-PACKAGING,74.58,2.15
2026-09-18 17:41:25.151168,LINE-2-PACKAGING,75.42,2.0
2026-09-18 17:42:25.151168,LINE-2-PACKAGING,75.36,1.78
2026-09-18 17:43:25.151168,LINE-2-PACKAGING,74.66,2.01
2026-09-18 17:44:25.151168,LINE-2-PACKAGING,75.77,1.94
2026-09-18 17:45:25.151168,LINE-2-PACKAGING,76.07,1.77
2026-09-18 17:46:25.151168,LINE-2-PACKAGING,75.53,2.01
2026-09-18 17:47:25.151168,LINE-2-PACKAGING,74.46,1.71
2026-09-18 17:48:25.151168,LINE-2-PACKAGING,76.3,2.04
2026-09-18 17:49:25.151168,LINE-2-PACKAGING,75.33,1.74
2026-09-18 17:50:25.151168,LINE-2-PACKAGING,74.47,2.12
2026-09-18 17:51:25.151168,LINE-2-PACKAGING,75.24,2.02
2026-09-18 17:52:25.151168,LINE-2-PACKAGING,75.68,2.13
2026-09-18 17:53:25.151168,LINE-2-PACKAGING,76.89,2.06
2026-09-18 17:54:25.151168,LINE-2-PACKAGING,74.18,2.03
2026-09-18 17:55:25.151168,LINE-2-PACKAGING,76.84,1.96
2026-09-18 17:56:25.151168,LINE-2-PACKAGING,75.38,2.41
2026-09-18 17:57:25.151168,LINE-2-PACKAGING,74.83,2.12
2026-09-18 17:58:25.151168,LINE-2-PACKAGING,75.82,2.11
2026-09-18 17:59:25.151168,LINE-2-PACKAGING,75.11,2.07
2026-09-18 18:00:25.151168,LINE-2-PACKAGING,74.97,2.4
2026-09-18 18:01:25.151168,LINE-2-PACKAGING,74.95,1.87
2026-09-18 18:02:25.151168,LINE-2-PACKAGING,74.88,2.03
2026-09-18 18:03:25.151168,LINE-2-PACKAGING,75.16,1.79
2026-09-18 18:04:25.151168,LINE-2-PACKAGING,75.57,2.1
2026-09-18 18:05:25.151168,LINE-2-PACKAGING,75.24,1.88
2026-09-18 18:06:25.151168,LINE-2-PACKAGING,76.09,2.03
2026-09-18 18:07:25.151168,LINE-2-PACKAGING,73.27,1.9
2026-09-18 18:08:25.151168,LINE-2-PACKAGING,74.92,1.99
2026-09-18 18:09:25.151168,LINE-2-PACKAGING,75.14,2.1
2026-09-18 18:10:25.151168,LINE-2-PACKAGING,73.08,2.1
2026-09-18 18:11:25.151168,LINE-2-PACKAGING,74.49,2.0
2026-09-18 18:12:25.151168,LINE-2-PACKAGING,74.65,2.24
2026-09-18 18:13:25.151168,LINE-2-PACKAGING,75.31,2.25
2026-09-18 18:14:25.151168,LINE-2-PACKAGING,75.23,2.21
2026-09-18 18:15:25.151168,LINE-2-PACKAGING,74.45,1.74
2026-09-18 18:16:25.151168,LINE-2-PACKAGING,74.65,2.15
2026-09-18 18:17:25.151168,LINE-2-PACKAGING,75.04,1.96
2026-09-18 18:18:25.151168,LINE-2-PACKAGING,74.52,2.14
2026-09-18 18:19:25.151168,LINE-2-PACKAGING,75.88,1.99
2026-09-18 18:20:25.151168,LINE-2-PACKAGING,76.7,1.92
2026-09-18 18:21:25.151168,LINE-2-PACKAGING,74.9,1.92
2026-09-18 18:22:25.151168,LINE-2-PACKAGING,73.79,2.1
2026-09-18 18:23:25.151168,LINE-2-PACKAGING,74.87,2.26
2026-09-18 18:24:25.151168,LINE-2-PACKAGING,75.35,1.88
2026-09-18 18:25:25.151168,LINE-2-PACKAGING,73.01,1.89
2026-09-18 18:26:25.151168,LINE-2-PACKAGING,74.9,1.76
2026-09-18 18:27:25.151168,LINE-2-PACKAGING,75.91,2.25
2026-09-18 18:28:25.151168,LINE-2-PACKAGING,75.48,2.3
2026-09-18 18:29:25.151168,LINE-2-PACKAGING,75.94,1.97
2026-09-18 18:30:25.151168,LINE-2-PACKAGING,77.06,2.09
2026-09-18 18:31:25.151168,LINE-2-PACKAGING,74.72,2.22
2026-09-18 18:32:25.151168,LINE-2-PACKAGING,74.71,1.83
2026-09-18 18:33:25.151168,LINE-2-PACKAGING,75.6,2.04
2026-09-18 18:34:25.151168,LINE-2-PACKAGING,74.54,1.93
2026-09-18 18:35:25.151168,LINE-2-PACKAGING,75.48,1.86
2026-09-18 18:36:25.151168,LINE-2-PACKAGING,74.33,1.89
2026-09-18 18:37:25.151168,LINE-2-PACKAGING,76.66,1.86
2026-09-18 18:38:25.151168,LINE-2-PACKAGING,75.9,2.12
2026-09-18 18:39:25.151168,LINE-2-PACKAGING,73.91,1.82
2026-09-18 18:40:25.151168,LINE-2-PACKAGING,75.16,2.07
2026-09-18 18:41:25.151168,LINE-2-PACKAGING,74.43,1.94
2026-09-18 18:42:25.151168,LINE-2-PACKAGING,75.44,1.89
2026-09-18 18:43:25.151168,LINE-2-PACKAGING,73.91,1.73
2026-09-18 18:44:25.151168,LINE-2-PACKAGING,75.08,2.1
2026-09-18 18:45:25.151168,LINE-2-PACKAGING,76.76,1.96
2026-09-18 18:46:25.151168,LINE-2-PACKAGING,75.23,1.98
2026-09-18 18:47:25.151168,LINE-2-PACKAGING,72.91,2.13
2026-09-18 18:48:25.151168,LINE-2-PACKAGING,76.3,1.68
2026-09-18 18:49:25.151168,LINE-2-PACKAGING,77.25,2.17
2026-09-18 18:50:25.151168,LINE-2-PACKAGING,76.61,1.92
2026-09-18 18:51:25.151168,LINE-2-PACKAGING,73.61,2.18
2026-09-18 18:52:25.151168,LINE-2-PACKAGING,74.26,2.01
2026-09-18 18:53:25.151168,LINE-2-PACKAGING,75.31,2.17
2026-09-18 18:54:25.151168,LINE-2-PACKAGING,73.65,1.94
2026-09-18 18:55:25.151168,LINE-2-PACKAGING,74.31,1.94
2026-09-18 18:56:25.151168,LINE-2-PACKAGING,73.33,2.07
2026-09-18 18:57:25.151168,LINE-2-PACKAGING,75.21,1.88
2026-09-18 18:58:25.151168,LINE-2-PACKAGING,74.53,1.9
2026-09-18 18:59:25.151168,LINE-2-PACKAGING,75.91,2.12
2026-09-18 19:00:25.151168,LINE-2-PACKAGING,73.56,2.33
2026-09-18 19:01:25.151168,LINE-2-PACKAGING,74.56,1.89
2026-09-18 19:02:25.151168,LINE-2-PACKAGING,75.99,2.15
2026-09-18 19:03:25.151168,LINE-2-PACKAGING,76.48,1.81
2026-09-18 19:04:25.151168,LINE-2-PACKAGING,74.1,1.97
2026-09-18 19:05:25.151168,LINE-2-PACKAGING,73.99,1.91
2026-09-18 19:06:25.151168,LINE-2-PACKAGING,74.36,1.95
2026-09-18 19:07:25.151168,LINE-2-PACKAGING,73.38,2.09
2026-09-18 19:08:25.151168,LINE-2-PACKAGING,73.74,1.92
2026-09-18 19:09:25.151168,LINE-2-PACKAGING,75.02,1.96
2026-09-18 19:10:25.151168,LINE-2-PACKAGING,74.35,1.84
2026-09-18 19:11:25.151168,LINE-2-PACKAGING,75.8,1.79
2026-09-18 19:12:25.151168,LINE-2-PACKAGING,76.86,2.27
2026-09-18 19:13:25.151168,LINE-2-PACKAGING,76.84,1.81
2026-09-18 19:14:25.151168,LINE-2-PACKAGING,75.25,2.05
2026-09-18 19:15:25.151168,LINE-2-PACKAGING,73.29,2.1
2026-09-18 19:16:25.151168,LINE-2-PACKAGING,73.5,1.82
2026-09-18 19:17:25.151168,LINE-2-PACKAGING,76.0,1.86
2026-09-18 19:18:25.151168,LINE-2-PACKAGING,76.41,2.05
2026-09-18 19:19:25.151168,LINE-2-PACKAGING,75.85,1.87
2026-09-18 19:20:25.151168,LINE-2-PACKAGING,74.84,1.73
2026-09-18 19:21:25.151168,LINE-2-PACKAGING,75.21,1.91
2026-09-18 19:22:25.151168,LINE-2-PACKAGING,76.53,2.14
2026-09-18 19:23:25.151168,LINE-2-PACKAGING,75.42,2.07
2026-09-18 19:24:25.151168,LINE-2-PACKAGING,76.89,1.93
2026-09-18 19:25:25.151168,LINE-2-PACKAGING,75.88,1.82
2026-09-18 19:26:25.151168,LINE-2-PACKAGING,75.1,2.17
2026-09-18 19:27:25.151168,LINE-2-PACKAGING,75.34,2.36
2026-09-18 19:28:25.151168,LINE-2-PACKAGING,73.64,2.06
2026-09-18 19:29:25.151168,LINE-2-PACKAGING,74.62,1.96
2026-09-18 19:30:25.151168,LINE-2-PACKAGING,75.27,1.73
2026-09-18 19:31:25.151168,LINE-2-PACKAGING,75.13,1.88
2026-09-18 19:32:25.151168,LINE-2-PACKAGING,74.7,1.87
2026-09-18 19:33:25.151168,LINE-2-PACKAGING,76.04,1.88
2026-09-18 19:34:25.151168,LINE-2-PACKAGING,75.17,1.99
2026-09-18 19:35:25.151168,LINE-2-PACKAGING,75.03,1.87
2026-09-18 19:36:25.151168,LINE-2-PACKAGING,77.23,2.04
2026-09-18 19:37:25.151168,LINE-2-PACKAGING,76.78,2.03
2026-09-18 19:38:25.151168,LINE-2-PACKAGING,74.5,2.0
2026-09-18 19:39:25.151168,LINE-2-PACKAGING,75.61,1.82
2026-09-18 19:40:25.151168,LINE-2-PACKAGING,76.16,2.0
2026-09-18 19:41:25.151168,LINE-2-PACKAGING,73.48,2.07
2026-09-18 19:42:25.151168,LINE-2-PACKAGING,76.56,2.12
2026-09-18 19:43:25.151168,LINE-2-PACKAGING,74.62,1.95
2026-09-18 19:44:25.151168,LINE-2-PACKAGING,74.17,1.88
2026-09-18 19:45:25.151168,LINE-2-PACKAGING,76.46,1.81
2026-09-18 19:46:25.151168,LINE-2-PACKAGING,73.58,1.81
2026-09-18 19:47:25.151168,LINE-2-PACKAGING,74.86,2.2
2026-09-18 19:48:25.151168,LINE-2-PACKAGING,72.65,1.56
2026-09-18 19:49:25.151168,LINE-2-PACKAGING,74.33,2.32
2026-09-18 19:50:25.151168,LINE-2-PACKAGING,74.41,2.04
2026-09-18 19:51:25.151168,LINE-2-PACKAGING,75.56,2.07
2026-09-18 19:52:25.151168,LINE-2-PACKAGING,73.62,2.15
2026-09-18 19:53:25.151168,LINE-2-PACKAGING,75.34,1.8
2026-09-18 19:54:25.151168,LINE-2-PACKAGING,74.68,2.03
2026-09-18 19:55:25.151168,LINE-2-PACKAGING,74.76,1.92
2026-09-18 19:56:25.151168,LINE-2-PACKAGING,74.82,2.23
2026-09-18 19:57:25.151168,LINE-2-PACKAGING,74.1,2.3
2026-09-18 19:58:25.151168,LINE-2-PACKAGING,73.64,1.58
2026-09-18 19:59:25.151168,LINE-2-PACKAGING,75.18,2.09
2026-09-18 20:00:25.151168,LINE-2-PACKAGING,74.64,2.07
2026-09-18 20:01:25.151168,LINE-2-PACKAGING,74.29,1.87
2026-09-18 20:02:25.151168,LINE-2-PACKAGING,77.34,1.95
2026-09-18 20:03:25.151168,LINE-2-PACKAGING,72.59,2.18
2026-09-18 20:04:25.151168,LINE-2-PACKAGING,73.38,2.07
2026-09-18 20:05:25.151168,LINE-2-PACKAGING,75.67,1.91
2026-09-18 20:06:25.151168,LINE-2-PACKAGING,75.05,1.89
2026-09-18 20:07:25.151168,LINE-2-PACKAGING,75.76,1.84
2026-09-18 20:08:25.151168,LINE-2-PACKAGING,73.75,2.04
2026-09-18 20:09:25.151168,LINE-2-PACKAGING,74.61,1.93
2026-09-18 20:10:25.151168,LINE-2-PACKAGING,73.55,2.13
2026-09-18 20:11:25.151168,LINE-2-PACKAGING,74.01,2.01
2026-09-18 20:12:25.151168,LINE-2-PACKAGING,77.24,2.07
2026-09-18 20:13:25.151168,LINE-2-PACKAGING,74.23,2.06
2026-09-18 20:14:25.151168,LINE-2-PACKAGING,74.89,2.05
2026-09-18 20:15:25.151168,LINE-2-PACKAGING,71.62,2.0
2026-09-18 20:16:25.151168,LINE-2-PACKAGING,75.19,2.06
2026-09-18 20:17:25.151168,LINE-2-PACKAGING,73.0,2.27
2026-09-18 20:18:25.151168,LINE-2-PACKAGING,73.76,1.93
2026-09-18 20:19:25.151168,LINE-2-PACKAGING,73.75,2.0
2026-09-18 20:20:25.151168,LINE-2-PACKAGING,75.35,2.04
2026-09-18 20:21:25.151168,LINE-2-PACKAGING,74.17,2.1
2026-09-18 20:22:25.151168,LINE-2-PACKAGING,73.73,1.8
2026-09-18 20:23:25.151168,LINE-2-PACKAGING,73.89,1.88
2026-09-18 20:24:25.151168,LINE-2-PACKAGING,75.97,2.05
2026-09-18 20:25:25.151168,LINE-2-PACKAGING,74.14,2.01
2026-09-18 20:26:25.151168,LINE-2-PACKAGING,74.83,2.12
2026-09-18 20:27:25.151168,LINE-2-PACKAGING,74.78,1.93
2026-09-18 20:28:25.151168,LINE-2-PACKAGING,74.65,2.07
2026-09-18 20:29:25.151168,LINE-2-PACKAGING,75.44,2.08
2026-09-18 20:30:25.151168,LINE-2-PACKAGING,76.51,1.78
2026-09-18 20:31:25.151168,LINE-2-PACKAGING,76.02,2.13
2026-09-18 20:32:25.151168,LINE-2-PACKAGING,72.79,2.05
2026-09-18 20:33:25.151168,LINE-2-PACKAGING,75.47,2.0
2026-09-18 20:34:25.151168,LINE-2-PACKAGING,73.97,2.07
2026-09-18 20:35:25.151168,LINE-2-PACKAGING,74.19,1.83
2026-09-18 20:36:25.151168,LINE-2-PACKAGING,72.83,2.3
2026-09-18 20:37:25.151168,LINE-2-PACKAGING,75.11,1.97
2026-09-18 20:38:25.151168,LINE-2-PACKAGING,75.09,1.98
2026-09-18 20:39:25.151168,LINE-2-PACKAGING,73.52,2.03
2026-09-18 20:40:25.151168,LINE-2-PACKAGING,75.89,2.17
2026-09-18 20:41:25.151168,LINE-2-PACKAGING,75.45,2.1
2026-09-18 20:42:25.151168,LINE-2-PACKAGING,74.78,1.95
2026-09-18 20:43:25.151168,LINE-2-PACKAGING,74.28,2.14
2026-09-18 20:44:25.151168,LINE-2-PACKAGING,74.37,2.05
2026-09-18 20:45:25.151168,LINE-2-PACKAGING,74.67,2.06
2026-09-18 20:46:25.151168,LINE-2-PACKAGING,75.16,2.01
2026-09-18 20:47:25.151168,LINE-2-PACKAGING,75.53,1.79
2026-09-18 20:48:25.151168,LINE-2-PACKAGING,75.81,1.97
2026-09-18 20:49:25.151168,LINE-2-PACKAGING,73.5,1.69
2026-09-18 20:50:25.151168,LINE-2-PACKAGING,75.41,1.93
2026-09-18 20:51:25.151168,LINE-2-PACKAGING,77.0,1.86
2026-09-18 20:52:25.151168,LINE-2-PACKAGING,74.91,2.22
2026-09-18 20:53:25.151168,LINE-2-PACKAGING,74.01,2.03
2026-09-18 20:54:25.151168,LINE-2-PACKAGING,75.09,1.88
2026-09-18 20:55:25.151168,LINE-2-PACKAGING,75.04,2.01
2026-09-18 20:56:25.151168,LINE-2-PACKAGING,74.06,1.78
2026-09-18 20:57:25.151168,LINE-2-PACKAGING,73.96,2.23
2026-09-18 20:58:25.151168,LINE-2-PACKAGING,76.41,1.88
2026-09-18 20:59:25.151168,LINE-2-PACKAGING,76.43,2.06
2026-09-18 21:00:25.151168,LINE-2-PACKAGING,76.76,2.15
2026-09-18 21:01:25.151168,LINE-2-PACKAGING,74.4,1.98
2026-09-18 21:02:25.151168,LINE-2-PACKAGING,74.61,2.08
2026-09-18 21:03:25.151168,LINE-2-PACKAGING,75.32,2.1
2026-09-18 21:04:25.151168,LINE-2-PACKAGING,73.92,2.15
2026-09-18 21:05:25.151168,LINE-2-PACKAGING,74.01,2.01
2026-09-18 21:06:25.151168,LINE-2-PACKAGING,72.94,1.98
2026-09-18 21:07:25.151168,LINE-2-PACKAGING,73.98,1.82
2026-09-18 21:08:25.151168,LINE-2-PACKAGING,74.05,2.1
2026-09-18 21:09:25.151168,LINE-2-PACKAGING,78.04,1.96
2026-09-18 21:10:25.151168,LINE-2-PACKAGING,75.34,2.0
2026-09-18 21:11:25.151168,LINE-2-PACKAGING,74.98,2.02
2026-09-18 21:12:25.151168,LINE-2-PACKAGING,74.49,1.94
2026-09-18 21:13:25.151168,LINE-2-PACKAGING,75.71,1.8
2026-09-18 21:14:25.151168,LINE-2-PACKAGING,74.29,2.12
2026-09-18 21:15:25.151168,LINE-2-PACKAGING,75.2,1.88
2026-09-18 21:16:25.151168,LINE-2-PACKAGING,74.01,1.85
2026-09-18 21:17:25.151168,LINE-2-PACKAGING,76.13,1.9
2026-09-18 21:18:25.151168,LINE-2-PACKAGING,74.2,1.87
2026-09-18 21:19:25.151168,LINE-2-PACKAGING,75.33,2.01
2026-09-18 21:20:25.151168,LINE-2-PACKAGING,74.02,2.37
2026-09-18 21:21:25.151168,LINE-2-PACKAGING,72.71,1.88
2026-09-18 21:22:25.151168,LINE-2-PACKAGING,74.84,1.82
2026-09-18 21:23:25.151168,LINE-2-PACKAGING,74.9,1.85
2026-09-18 21:24:25.151168,LINE-2-PACKAGING,74.76,2.03
2026-09-18 21:25:25.151168,LINE-2-PACKAGING,74.85,2.08
2026-09-18 21:26:25.151168,LINE-2-PACKAGING,75.13,1.97
2026-09-18 21:27:25.151168,LINE-2-PACKAGING,75.1,2.2
2026-09-18 21:28:25.151168,LINE-2-PACKAGING,75.44,2.16
2026-09-18 21:29:25.151168,LINE-2-PACKAGING,75.14,1.88
2026-09-18 21:30:25.151168,LINE-2-PACKAGING,73.85,2.09
2026-09-18 21:31:25.151168,LINE-2-PACKAGING,72.89,2.05
2026-09-18 21:32:25.151168,LINE-2-PACKAGING,75.26,2.07
2026-09-18 21:33:25.151168,LINE-2-PACKAGING,74.61,1.9
2026-09-18 21:34:25.151168,LINE-2-PACKAGING,73.5,2.3
2026-09-18 21:35:25.151168,LINE-2-PACKAGING,75.66,2.09
2026-09-18 21:36:25.151168,LINE-2-PACKAGING,74.92,1.93
2026-09-18 21:37:25.151168,LINE-2-PACKAGING,73.89,2.24
2026-09-18 21:38:25.151168,LINE-2-PACKAGING,75.88,1.98
2026-09-18 21:39:25.151168,LINE-2-PACKAGING,75.42,1.92
2026-09-18 21:40:25.151168,LINE-2-PACKAGING,76.16,1.98
2026-09-18 21:41:25.151168,LINE-2-PACKAGING,73.84,1.85
2026-09-18 21:42:25.151168,LINE-2-PACKAGING,73.93,2.04
2026-09-18 21:43:25.151168,LINE-2-PACKAGING,75.0,1.94
2026-09-18 21:44:25.151168,LINE-2-PACKAGING,75.61,2.01
2026-09-18 21:45:25.151168,LINE-2-PACKAGING,74.27,2.27
2026-09-18 21:46:25.151168,LINE-2-PACKAGING,75.45,1.87
2026-09-18 21:47:25.151168,LINE-2-PACKAGING,73.73,1.97
2026-09-18 21:48:25.151168,LINE-2-PACKAGING,75.53,1.81
2026-09-18 21:49:25.151168,LINE-2-PACKAGING,73.4,2.03
2026-09-18 21:50:25.151168,LINE-2-PACKAGING,74.65,1.95
2026-09-18 21:51:25.151168,LINE-2-PACKAGING,75.89,1.98
2026-09-18 21:52:25.151168,LINE-2-PACKAGING,76.34,2.14
2026-09-18 21:53:25.151168,LINE-2-PACKAGING,74.46,2.05
2026-09-18 21:54:25.151168,LINE-2-PACKAGING,77.17,2.09
2026-09-18 21:55:25.151168,LINE-2-PACKAGING,76.14,2.16
2026-09-18 21:56:25.151168,LINE-2-PACKAGING,75.11,1.96
2026-09-18 21:57:25.151168,LINE-2-PACKAGING,73.85,2.01
2026-09-18 21:58:25.151168,LINE-2-PACKAGING,73.34,2.09
2026-09-18 21:59:25.151168,LINE-2-PACKAGING,74.33,1.93
2026-09-18 22:00:25.151168,LINE-2-PACKAGING,72.7,1.87
2026-09-18 22:01:25.151168,LINE-2-PACKAGING,74.72,1.66
2026-09-18 22:02:25.151168,LINE-2-PACKAGING,75.93,2.03
2026-09-18 22:03:25.151168,LINE-2-PACKAGING,75.43,1.99
2026-09-18 22:04:25.151168,LINE-2-PACKAGING,76.07,2.37
2026-09-18 22:05:25.151168,LINE-2-PACKAGING,75.83,2.25
2026-09-18 22:06:25.151168,LINE-2-PACKAGING,75.09,1.72
2026-09-18 22:07:25.151168,LINE-2-PACKAGING,74.69,2.42
2026-09-18 22:08:25.151168,LINE-2-PACKAGING,75.03,2.04
2026-09-18 22:09:25.151168,LINE-2-PACKAGING,74.03,1.81
2026-09-18 22:10:25.151168,LINE-2-PACKAGING,77.66,2.1
2026-09-18 22:11:25.151168,LINE-2-PACKAGING,74.1,1.74
2026-09-18 22:12:25.151168,LINE-2-PACKAGING,74.54,1.88
2026-09-18 22:13:25.151168,LINE-2-PACKAGING,75.42,2.13
2026-09-18 22:14:25.151168,LINE-2-PACKAGING,73.46,2.2
2026-09-18 22:15:25.151168,LINE-2-PACKAGING,76.84,2.1
2026-09-18 22:16:25.151168,LINE-2-PACKAGING,76.83,2.07
2026-09-18 22:17:25.151168,LINE-2-PACKAGING,74.7,2.09
2026-09-18 22:18:25.151168,LINE-2-PACKAGING,74.16,2.17
2026-09-18 22:19:25.151168,LINE-2-PACKAGING,73.78,1.82
2026-09-18 22:20:25.151168,LINE-2-PACKAGING,75.03,1.98
2026-09-18 22:21:25.151168,LINE-2-PACKAGING,75.49,1.94
2026-09-18 22:22:25.151168,LINE-2-PACKAGING,74.67,2.2
2026-09-18 22:23:25.151168,LINE-2-PACKAGING,75.02,1.95
2026-09-18 22:24:25.151168,LINE-2-PACKAGING,74.8,2.07
2026-09-18 22:25:25.151168,LINE-2-PACKAGING,74.75,2.02
2026-09-18 22:26:25.151168,LINE-2-PACKAGING,76.06,1.88
2026-09-18 22:27:25.151168,LINE-2-PACKAGING,75.15,1.99
2026-09-18 22:28:25.151168,LINE-2-PACKAGING,75.42,2.17
2026-09-18 22:29:25.151168,LINE-2-PACKAGING,75.35,2.07
2026-09-18 22:30:25.151168,LINE-2-PACKAGING,75.73,1.95
2026-09-18 22:31:25.151168,LINE-2-PACKAGING,75.67,2.07
2026-09-18 22:32:25.151168,LINE-2-PACKAGING,73.58,1.82
2026-09-18 22:33:25.151168,LINE-2-PACKAGING,74.43,2.11
2026-09-18 22:34:25.151168,LINE-2-PACKAGING,74.41,1.8
2026-09-18 22:35:25.151168,LINE-2-PACKAGING,74.66,2.06
2026-09-18 22:36:25.151168,LINE-2-PACKAGING,75.72,1.94
2026-09-18 22:37:25.151168,LINE-2-PACKAGING,75.42,2.22
2026-09-18 22:38:25.151168,LINE-2-PACKAGING,74.41,1.74
2026-09-18 22:39:25.151168,LINE-2-PACKAGING,74.53,1.9
2026-09-18 22:40:25.151168,LINE-2-PACKAGING,76.18,1.87
2026-09-18 22:41:25.151168,LINE-2-PACKAGING,75.83,1.94
2026-09-18 22:42:25.151168,LINE-2-PACKAGING,75.51,1.9
2026-09-18 22:43:25.151168,LINE-2-PACKAGING,76.02,2.08
2026-09-18 22:44:25.151168,LINE-2-PACKAGING,75.59,2.29
2026-09-18 22:45:25.151168,LINE-2-PACKAGING,75.42,2.23
2026-09-18 22:46:25.151168,LINE-2-PACKAGING,73.63,2.07
2026-09-18 22:47:25.151168,LINE-2-PACKAGING,74.75,2.22
2026-09-18 22:48:25.151168,LINE-2-PACKAGING,75.58,2.16
2026-09-18 22:49:25.151168,LINE-2-PACKAGING,74.81,1.97
2026-09-18 22:50:25.151168,LINE-2-PACKAGING,74.5,2.18
2026-09-18 22:51:25.151168,LINE-2-PACKAGING,75.27,1.81
2026-09-18 22:52:25.151168,LINE-2-PACKAGING,74.62,1.73
2026-09-18 22:53:25.151168,LINE-2-PACKAGING,75.7,1.82
2026-09-18 22:54:25.151168,LINE-2-PACKAGING,75.94,2.03
2026-09-18 22:55:25.151168,LINE-2-PACKAGING,75.46,2.09
2026-09-18 22:56:25.151168,LINE-2-PACKAGING,74.42,2.15
2026-09-18 22:57:25.151168,LINE-2-PACKAGING,74.76,1.98
2026-09-18 22:58:25.151168,LINE-2-PACKAGING,74.48,2.08
2026-09-18 22:59:25.151168,LINE-2-PACKAGING,74.26,1.91
2026-09-18 23:00:25.151168,LINE-2-PACKAGING,73.92,1.93
2026-09-18 23:01:25.151168,LINE-2-PACKAGING,75.44,2.29
2026-09-18 23:02:25.151168,LINE-2-PACKAGING,75.44,1.85
2026-09-18 23:03:25.151168,LINE-2-PACKAGING,75.35,1.9
2026-09-18 23:04:25.151168,LINE-2-PACKAGING,74.7,1.76
2026-09-18 23:05:25.151168,LINE-2-PACKAGING,75.52,1.96
2026-09-18 23:06:25.151168,LINE-2-PACKAGING,76.85,2.03
2026-09-18 23:07:25.151168,LINE-2-PACKAGING,74.65,1.7
2026-09-18 23:08:25.151168,LINE-2-PACKAGING,74.98,2.17
2026-09-18 23:09:25.151168,LINE-2-PACKAGING,75.35,1.95
2026-09-18 23:10:25.151168,LINE-2-PACKAGING,74.7,2.01
2026-09-18 23:11:25.151168,LINE-2-PACKAGING,75.79,2.09
2026-09-18 23:12:25.151168,LINE-2-PACKAGING,74.21,1.91
2026-09-18 23:13:25.151168,LINE-2-PACKAGING,74.12,2.1
2026-09-18 23:14:25.151168,LINE-2-PACKAGING,73.79,2.0
2026-09-18 23:15:25.151168,LINE-2-PACKAGING,75.52,1.91
2026-09-18 23:16:25.151168,LINE-2-PACKAGING,74.56,1.62
2026-09-18 23:17:25.151168,LINE-2-PACKAGING,73.38,2.09
2026-09-18 23:18:25.151168,LINE-2-PACKAGING,75.01,2.0
2026-09-18 23:19:25.151168,LINE-2-PACKAGING,75.88,2.11
2026-09-18 23:20:25.151168,LINE-2-PACKAGING,74.49,1.82
2026-09-18 23:21:25.151168,LINE-2-PACKAGING,73.77,2.03
2026-09-18 23:22:25.151168,LINE-2-PACKAGING,74.85,2.14
2026-09-18 23:23:25.151168,LINE-2-PACKAGING,74.39,2.15
2026-09-18 23:24:25.151168,LINE-2-PACKAGING,75.75,1.78
2026-09-18 23:25:25.151168,LINE-2-PACKAGING,74.74,2.11
2026-09-18 23:26:25.151168,LINE-2-PACKAGING,73.93,1.95
2026-09-18 23:27:25.151168,LINE-2-PACKAGING,76.19,1.91
2026-09-18 23:28:25.151168,LINE-2-PACKAGING,74.91,1.85
2026-09-18 23:29:25.151168,LINE-2-PACKAGING,75.48,1.71
2026-09-18 23:30:25.151168,LINE-2-PACKAGING,74.66,1.98
2026-09-18 23:31:25.151168,LINE-2-PACKAGING,74.16,1.92
2026-09-18 23:32:25.151168,LINE-2-PACKAGING,74.99,2.15
2026-09-18 23:33:25.151168,LINE-2-PACKAGING,73.67,2.24
2026-09-18 23:34:25.151168,LINE-2-PACKAGING,74.84,1.85
2026-09-18 23:35:25.151168,LINE-2-PACKAGING,74.25,2.06
2026-09-18 23:36:25.151168,LINE-2-PACKAGING,74.97,1.77
2026-09-18 23:37:25.151168,LINE-2-PACKAGING,74.75,2.05
2026-09-18 23:38:25.151168,LINE-2-PACKAGING,74.5,1.85
2026-09-18 23:39:25.151168,LINE-2-PACKAGING,75.1,2.01
2026-09-18 23:40:25.151168,LINE-2-PACKAGING,74.7,1.77
2026-09-18 23:41:25.151168,LINE-2-PACKAGING,76.35,2.25
2026-09-18 23:42:25.151168,LINE-2-PACKAGING,74.61,1.95
2026-09-18 23:43:25.151168,LINE-2-PACKAGING,75.26,2.14
2026-09-18 23:44:25.151168,LINE-2-PACKAGING,76.22,1.98
2026-09-18 23:45:25.151168,LINE-2-PACKAGING,75.58,1.94
2026-09-18 23:46:25.151168,LINE-2-PACKAGING,74.46,2.18
2026-09-18 23:47:25.151168,LINE-2-PACKAGING,76.27,2.12
2026-09-18 23:48:25.151168,LINE-2-PACKAGING,74.07,1.81
2026-09-18 23:49:25.151168,LINE-2-PACKAGING,77.4,2.18
2026-09-18 23:50:25.151168,LINE-2-PACKAGING,75.3,2.04
2026-09-18 23:51:25.151168,LINE-2-PACKAGING,73.43,2.06
2026-09-18 23:52:25.151168,LINE-2-PACKAGING,74.62,2.16
2026-09-18 23:53:25.151168,LINE-2-PACKAGING,75.18,2.0
2026-09-18 23:54:25.151168,LINE-2-PACKAGING,74.69,1.87
2026-09-18 23:55:25.151168,LINE-2-PACKAGING,73.49,2.12
2026-09-18 23:56:25.151168,LINE-2-PACKAGING,74.69,1.85
2026-09-18 23:57:25.151168,LINE-2-PACKAGING,74.58,2.25
2026-09-18 23:58:25.151168,LINE-2-PACKAGING,75.53,1.87
2026-09-18 23:59:25.151168,LINE-2-PACKAGING,75.17,2.08
2026-09-19 00:00:25.151168,LINE-2-PACKAGING,77.11,1.95
2026-09-19 00:01:25.151168,LINE-2-PACKAGING,73.5,2.1
2026-09-19 00:02:25.151168,LINE-2-PACKAGING,75.72,1.99
2026-09-19 00:03:25.151168,LINE-2-PACKAGING,75.23,2.02
2026-09-19 00:04:25.151168,LINE-2-PACKAGING,75.65,1.96
2026-09-19 00:05:25.151168,LINE-2-PACKAGING,74.58,2.27
2026-09-19 00:06:25.151168,LINE-2-PACKAGING,74.95,1.94
2026-09-19 00:07:25.151168,LINE-2-PACKAGING,73.99,1.9
2026-09-19 00:08:25.151168,LINE-2-PACKAGING,75.88,1.88
2026-09-19 00:09:25.151168,LINE-2-PACKAGING,74.96,2.07
2026-09-19 00:10:25.151168,LINE-2-PACKAGING,75.82,2.18
2026-09-19 00:11:25.151168,LINE-2-PACKAGING,73.73,2.01
2026-09-19 00:12:25.151168,LINE-2-PACKAGING,74.61,2.1
2026-09-19 00:13:25.151168,LINE-2-PACKAGING,74.25,1.98
2026-09-19 00:14:25.151168,LINE-2-PACKAGING,74.22,1.91
2026-09-19 00:15:25.151168,LINE-2-PACKAGING,75.81,1.82
2026-09-19 00:16:25.151168,LINE-2-PACKAGING,75.09,2.27
2026-09-19 00:17:25.151168,LINE-2-PACKAGING,74.5,1.82
2026-09-19 00:18:25.151168,LINE-2-PACKAGING,74.64,2.04
2026-09-19 00:19:25.151168,LINE-2-PACKAGING,74.11,1.93
2026-09-19 00:20:25.151168,LINE-2-PACKAGING,75.42,2.02
2026-09-19 00:21:25.151168,LINE-2-PACKAGING,75.84,1.96
2026-09-19 00:22:25.151168,LINE-2-PACKAGING,75.12,1.98
2026-09-19 00:23:25.151168,LINE-2-PACKAGING,74.14,2.04
2026-09-19 00:24:25.151168,LINE-2-PACKAGING,74.37,1.77
2026-09-19 00:25:25.151168,LINE-2-PACKAGING,75.95,2.15
2026-09-19 00:26:25.151168,LINE-2-PACKAGING,74.44,2.16
2026-09-19 00:27:25.151168,LINE-2-PACKAGING,72.87,1.94
2026-09-19 00:28:25.151168,LINE-2-PACKAGING,74.9,2.2
2026-09-19 00:29:25.151168,LINE-2-PACKAGING,76.34,2.1
2026-09-19 00:30:25.151168,LINE-2-PACKAGING,74.46,1.89
2026-09-19 00:31:25.151168,LINE-2-PACKAGING,75.95,2.2
2026-09-19 00:32:25.151168,LINE-2-PACKAGING,74.26,1.93
2026-09-19 00:33:25.151168,LINE-2-PACKAGING,75.22,2.22
2026-09-19 00:34:25.151168,LINE-2-PACKAGING,74.0,2.03
2026-09-19 00:35:25.151168,LINE-2-PACKAGING,75.21,2.04
2026-09-19 00:36:25.151168,LINE-2-PACKAGING,75.18,2.11
2026-09-19 00:37:25.151168,LINE-2-PACKAGING,73.57,2.01
2026-09-19 00:38:25.151168,LINE-2-PACKAGING,76.61,1.96
2026-09-19 00:39:25.151168,LINE-2-PACKAGING,73.49,2.12
2026-09-19 00:40:25.151168,LINE-2-PACKAGING,74.19,2.07
2026-09-19 00:41:25.151168,LINE-2-PACKAGING,75.38,2.06
2026-09-19 00:42:25.151168,LINE-2-PACKAGING,73.06,1.78
2026-09-19 00:43:25.151168,LINE-2-PACKAGING,76.14,1.89
2026-09-19 00:44:25.151168,LINE-2-PACKAGING,75.89,1.95
2026-09-19 00:45:25.151168,LINE-2-PACKAGING,74.99,2.21
2026-09-19 00:46:25.151168,LINE-2-PACKAGING,75.36,2.04
2026-09-19 00:47:25.151168,LINE-2-PACKAGING,75.02,1.87
2026-09-19 00:48:25.151168,LINE-2-PACKAGING,75.25,2.12
2026-09-19 00:49:25.151168,LINE-2-PACKAGING,74.09,1.75
2026-09-19 00:50:25.151168,LINE-2-PACKAGING,74.12,2.16
2026-09-19 00:51:25.151168,LINE-2-PACKAGING,74.85,2.22
2026-09-19 00:52:25.151168,LINE-2-PACKAGING,75.0,2.07
2026-09-19 00:53:25.151168,LINE-2-PACKAGING,76.97,2.09
2026-09-19 00:54:25.151168,LINE-2-PACKAGING,74.19,1.93
2026-09-19 00:55:25.151168,LINE-2-PACKAGING,75.52,1.91
2026-09-19 00:56:25.151168,LINE-2-PACKAGING,74.74,1.98
2026-09-19 00:57:25.151168,LINE-2-PACKAGING,73.43,2.26
2026-09-19 00:58:25.151168,LINE-2-PACKAGING,76.22,1.88
2026-09-19 00:59:25.151168,LINE-2-PACKAGING,74.48,2.11
2026-09-19 01:00:25.151168,LINE-2-PACKAGING,75.09,1.66
2026-09-19 01:01:25.151168,LINE-2-PACKAGING,76.68,2.06
2026-09-19 01:02:25.151168,LINE-2-PACKAGING,74.38,2.01
2026-09-19 01:03:25.151168,LINE-2-PACKAGING,75.75,1.92
2026-09-19 01:04:25.151168,LINE-2-PACKAGING,76.53,1.98
2026-09-19 01:05:25.151168,LINE-2-PACKAGING,74.66,2.02
2026-09-19 01:06:25.151168,LINE-2-PACKAGING,73.83,1.84
2026-09-19 01:07:25.151168,LINE-2-PACKAGING,75.23,2.13
2026-09-19 01:08:25.151168,LINE-2-PACKAGING,74.93,2.17
2026-09-19 01:09:25.151168,LINE-2-PACKAGING,76.14,1.95
2026-09-19 01:10:25.151168,LINE-2-PACKAGING,74.48,2.06
2026-09-19 01:11:25.151168,LINE-2-PACKAGING,74.45,1.9
2026-09-19 01:12:25.151168,LINE-2-PACKAGING,75.16,2.05
2026-09-19 01:13:25.151168,LINE-2-PACKAGING,75.59,2.03
2026-09-19 01:14:25.151168,LINE-2-PACKAGING,74.2,1.94
2026-09-19 01:15:25.151168,LINE-2-PACKAGING,74.9,2.2
2026-09-19 01:16:25.151168,LINE-2-PACKAGING,75.34,1.91
2026-09-19 01:17:25.151168,LINE-2-PACKAGING,75.64,1.82
2026-09-19 01:18:25.151168,LINE-2-PACKAGING,75.85,1.87
2026-09-19 01:19:25.151168,LINE-2-PACKAGING,74.61,2.03
2026-09-19 01:20:25.151168,LINE-2-PACKAGING,74.49,1.93
2026-09-19 01:21:25.151168,LINE-2-PACKAGING,74.34,2.0
2026-09-19 01:22:25.151168,LINE-2-PACKAGING,76.68,1.64
2026-09-19 01:23:25.151168,LINE-2-PACKAGING,74.85,1.91
2026-09-19 01:24:25.151168,LINE-2-PACKAGING,75.68,1.92
2026-09-19 01:25:25.151168,LINE-2-PACKAGING,74.08,1.99
2026-09-19 01:26:25.151168,LINE-2-PACKAGING,74.7,1.98
2026-09-19 01:27:25.151168,LINE-2-PACKAGING,74.66,1.96
2026-09-19 01:28:25.151168,LINE-2-PACKAGING,74.5,2.04
2026-09-19 01:29:25.151168,LINE-2-PACKAGING,75.89,1.8
2026-09-19 01:30:25.151168,LINE-2-PACKAGING,75.91,1.95
2026-09-19 01:31:25.151168,LINE-2-PACKAGING,73.2,1.65
2026-09-19 01:32:25.151168,LINE-2-PACKAGING,76.82,2.14
2026-09-19 01:33:25.151168,LINE-2-PACKAGING,73.93,2.01
2026-09-19 01:34:25.151168,LINE-2-PACKAGING,73.33,1.97
2026-09-19 01:35:25.151168,LINE-2-PACKAGING,74.84,2.0
2026-09-19 01:36:25.151168,LINE-2-PACKAGING,74.67,1.9
2026-09-19 01:37:25.151168,LINE-2-PACKAGING,75.35,2.0
2026-09-19 01:38:25.151168,LINE-2-PACKAGING,74.7,1.99
2026-09-19 01:39:25.151168,LINE-2-PACKAGING,74.63,2.12
2026-09-19 01:40:25.151168,LINE-2-PACKAGING,75.9,1.96
2026-09-19 01:41:25.151168,LINE-2-PACKAGING,73.17,2.16
2026-09-19 01:42:25.151168,LINE-2-PACKAGING,74.51,1.66
2026-09-19 01:43:25.151168,LINE-2-PACKAGING,75.71,2.04
2026-09-19 01:44:25.151168,LINE-2-PACKAGING,75.62,1.94
2026-09-19 01:45:25.151168,LINE-2-PACKAGING,75.03,2.08
2026-09-19 01:46:25.151168,LINE-2-PACKAGING,74.63,1.8
2026-09-19 01:47:25.151168,LINE-2-PACKAGING,74.61,1.93
2026-09-19 01:48:25.151168,LINE-2-PACKAGING,74.64,1.99
2026-09-19 01:49:25.151168,LINE-2-PACKAGING,73.63,1.85
2026-09-19 01:50:25.151168,LINE-2-PACKAGING,73.95,1.97
2026-09-19 01:51:25.151168,LINE-2-PACKAGING,74.95,1.84
2026-09-19 01:52:25.151168,LINE-2-PACKAGING,74.81,2.19
2026-09-19 01:53:25.151168,LINE-2-PACKAGING,76.74,2.02
2026-09-19 01:54:25.151168,LINE-2-PACKAGING,74.97,1.84
2026-09-19 01:55:25.151168,LINE-2-PACKAGING,74.56,2.19
2026-09-19 01:56:25.151168,LINE-2-PACKAGING,75.25,1.82
2026-09-19 01:57:25.151168,LINE-2-PACKAGING,73.98,1.97
2026-09-19 01:58:25.151168,LINE-2-PACKAGING,75.75,2.06
2026-09-19 01:59:25.151168,LINE-2-PACKAGING,76.76,1.81
2026-09-19 02:00:25.151168,LINE-2-PACKAGING,73.95,2.25
2026-09-19 02:01:25.151168,LINE-2-PACKAGING,74.84,1.85
2026-09-19 02:02:25.151168,LINE-2-PACKAGING,75.4,2.16
2026-09-19 02:03:25.151168,LINE-2-PACKAGING,75.71,2.33
2026-09-19 02:04:25.151168,LINE-2-PACKAGING,74.11,1.77
2026-09-19 02:05:25.151168,LINE-2-PACKAGING,74.83,2.34
2026-09-19 02:06:25.151168,LINE-2-PACKAGING,73.31,1.87
2026-09-19 02:07:25.151168,LINE-2-PACKAGING,75.52,1.95
2026-09-19 02:08:25.151168,LINE-2-PACKAGING,76.64,2.09
2026-09-19 02:09:25.151168,LINE-2-PACKAGING,74.53,1.95
2026-09-19 02:10:25.151168,LINE-2-PACKAGING,74.54,2.06
2026-09-19 02:11:25.151168,LINE-2-PACKAGING,75.42,2.03
2026-09-19 02:12:25.151168,LINE-2-PACKAGING,74.37,1.97
2026-09-19 02:13:25.151168,LINE-2-PACKAGING,73.86,1.99
2026-09-19 02:14:25.151168,LINE-2-PACKAGING,75.25,1.99
2026-09-19 02:15:25.151168,LINE-2-PACKAGING,74.17,2.23
2026-09-19 02:16:25.151168,LINE-2-PACKAGING,76.43,2.31
2026-09-19 02:17:25.151168,LINE-2-PACKAGING,75.34,2.0
2026-09-19 02:18:25.151168,LINE-2-PACKAGING,75.68,1.88
2026-09-19 02:19:25.151168,LINE-2-PACKAGING,73.41,1.97
2026-09-19 02:20:25.151168,LINE-2-PACKAGING,74.41,2.14
2026-09-19 02:21:25.151168,LINE-2-PACKAGING,74.91,1.85
2026-09-19 02:22:25.151168,LINE-2-PACKAGING,75.39,2.0
2026-09-19 02:23:25.151168,LINE-2-PACKAGING,76.21,2.12
2026-09-19 02:24:25.151168,LINE-2-PACKAGING,73.04,1.99
2026-09-19 02:25:25.151168,LINE-2-PACKAGING,74.56,1.9
2026-09-19 02:26:25.151168,LINE-2-PACKAGING,74.76,1.88
2026-09-19 02:27:25.151168,LINE-2-PACKAGING,75.58,1.75
2026-09-19 02:28:25.151168,LINE-2-PACKAGING,75.52,1.82
2026-09-19 02:29:25.151168,LINE-2-PACKAGING,75.76,1.74
2026-09-19 02:30:25.151168,LINE-2-PACKAGING,74.11,2.13
2026-09-19 02:31:25.151168,LINE-2-PACKAGING,75.32,1.57
2026-09-19 02:32:25.151168,LINE-2-PACKAGING,75.04,2.24
2026-09-19 02:33:25.151168,LINE-2-PACKAGING,74.39,2.09
2026-09-19 02:34:25.151168,LINE-2-PACKAGING,75.59,2.18
2026-09-19 02:35:25.151168,LINE-2-PACKAGING,74.18,1.93
2026-09-19 02:36:25.151168,LINE-2-PACKAGING,74.92,2.26
2026-09-19 02:37:25.151168,LINE-2-PACKAGING,73.87,1.99
2026-09-19 02:38:25.151168,LINE-2-PACKAGING,75.08,2.0
2026-09-19 02:39:25.151168,LINE-2-PACKAGING,75.28,1.97
2026-09-19 02:40:25.151168,LINE-2-PACKAGING,75.69,2.1
2026-09-19 02:41:25.151168,LINE-2-PACKAGING,74.94,1.51
2026-09-19 02:42:25.151168,LINE-2-PACKAGING,76.26,1.95
2026-09-19 02:43:25.151168,LINE-2-PACKAGING,76.2,1.9
2026-09-19 02:44:25.151168,LINE-2-PACKAGING,73.12,2.15
2026-09-19 02:45:25.151168,LINE-2-PACKAGING,74.62,2.02
2026-09-19 02:46:25.151168,LINE-2-PACKAGING,75.19,1.79
2026-09-19 02:47:25.151168,LINE-2-PACKAGING,75.19,1.96
2026-09-19 02:48:25.151168,LINE-2-PACKAGING,75.67,2.15
2026-09-19 02:49:25.151168,LINE-2-PACKAGING,75.1,1.82
2026-09-19 02:50:25.151168,LINE-2-PACKAGING,75.64,2.03
2026-09-19 02:51:25.151168,LINE-2-PACKAGING,73.5,1.9
2026-09-19 02:52:25.151168,LINE-2-PACKAGING,75.52,2.06
2026-09-19 02:53:25.151168,LINE-2-PACKAGING,75.63,2.12
2026-09-19 02:54:25.151168,LINE-2-PACKAGING,74.19,2.21
2026-09-19 02:55:25.151168,LINE-2-PACKAGING,72.43,1.97
2026-09-19 02:56:25.151168,LINE-2-PACKAGING,75.04,2.01
2026-09-19 02:57:25.151168,LINE-2-PACKAGING,74.41,1.73
2026-09-19 02:58:25.151168,LINE-2-PACKAGING,74.18,1.96
2026-09-19 02:59:25.151168,LINE-2-PACKAGING,75.62,1.88
2026-09-19 03:00:25.151168,LINE-2-PACKAGING,74.66,2.21
2026-09-19 03:01:25.151168,LINE-2-PACKAGING,73.58,1.83
2026-09-19 03:02:25.151168,LINE-2-PACKAGING,75.37,1.87
2026-09-19 03:03:25.151168,LINE-2-PACKAGING,74.43,2.09
2026-09-19 03:04:25.151168,LINE-2-PACKAGING,74.92,2.12
2026-09-19 03:05:25.151168,LINE-2-PACKAGING,75.48,1.66
2026-09-19 03:06:25.151168,LINE-2-PACKAGING,74.41,2.04
2026-09-19 03:07:25.151168,LINE-2-PACKAGING,73.74,1.98
2026-09-19 03:08:25.151168,LINE-2-PACKAGING,76.94,1.87
2026-09-19 03:09:25.151168,LINE-2-PACKAGING,75.06,2.11
2026-09-19 03:10:25.151168,LINE-2-PACKAGING,75.03,2.1
2026-09-19 03:11:25.151168,LINE-2-PACKAGING,77.21,1.88
2026-09-19 03:12:25.151168,LINE-2-PACKAGING,74.92,1.91
2026-09-19 03:13:25.151168,LINE-2-PACKAGING,73.93,1.92
2026-09-19 03:14:25.151168,LINE-2-PACKAGING,74.4,2.04
2026-09-19 03:15:25.151168,LINE-2-PACKAGING,75.58,1.94
2026-09-19 03:16:25.151168,LINE-2-PACKAGING,77.39,2.14
2026-09-19 03:17:25.151168,LINE-2-PACKAGING,76.26,1.87
2026-09-19 03:18:25.151168,LINE-2-PACKAGING,73.49,2.08
2026-09-19 03:19:25.151168,LINE-2-PACKAGING,77.1,1.82
2026-09-19 03:20:25.151168,LINE-2-PACKAGING,75.1,1.86
2026-09-19 03:21:25.151168,LINE-2-PACKAGING,73.42,2.04
2026-09-19 03:22:25.151168,LINE-2-PACKAGING,74.76,2.01
2026-09-19 03:23:25.151168,LINE-2-PACKAGING,74.55,2.07
2026-09-19 03:24:25.151168,LINE-2-PACKAGING,76.95,1.76
2026-09-19 03:25:25.151168,LINE-2-PACKAGING,76.04,1.94
2026-09-19 03:26:25.151168,LINE-2-PACKAGING,75.28,2.2
2026-09-19 03:27:25.151168,LINE-2-PACKAGING,75.97,2.04
2026-09-19 03:28:25.151168,LINE-2-PACKAGING,75.39,2.09
2026-09-19 03:29:25.151168,LINE-2-PACKAGING,77.31,2.17
2026-09-19 03:30:25.151168,LINE-2-PACKAGING,75.76,1.78
2026-09-19 03:31:25.151168,LINE-2-PACKAGING,75.72,1.88
2026-09-19 03:32:25.151168,LINE-2-PACKAGING,73.27,1.99
2026-09-19 03:33:25.151168,LINE-2-PACKAGING,72.19,2.09
2026-09-19 03:34:25.151168,LINE-2-PACKAGING,75.22,2.37
2026-09-19 03:35:25.151168,LINE-2-PACKAGING,74.67,2.0
2026-09-19 03:36:25.151168,LINE-2-PACKAGING,75.43,2.13
2026-09-19 03:37:25.151168,LINE-2-PACKAGING,73.31,2.21
2026-09-19 03:38:25.151168,LINE-2-PACKAGING,76.83,2.03
2026-09-19 03:39:25.151168,LINE-2-PACKAGING,74.18,1.67
2026-09-19 03:40:25.151168,LINE-2-PACKAGING,74.64,2.25
2026-09-19 03:41:25.151168,LINE-2-PACKAGING,75.3,2.03
2026-09-19 03:42:25.151168,LINE-2-PACKAGING,74.98,2.16
2026-09-19 03:43:25.151168,LINE-2-PACKAGING,75.2,2.22
2026-09-19 03:44:25.151168,LINE-2-PACKAGING,74.75,1.9
2026-09-19 03:45:25.151168,LINE-2-PACKAGING,76.75,2.15
2026-09-19 03:46:25.151168,LINE-2-PACKAGING,73.45,2.03
2026-09-19 03:47:25.151168,LINE-2-PACKAGING,74.71,2.07
2026-09-19 03:48:25.151168,LINE-2-PACKAGING,73.47,2.39
2026-09-19 03:49:25.151168,LINE-2-PACKAGING,73.21,2.01
2026-09-19 03:50:25.151168,LINE-2-PACKAGING,72.65,2.08
2026-09-19 03:51:25.151168,LINE-2-PACKAGING,75.36,2.02
2026-09-19 03:52:25.151168,LINE-2-PACKAGING,76.91,1.96
2026-09-19 03:53:25.151168,LINE-2-PACKAGING,75.38,2.01
2026-09-19 03:54:25.151168,LINE-2-PACKAGING,75.66,2.14
2026-09-19 03:55:25.151168,LINE-2-PACKAGING,75.51,2.13
2026-09-19 03:56:25.151168,LINE-2-PACKAGING,74.86,2.06
2026-09-19 03:57:25.151168,LINE-2-PACKAGING,75.33,2.03
2026-09-19 03:58:25.151168,LINE-2-PACKAGING,77.25,2.09
2026-09-19 03:59:25.151168,LINE-2-PACKAGING,74.19,1.77
2026-09-19 04:00:25.151168,LINE-2-PACKAGING,74.27,2.15
2026-09-19 04:01:25.151168,LINE-2-PACKAGING,77.05,1.96
2026-09-19 04:02:25.151168,LINE-2-PACKAGING,73.87,2.25
2026-09-19 04:03:25.151168,LINE-2-PACKAGING,74.31,1.9
2026-09-19 04:04:25.151168,LINE-2-PACKAGING,77.05,2.07
2026-09-19 04:05:25.151168,LINE-2-PACKAGING,73.65,2.19
2026-09-19 04:06:25.151168,LINE-2-PACKAGING,73.26,1.95
2026-09-19 04:07:25.151168,LINE-2-PACKAGING,75.07,2.0
2026-09-19 04:08:25.151168,LINE-2-PACKAGING,74.67,1.89
2026-09-19 04:09:25.151168,LINE-2-PACKAGING,75.08,2.13
2026-09-19 04:10:25.151168,LINE-2-PACKAGING,75.28,1.82
2026-09-19 04:11:25.151168,LINE-2-PACKAGING,75.63,2.07
2026-09-19 04:12:25.151168,LINE-2-PACKAGING,76.16,2.25
2026-09-19 04:13:25.151168,LINE-2-PACKAGING,76.05,1.94
2026-09-19 04:14:25.151168,LINE-2-PACKAGING,73.76,2.08
2026-09-19 04:15:25.151168,LINE-2-PACKAGING,73.83,2.05
2026-09-19 04:16:25.151168,LINE-2-PACKAGING,75.62,2.08
2026-09-19 04:17:25.151168,LINE-2-PACKAGING,74.57,1.77
2026-09-19 04:18:25.151168,LINE-2-PACKAGING,75.48,2.04
2026-09-19 04:19:25.151168,LINE-2-PACKAGING,74.34,1.98
2026-09-19 04:20:25.151168,LINE-2-PACKAGING,75.65,2.11
2026-09-19 04:21:25.151168,LINE-2-PACKAGING,76.74,2.37
2026-09-19 04:22:25.151168,LINE-2-PACKAGING,75.9,2.2
2026-09-19 04:23:25.151168,LINE-2-PACKAGING,74.43,2.03
2026-09-19 04:24:25.151168,LINE-2-PACKAGING,75.72,1.87
2026-09-19 04:25:25.151168,LINE-2-PACKAGING,76.38,1.81
2026-09-19 04:26:25.151168,LINE-2-PACKAGING,74.31,1.96
2026-09-19 04:27:25.151168,LINE-2-PACKAGING,74.99,1.88
2026-09-19 04:28:25.151168,LINE-2-PACKAGING,73.87,2.01
2026-09-19 04:29:25.151168,LINE-2-PACKAGING,74.66,1.75
2026-09-19 04:30:25.151168,LINE-2-PACKAGING,72.08,1.98
2026-09-19 04:31:25.151168,LINE-2-PACKAGING,77.03,2.04
2026-09-19 04:32:25.151168,LINE-2-PACKAGING,76.66,2.14
2026-09-19 04:33:25.151168,LINE-2-PACKAGING,75.8,2.01
2026-09-19 04:34:25.151168,LINE-2-PACKAGING,75.57,2.1
2026-09-19 04:35:25.151168,LINE-2-PACKAGING,74.44,1.91
2026-09-19 04:36:25.151168,LINE-2-PACKAGING,73.37,1.95
2026-09-19 04:37:25.151168,LINE-2-PACKAGING,73.5,2.11
2026-09-19 04:38:25.151168,LINE-2-PACKAGING,75.79,1.76
2026-09-19 04:39:25.151168,LINE-2-PACKAGING,76.88,1.92
2026-09-19 04:40:25.151168,LINE-2-PACKAGING,74.36,1.87
2026-09-19 04:41:25.151168,LINE-2-PACKAGING,76.26,1.96
2026-09-19 04:42:25.151168,LINE-2-PACKAGING,73.49,1.95
2026-09-19 04:43:25.151168,LINE-2-PACKAGING,75.59,1.92
2026-09-19 04:44:25.151168,LINE-2-PACKAGING,74.46,2.04
2026-09-19 04:45:25.151168,LINE-2-PACKAGING,74.23,2.01
2026-09-19 04:46:25.151168,LINE-2-PACKAGING,76.63,2.05
2026-09-19 04:47:25.151168,LINE-2-PACKAGING,75.79,1.8
2026-09-19 04:48:25.151168,LINE-2-PACKAGING,74.34,1.91
2026-09-19 04:49:25.151168,LINE-2-PACKAGING,74.03,2.16
2026-09-19 04:50:25.151168,LINE-2-PACKAGING,76.06,2.19
2026-09-19 04:51:25.151168,LINE-2-PACKAGING,75.12,1.96
2026-09-19 04:52:25.151168,LINE-2-PACKAGING,76.45,2.01
2026-09-19 04:53:25.151168,LINE-2-PACKAGING,73.93,1.83
2026-09-19 04:54:25.151168,LINE-2-PACKAGING,74.16,2.08
2026-09-19 04:55:25.151168,LINE-2-PACKAGING,74.32,1.76
2026-09-19 04:56:25.151168,LINE-2-PACKAGING,73.95,2.09
2026-09-19 04:57:25.151168,LINE-2-PACKAGING,73.96,1.88
2026-09-19 04:58:25.151168,LINE-2-PACKAGING,74.17,2.23
2026-09-19 04:59:25.151168,LINE-2-PACKAGING,76.1,1.81
2026-09-19 05:00:25.151168,LINE-2-PACKAGING,75.59,2.16
2026-09-19 05:01:25.151168,LINE-2-PACKAGING,73.84,1.98
2026-09-19 05:02:25.151168,LINE-2-PACKAGING,73.38,1.96
2026-09-19 05:03:25.151168,LINE-2-PACKAGING,75.87,2.1
2026-09-19 05:04:25.151168,LINE-2-PACKAGING,75.56,2.04
2026-09-19 05:05:25.151168,LINE-2-PACKAGING,75.85,2.1
2026-09-19 05:06:25.151168,LINE-2-PACKAGING,75.83,1.93
2026-09-19 05:07:25.151168,LINE-2-PACKAGING,77.53,1.94
2026-09-19 05:08:25.151168,LINE-2-PACKAGING,74.7,2.18
2026-09-19 05:09:25.151168,LINE-2-PACKAGING,73.39,2.08
2026-09-19 05:10:25.151168,LINE-2-PACKAGING,75.92,2.14
2026-09-19 05:11:25.151168,LINE-2-PACKAGING,76.69,1.83
2026-09-19 05:12:25.151168,LINE-2-PACKAGING,75.94,1.8
2026-09-19 05:13:25.151168,LINE-2-PACKAGING,75.17,1.83
2026-09-19 05:14:25.151168,LINE-2-PACKAGING,75.02,1.83
2026-09-19 05:15:25.151168,LINE-2-PACKAGING,74.17,2.02
2026-09-19 05:16:25.151168,LINE-2-PACKAGING,77.2,1.99
2026-09-19 05:17:25.151168,LINE-2-PACKAGING,73.86,1.85
2026-09-19 05:18:25.151168,LINE-2-PACKAGING,76.27,1.87
2026-09-19 05:19:25.151168,LINE-2-PACKAGING,73.39,2.11
2026-09-19 05:20:25.151168,LINE-2-PACKAGING,76.03,2.33
2026-09-19 05:21:25.151168,LINE-2-PACKAGING,73.74,1.84
2026-09-19 05:22:25.151168,LINE-2-PACKAGING,75.55,2.29
2026-09-19 05:23:25.151168,LINE-2-PACKAGING,75.25,2.37
2026-09-19 05:24:25.151168,LINE-2-PACKAGING,76.05,2.19
2026-09-19 05:25:25.151168,LINE-2-PACKAGING,75.7,2.16
2026-09-19 05:26:25.151168,LINE-2-PACKAGING,75.04,1.92
2026-09-19 05:27:25.151168,LINE-2-PACKAGING,74.9,2.19
2026-09-19 05:28:25.151168,LINE-2-PACKAGING,74.81,1.99
2026-09-19 05:29:25.151168,LINE-2-PACKAGING,74.4,2.15
2026-09-19 05:30:25.151168,LINE-2-PACKAGING,74.17,2.17
2026-09-19 05:31:25.151168,LINE-2-PACKAGING,75.88,1.88
2026-09-19 05:32:25.151168,LINE-2-PACKAGING,75.5,2.02
2026-09-19 05:33:25.151168,LINE-2-PACKAGING,75.97,2.13
2026-09-19 05:34:25.151168,LINE-2-PACKAGING,76.1,2.07
2026-09-19 05:35:25.151168,LINE-2-PACKAGING,74.5,1.98
2026-09-19 05:36:25.151168,LINE-2-PACKAGING,75.36,2.05
2026-09-19 05:37:25.151168,LINE-2-PACKAGING,75.07,2.32
2026-09-19 05:38:25.151168,LINE-2-PACKAGING,73.63,1.97
2026-09-19 05:39:25.151168,LINE-2-PACKAGING,73.13,1.84
2026-09-19 05:40:25.151168,LINE-2-PACKAGING,74.74,1.98
2026-09-19 05:41:25.151168,LINE-2-PACKAGING,77.28,1.92
2026-09-19 05:42:25.151168,LINE-2-PACKAGING,74.89,1.96
2026-09-19 05:43:25.151168,LINE-2-PACKAGING,75.54,1.83
2026-09-19 05:44:25.151168,LINE-2-PACKAGING,75.67,2.24
2026-09-19 05:45:25.151168,LINE-2-PACKAGING,74.8,2.0
2026-09-19 05:46:25.151168,LINE-2-PACKAGING,75.47,2.1
2026-09-19 05:47:25.151168,LINE-2-PACKAGING,74.32,1.82
2026-09-19 05:48:25.151168,LINE-2-PACKAGING,74.12,2.19
2026-09-19 05:49:25.151168,LINE-2-PACKAGING,75.5,1.99
2026-09-19 05:50:25.151168,LINE-2-PACKAGING,75.36,1.85
2026-09-19 05:51:25.151168,LINE-2-PACKAGING,73.12,2.06
2026-09-19 05:52:25.151168,LINE-2-PACKAGING,75.24,2.06
2026-09-19 05:53:25.151168,LINE-2-PACKAGING,74.92,1.63
2026-09-19 05:54:25.151168,LINE-2-PACKAGING,76.06,2.28
2026-09-19 05:55:25.151168,LINE-2-PACKAGING,75.87,1.91
2026-09-19 05:56:25.151168,LINE-2-PACKAGING,74.22,2.03
2026-09-19 05:57:25.151168,LINE-2-PACKAGING,74.82,2.27
2026-09-19 05:58:25.151168,LINE-2-PACKAGING,75.27,2.18
2026-09-19 05:59:25.151168,LINE-2-PACKAGING,74.87,2.14
2026-09-19 06:00:25.151168,LINE-2-PACKAGING,73.93,2.08
2026-09-19 06:01:25.151168,LINE-2-PACKAGING,72.7,1.95
2026-09-19 06:02:25.151168,LINE-2-PACKAGING,76.0,2.23
2026-09-19 06:03:25.151168,LINE-2-PACKAGING,72.89,1.9
2026-09-19 06:04:25.151168,LINE-2-PACKAGING,73.71,2.11
2026-09-19 06:05:25.151168,LINE-2-PACKAGING,75.34,1.96
2026-09-19 06:06:25.151168,LINE-2-PACKAGING,74.09,2.28
2026-09-19 06:07:25.151168,LINE-2-PACKAGING,75.3,2.05
2026-09-19 06:08:25.151168,LINE-2-PACKAGING,75.22,1.91
2026-09-19 06:09:25.151168,LINE-2-PACKAGING,75.71,2.26
2026-09-19 06:10:25.151168,LINE-2-PACKAGING,73.86,1.73
2026-09-19 06:11:25.151168,LINE-2-PACKAGING,74.85,1.95
2026-09-19 06:12:25.151168,LINE-2-PACKAGING,76.35,1.89
2026-09-19 06:13:25.151168,LINE-2-PACKAGING,73.94,1.97
2026-09-19 06:14:25.151168,LINE-2-PACKAGING,75.11,1.9
2026-09-19 06:15:25.151168,LINE-2-PACKAGING,87.55,1.93
2026-09-19 06:16:25.151168,LINE-2-PACKAGING,85.6,2.14
2026-09-19 06:17:25.151168,LINE-2-PACKAGING,86.29,2.41
2026-09-19 06:18:25.151168,LINE-2-PACKAGING,86.45,2.23
2026-09-19 06:19:25.151168,LINE-2-PACKAGING,86.63,2.58
2026-09-19 06:20:25.151168,LINE-2-PACKAGING,86.96,2.29
2026-09-19 06:21:25.151168,LINE-2-PACKAGING,86.29,2.52
2026-09-19 06:22:25.151168,LINE-2-PACKAGING,87.14,2.31
2026-09-19 06:23:25.151168,LINE-2-PACKAGING,84.15,2.44
2026-09-19 06:24:25.151168,LINE-2-PACKAGING,85.84,2.02
2026-09-19 06:25:25.151168,LINE-2-PACKAGING,85.97,2.34
2026-09-19 06:26:25.151168,LINE-2-PACKAGING,86.76,2.55
2026-09-19 06:27:25.151168,LINE-2-PACKAGING,84.65,2.58
2026-09-19 06:28:25.151168,LINE-2-PACKAGING,85.44,2.56
2026-09-19 06:29:25.151168,LINE-2-PACKAGING,86.4,2.49
2026-09-19 06:30:25.151168,LINE-2-PACKAGING,84.25,2.44
2026-09-19 06:31:25.151168,LINE-2-PACKAGING,86.7,2.5
2026-09-19 06:32:25.151168,LINE-2-PACKAGING,87.27,2.6
2026-09-19 06:33:25.151168,LINE-2-PACKAGING,85.74,2.52
2026-09-19 06:34:25.151168,LINE-2-PACKAGING,86.06,2.38
2026-09-19 06:35:25.151168,LINE-2-PACKAGING,87.47,2.28
2026-09-19 06:36:25.151168,LINE-2-PACKAGING,86.34,2.59
2026-09-19 06:37:25.151168,LINE-2-PACKAGING,86.26,2.3
2026-09-19 06:38:25.151168,LINE-2-PACKAGING,86.6,2.49
2026-09-19 06:39:25.151168,LINE-2-PACKAGING,85.76,2.51
2026-09-19 06:40:25.151168,LINE-2-PACKAGING,86.38,2.13
2026-09-19 06:41:25.151168,LINE-2-PACKAGING,85.04,2.3
2026-09-19 06:42:25.151168,LINE-2-PACKAGING,88.35,2.34
2026-09-19 06:43:25.151168,LINE-2-PACKAGING,84.7,2.4
2026-09-19 06:44:25.151168,LINE-2-PACKAGING,86.31,2.48
2026-09-19 06:45:25.151168,LINE-2-PACKAGING,85.41,2.44
2026-09-19 06:46:25.151168,LINE-2-PACKAGING,85.41,2.3
2026-09-19 06:47:25.151168,LINE-2-PACKAGING,86.24,2.23
2026-09-19 06:48:25.151168,LINE-2-PACKAGING,85.54,2.63
2026-09-19 06:49:25.151168,LINE-2-PACKAGING,85.87,2.51
2026-09-19 06:50:25.151168,LINE-2-PACKAGING,85.51,2.48
2026-09-19 06:51:25.151168,LINE-2-PACKAGING,85.41,2.32
2026-09-19 06:52:25.151168,LINE-2-PACKAGING,87.54,2.43
2026-09-19 06:53:25.151168,LINE-2-PACKAGING,86.54,2.39
2026-09-19 06:54:25.151168,LINE-2-PACKAGING,87.12,2.25
2026-09-19 06:55:25.151168,LINE-2-PACKAGING,86.22,2.5
2026-09-19 06:56:25.151168,LINE-2-PACKAGING,87.89,2.41
2026-09-19 06:57:25.151168,LINE-2-PACKAGING,86.56,2.59
2026-09-19 06:58:25.151168,LINE-2-PACKAGING,86.74,2.35
2026-09-19 06:59:25.151168,LINE-2-PACKAGING,85.08,2.68
2026-09-19 07:00:25.151168,LINE-2-PACKAGING,85.14,2.37
2026-09-19 07:01:25.151168,LINE-2-PACKAGING,87.86,2.44
2026-09-19 07:02:25.151168,LINE-2-PACKAGING,83.99,2.31
2026-09-19 07:03:25.151168,LINE-2-PACKAGING,86.35,2.39
2026-09-19 07:04:25.151168,LINE-2-PACKAGING,85.66,2.49
2026-09-19 07:05:25.151168,LINE-2-PACKAGING,85.71,2.41
2026-09-19 07:06:25.151168,LINE-2-PACKAGING,85.04,2.37
2026-09-19 07:07:25.151168,LINE-2-PACKAGING,86.86,2.16
2026-09-19 07:08:25.151168,LINE-2-PACKAGING,86.32,2.54
2026-09-19 07:09:25.151168,LINE-2-PACKAGING,85.92,2.69
2026-09-19 07:10:25.151168,LINE-2-PACKAGING,86.43,2.21
2026-09-19 07:11:25.151168,LINE-2-PACKAGING,85.87,2.47
2026-09-19 07:12:25.151168,LINE-2-PACKAGING,85.43,2.51
2026-09-19 07:13:25.151168,LINE-2-PACKAGING,85.01,2.37
2026-09-19 07:14:25.151168,LINE-2-PACKAGING,88.19,2.49
2026-09-19 07:15:25.151168,LINE-2-PACKAGING,86.76,2.51
2026-09-19 07:16:25.151168,LINE-2-PACKAGING,86.18,2.35
2026-09-19 07:17:25.151168,LINE-2-PACKAGING,86.68,2.48
2026-09-19 07:18:25.151168,LINE-2-PACKAGING,86.49,2.41
2026-09-19 07:19:25.151168,LINE-2-PACKAGING,86.65,2.16
2026-09-19 07:20:25.151168,LINE-2-PACKAGING,86.39,2.45
2026-09-19 07:21:25.151168,LINE-2-PACKAGING,86.14,2.28
2026-09-19 07:22:25.151168,LINE-2-PACKAGING,86.54,2.2
2026-09-19 07:23:25.151168,LINE-2-PACKAGING,86.5,2.53
2026-09-19 07:24:25.151168,LINE-2-PACKAGING,84.83,2.37
2026-09-19 07:25:25.151168,LINE-2-PACKAGING,86.93,2.44
2026-09-19 07:26:25.151168,LINE-2-PACKAGING,85.52,2.49
2026-09-19 07:27:25.151168,LINE-2-PACKAGING,87.16,2.31
2026-09-19 07:28:25.151168,LINE-2-PACKAGING,85.7,2.33
2026-09-19 07:29:25.151168,LINE-2-PACKAGING,86.21,2.52
2026-09-19 07:30:25.151168,LINE-2-PACKAGING,86.59,2.32
2026-09-19 07:31:25.151168,LINE-2-PACKAGING,84.85,2.37
2026-09-19 07:32:25.151168,LINE-2-PACKAGING,85.7,2.34
2026-09-19 07:33:25.151168,LINE-2-PACKAGING,84.2,2.69
2026-09-19 07:34:25.151168,LINE-2-PACKAGING,86.68,2.41
2026-09-19 07:35:25.151168,LINE-2-PACKAGING,85.43,2.53
2026-09-19 07:36:25.151168,LINE-2-PACKAGING,87.13,2.5
2026-09-19 07:37:25.151168,LINE-2-PACKAGING,84.8,2.45
2026-09-19 07:38:25.151168,LINE-2-PACKAGING,86.17,2.53
2026-09-19 07:39:25.151168,LINE-2-PACKAGING,86.0,2.49
2026-09-19 07:40:25.151168,LINE-2-PACKAGING,85.43,2.4
2026-09-19 07:41:25.151168,LINE-2-PACKAGING,85.0,2.37
2026-09-19 07:42:25.151168,LINE-2-PACKAGING,86.97,2.33
2026-09-19 07:43:25.151168,LINE-2-PACKAGING,85.07,2.43
2026-09-19 07:44:25.151168,LINE-2-PACKAGING,84.57,2.43
2026-09-19 07:45:25.151168,LINE-2-PACKAGING,86.72,2.48
2026-09-19 07:46:25.151168,LINE-2-PACKAGING,86.56,2.35
2026-09-19 07:47:25.151168,LINE-2-PACKAGING,85.57,2.43
2026-09-19 07:48:25.151168,LINE-2-PACKAGING,86.01,2.13
2026-09-19 07:49:25.151168,LINE-2-PACKAGING,87.31,2.3
2026-09-19 07:50:25.151168,LINE-2-PACKAGING,86.48,2.56
2026-09-19 07:51:25.151168,LINE-2-PACKAGING,86.06,2.59
2026-09-19 07:52:25.151168,LINE-2-PACKAGING,84.54,2.48
2026-09-19 07:53:25.151168,LINE-2-PACKAGING,85.59,2.53
2026-09-19 07:54:25.151168,LINE-2-PACKAGING,87.62,2.47
2026-09-19 07:55:25.151168,LINE-2-PACKAGING,87.4,2.37
2026-09-19 07:56:25.151168,LINE-2-PACKAGING,87.23,2.44
2026-09-19 07:57:25.151168,LINE-2-PACKAGING,84.9,2.18
2026-09-19 07:58:25.151168,LINE-2-PACKAGING,86.74,2.3
2026-09-19 07:59:25.151168,LINE-2-PACKAGING,86.31,2.66
2026-09-19 08:00:25.151168,LINE-2-PACKAGING,87.34,2.5
2026-09-19 08:01:25.151168,LINE-2-PACKAGING,87.21,2.67
2026-09-19 08:02:25.151168,LINE-2-PACKAGING,86.65,2.39
2026-09-19 08:03:25.151168,LINE-2-PACKAGING,86.6,2.41
2026-09-19 08:04:25.151168,LINE-2-PACKAGING,86.63,2.29
2026-09-19 08:05:25.151168,LINE-2-PACKAGING,86.28,2.33
2026-09-19 08:06:25.151168,LINE-2-PACKAGING,87.42,2.36
2026-09-19 08:07:25.151168,LINE-2-PACKAGING,86.75,2.29
2026-09-19 08:08:25.151168,LINE-2-PACKAGING,85.72,2.28
2026-09-19 08:09:25.151168,LINE-2-PACKAGING,86.96,2.38
2026-09-19 08:10:25.151168,LINE-2-PACKAGING,87.35,2.43
2026-09-19 08:11:25.151168,LINE-2-PACKAGING,87.11,2.49
2026-09-19 08:12:25.151168,LINE-2-PACKAGING,86.61,2.15
2026-09-19 08:13:25.151168,LINE-2-PACKAGING,86.1,2.34
2026-09-19 08:14:25.151168,LINE-2-PACKAGING,88.36,2.43
2026-09-19 08:15:25.151168,LINE-2-PACKAGING,88.13,2.52
2026-09-19 08:16:25.151168,LINE-2-PACKAGING,87.44,2.35
2026-09-19 08:17:25.151168,LINE-2-PACKAGING,87.09,2.81
2026-09-19 08:18:25.151168,LINE-2-PACKAGING,87.4,2.54
2026-09-19 08:19:25.151168,LINE-2-PACKAGING,85.77,2.27
2026-09-19 08:20:25.151168,LINE-2-PACKAGING,85.37,2.47
2026-09-19 08:21:25.151168,LINE-2-PACKAGING,86.23,2.33
2026-09-19 08:22:25.151168,LINE-2-PACKAGING,87.42,2.46
2026-09-19 08:23:25.151168,LINE-2-PACKAGING,84.93,2.56
2026-09-19 08:24:25.151168,LINE-2-PACKAGING,86.8,2.45
2026-09-19 08:25:25.151168,LINE-2-PACKAGING,87.57,2.47
2026-09-19 08:26:25.151168,LINE-2-PACKAGING,85.93,2.53
2026-09-19 08:27:25.151168,LINE-2-PACKAGING,86.58,2.15
2026-09-19 08:28:25.151168,LINE-2-PACKAGING,84.78,2.1
2026-09-19 08:29:25.151168,LINE-2-PACKAGING,86.67,1.98
2026-09-19 08:30:25.151168,LINE-2-PACKAGING,87.23,2.23
2026-09-19 08:31:25.151168,LINE-2-PACKAGING,84.31,2.35
2026-09-19 08:32:25.151168,LINE-2-PACKAGING,87.87,2.75
2026-09-19 08:33:25.151168,LINE-2-PACKAGING,86.17,2.43
2026-09-19 08:34:25.151168,LINE-2-PACKAGING,86.25,2.17
2026-09-19 08:35:25.151168,LINE-2-PACKAGING,88.47,2.48
2026-09-19 08:36:25.151168,LINE-2-PACKAGING,87.87,2.3
2026-09-19 08:37:25.151168,LINE-2-PACKAGING,86.13,2.46
2026-09-19 08:38:25.151168,LINE-2-PACKAGING,86.0,2.46
2026-09-19 08:39:25.151168,LINE-2-PACKAGING,87.04,2.42
2026-09-19 08:40:25.151168,LINE-2-PACKAGING,85.33,2.33
2026-09-19 08:41:25.151168,LINE-2-PACKAGING,86.96,2.38
2026-09-19 08:42:25.151168,LINE-2-PACKAGING,84.64,2.35
2026-09-19 08:43:25.151168,LINE-2-PACKAGING,88.71,2.52
2026-09-19 08:44:25.151168,LINE-2-PACKAGING,86.79,2.5
2026-09-19 08:45:25.151168,LINE-2-PACKAGING,86.63,2.31
2026-09-19 08:46:25.151168,LINE-2-PACKAGING,85.56,2.25
2026-09-19 08:47:25.151168,LINE-2-PACKAGING,86.67,2.26
2026-09-19 08:48:25.151168,LINE-2-PACKAGING,86.61,2.41
2026-09-19 08:49:25.151168,LINE-2-PACKAGING,83.86,2.45
2026-09-19 08:50:25.151168,LINE-2-PACKAGING,86.39,2.25
2026-09-19 08:51:25.151168,LINE-2-PACKAGING,85.5,2.3
2026-09-19 08:52:25.151168,LINE-2-PACKAGING,86.23,2.39
2026-09-19 08:53:25.151168,LINE-2-PACKAGING,84.46,2.4
2026-09-19 08:54:25.151168,LINE-2-PACKAGING,87.78,2.46
2026-09-19 08:55:25.151168,LINE-2-PACKAGING,84.09,2.59
2026-09-19 08:56:25.151168,LINE-2-PACKAGING,86.62,2.51
2026-09-19 08:57:25.151168,LINE-2-PACKAGING,86.54,2.35
2026-09-19 08:58:25.151168,LINE-2-PACKAGING,86.7,2.32
2026-09-19 08:59:25.151168,LINE-2-PACKAGING,86.37,2.4
2026-09-19 09:00:25.151168,LINE-2-PACKAGING,85.57,2.46
2026-09-19 09:01:25.151168,LINE-2-PACKAGING,88.14,2.33
2026-09-19 09:02:25.151168,LINE-2-PACKAGING,86.28,2.5
2026-09-19 09:03:25.151168,LINE-2-PACKAGING,86.78,2.09
2026-09-19 09:04:25.151168,LINE-2-PACKAGING,84.77,2.02
2026-09-19 09:05:25.151168,LINE-2-PACKAGING,86.77,2.25
2026-09-19 09:06:25.151168,LINE-2-PACKAGING,86.48,2.72
2026-09-19 09:07:25.151168,LINE-2-PACKAGING,86.89,2.5
2026-09-19 09:08:25.151168,LINE-2-PACKAGING,86.9,2.4
2026-09-19 09:09:25.151168,LINE-2-PACKAGING,86.17,2.23
2026-09-19 09:10:25.151168,LINE-2-PACKAGING,85.71,2.47
2026-09-19 09:11:25.151168,LINE-2-PACKAGING,85.46,2.48
2026-09-19 09:12:25.151168,LINE-2-PACKAGING,87.36,2.53
2026-09-19 09:13:25.151168,LINE-2-PACKAGING,84.84,2.1
2026-09-19 09:14:25.151168,LINE-2-PACKAGING,86.18,2.29
2026-09-19 09:15:25.151168,LINE-2-PACKAGING,87.78,2.57
2026-09-19 09:16:25.151168,LINE-2-PACKAGING,85.1,2.32
2026-09-19 09:17:25.151168,LINE-2-PACKAGING,85.8,2.4
2026-09-19 09:18:25.151168,LINE-2-PACKAGING,85.53,2.64
2026-09-19 09:19:25.151168,LINE-2-PACKAGING,87.15,2.35
2026-09-19 09:20:25.151168,LINE-2-PACKAGING,86.46,2.46
2026-09-19 09:21:25.151168,LINE-2-PACKAGING,87.03,2.2
2026-09-19 09:22:25.151168,LINE-2-PACKAGING,87.85,2.52
2026-09-19 09:23:25.151168,LINE-2-PACKAGING,85.93,2.46
2026-09-19 09:24:25.151168,LINE-2-PACKAGING,85.95,2.55
2026-09-19 09:25:25.151168,LINE-2-PACKAGING,88.24,2.4
2026-09-19 09:26:25.151168,LINE-2-PACKAGING,87.13,2.5
2026-09-19 09:27:25.151168,LINE-2-PACKAGING,86.89,2.69
2026-09-19 09:28:25.151168,LINE-2-PACKAGING,85.48,2.45
2026-09-19 09:29:25.151168,LINE-2-PACKAGING,88.09,2.26
2026-09-19 09:30:25.151168,LINE-2-PACKAGING,85.99,2.67
2026-09-19 09:31:25.151168,LINE-2-PACKAGING,88.5,2.39
2026-09-19 09:32:25.151168,LINE-2-PACKAGING,85.31,2.62
2026-09-19 09:33:25.151168,LINE-2-PACKAGING,86.39,2.29
2026-09-19 09:34:25.151168,LINE-2-PACKAGING,87.54,2.34
2026-09-19 09:35:25.151168,LINE-2-PACKAGING,88.64,2.4
2026-09-19 09:36:25.151168,LINE-2-PACKAGING,87.91,2.15
2026-09-19 09:37:25.151168,LINE-2-PACKAGING,85.98,2.19
2026-09-19 09:38:25.151168,LINE-2-PACKAGING,87.59,2.51
2026-09-19 09:39:25.151168,LINE-2-PACKAGING,84.97,2.48
2026-09-19 09:40:25.151168,LINE-2-PACKAGING,88.19,2.37
2026-09-19 09:41:25.151168,LINE-2-PACKAGING,86.24,2.48
2026-09-19 09:42:25.151168,LINE-2-PACKAGING,85.96,2.58
2026-09-19 09:43:25.151168,LINE-2-PACKAGING,84.95,2.35
2026-09-19 09:44:25.151168,LINE-2-PACKAGING,86.66,2.43
2026-09-19 09:45:25.151168,LINE-2-PACKAGING,86.14,2.44
2026-09-19 09:46:25.151168,LINE-2-PACKAGING,85.63,2.33
2026-09-19 09:47:25.151168,LINE-2-PACKAGING,85.39,2.3
2026-09-19 09:48:25.151168,LINE-2-PACKAGING,85.6,2.43
2026-09-19 09:49:25.151168,LINE-2-PACKAGING,87.19,2.46
2026-09-19 09:50:25.151168,LINE-2-PACKAGING,86.27,2.71
2026-09-19 09:51:25.151168,LINE-2-PACKAGING,87.08,2.36
2026-09-19 09:52:25.151168,LINE-2-PACKAGING,86.55,2.37
2026-09-19 09:53:25.151168,LINE-2-PACKAGING,84.52,2.62
2026-09-19 09:54:25.151168,LINE-2-PACKAGING,85.83,2.44
2026-09-19 09:55:25.151168,LINE-2-PACKAGING,85.75,2.25
2026-09-19 09:56:25.151168,LINE-2-PACKAGING,84.33,2.22
2026-09-19 09:57:25.151168,LINE-2-PACKAGING,86.99,2.44
2026-09-19 09:58:25.151168,LINE-2-PACKAGING,87.04,2.51
2026-09-19 09:59:25.151168,LINE-2-PACKAGING,86.3,2.42
2026-09-19 10:00:25.151168,LINE-2-PACKAGING,87.04,2.27
2026-09-19 10:01:25.151168,LINE-2-PACKAGING,86.75,2.35
2026-09-19 10:02:25.151168,LINE-2-PACKAGING,85.32,2.59
2026-09-19 10:03:25.151168,LINE-2-PACKAGING,87.04,2.3
2026-09-19 10:04:25.151168,LINE-2-PACKAGING,85.81,2.35
2026-09-19 10:05:25.151168,LINE-2-PACKAGING,86.58,2.15
2026-09-19 10:06:25.151168,LINE-2-PACKAGING,85.91,2.51
2026-09-19 10:07:25.151168,LINE-2-PACKAGING,87.48,2.64
2026-09-19 10:08:25.151168,LINE-2-PACKAGING,86.42,2.53
2026-09-19 10:09:25.151168,LINE-2-PACKAGING,85.39,2.53
2026-09-19 10:10:25.151168,LINE-2-PACKAGING,88.06,2.41
2026-09-19 10:11:25.151168,LINE-2-PACKAGING,87.4,2.25
2026-09-19 10:12:25.151168,LINE-2-PACKAGING,86.08,2.23
2026-09-19 10:13:25.151168,LINE-2-PACKAGING,87.43,2.49
2026-09-19 10:14:25.151168,LINE-2-PACKAGING,85.95,2.38
2026-09-19 10:15:25.151168,LINE-2-PACKAGING,85.69,2.53
2026-09-19 10:16:25.151168,LINE-2-PACKAGING,86.83,2.34
2026-09-19 10:17:25.151168,LINE-2-PACKAGING,85.29,2.57
2026-09-19 10:18:25.151168,LINE-2-PACKAGING,84.76,2.53
2026-09-19 10:19:25.151168,LINE-2-PACKAGING,86.41,2.45
2026-09-19 10:20:25.151168,LINE-2-PACKAGING,86.95,2.53
2026-09-19 10:21:25.151168,LINE-2-PACKAGING,86.43,2.38
2026-09-19 10:22:25.151168,LINE-2-PACKAGING,86.28,2.26
2026-09-19 10:23:25.151168,LINE-2-PACKAGING,85.99,2.41
2026-09-19 10:24:25.151168,LINE-2-PACKAGING,87.21,2.39
2026-09-19 10:25:25.151168,LINE-2-PACKAGING,85.59,2.55
2026-09-19 10:26:25.151168,LINE-2-PACKAGING,85.92,2.52
2026-09-19 10:27:25.151168,LINE-2-PACKAGING,85.18,2.41
2026-09-19 10:28:25.151168,LINE-2-PACKAGING,86.84,2.35
2026-09-19 10:29:25.151168,LINE-2-PACKAGING,86.55,2.01
2026-09-19 10:30:25.151168,LINE-2-PACKAGING,85.45,2.62
2026-09-19 10:31:25.151168,LINE-2-PACKAGING,87.09,2.27
2026-09-19 10:32:25.151168,LINE-2-PACKAGING,86.89,2.69
2026-09-19 10:33:25.151168,LINE-2-PACKAGING,86.82,2.38
2026-09-19 10:34:25.151168,LINE-2-PACKAGING,87.07,2.22
2026-09-19 10:35:25.151168,LINE-2-PACKAGING,87.46,2.45
2026-09-19 10:36:25.151168,LINE-2-PACKAGING,86.43,2.22
2026-09-19 10:37:25.151168,LINE-2-PACKAGING,86.38,2.63
2026-09-19 10:38:25.151168,LINE-2-PACKAGING,85.77,2.22
2026-09-19 10:39:25.151168,LINE-2-PACKAGING,86.61,2.1
2026-09-19 10:40:25.151168,LINE-2-PACKAGING,86.25,2.34
2026-09-19 10:41:25.151168,LINE-2-PACKAGING,86.9,2.37
2026-09-19 10:42:25.151168,LINE-2-PACKAGING,86.86,2.71
2026-09-19 10:43:25.151168,LINE-2-PACKAGING,85.6,2.25
2026-09-19 10:44:25.151168,LINE-2-PACKAGING,85.52,2.37
2026-09-19 10:45:25.151168,LINE-2-PACKAGING,86.69,2.64
2026-09-19 10:46:25.151168,LINE-2-PACKAGING,86.6,2.4
2026-09-19 10:47:25.151168,LINE-2-PACKAGING,86.74,2.51
2026-09-19 10:48:25.151168,LINE-2-PACKAGING,85.83,2.75
2026-09-19 10:49:25.151168,LINE-2-PACKAGING,85.8,2.31
2026-09-19 10:50:25.151168,LINE-2-PACKAGING,87.34,2.37
2026-09-19 10:51:25.151168,LINE-2-PACKAGING,86.92,2.42
2026-09-19 10:52:25.151168,LINE-2-PACKAGING,84.53,2.29
2026-09-19 10:53:25.151168,LINE-2-PACKAGING,85.84,2.41
2026-09-19 10:54:25.151168,LINE-2-PACKAGING,87.14,2.33
2026-09-19 10:55:25.151168,LINE-2-PACKAGING,86.88,2.49
2026-09-19 10:56:25.151168,LINE-2-PACKAGING,86.85,2.02
2026-09-19 10:57:25.151168,LINE-2-PACKAGING,85.23,2.35
2026-09-19 10:58:25.151168,LINE-2-PACKAGING,85.03,2.42
2026-09-19 10:59:25.151168,LINE-2-PACKAGING,86.72,2.44
2026-09-19 11:00:25.151168,LINE-2-PACKAGING,86.29,2.81
2026-09-19 11:01:25.151168,LINE-2-PACKAGING,87.24,2.47
2026-09-19 11:02:25.151168,LINE-2-PACKAGING,87.02,2.37
2026-09-19 11:03:25.151168,LINE-2-PACKAGING,86.46,2.28
2026-09-19 11:04:25.151168,LINE-2-PACKAGING,85.18,2.49
2026-09-19 11:05:25.151168,LINE-2-PACKAGING,89.24,2.45
2026-09-19 11:06:25.151168,LINE-2-PACKAGING,85.3,2.13
2026-09-19 11:07:25.151168,LINE-2-PACKAGING,83.82,2.31
2026-09-19 11:08:25.151168,LINE-2-PACKAGING,86.84,2.49
2026-09-19 11:09:25.151168,LINE-2-PACKAGING,87.52,2.24
2026-09-19 11:10:25.151168,LINE-2-PACKAGING,86.2,2.36
2026-09-19 11:11:25.151168,LINE-2-PACKAGING,86.41,2.61
2026-09-19 11:12:25.151168,LINE-2-PACKAGING,84.98,2.28
2026-09-19 11:13:25.151168,LINE-2-PACKAGING,85.01,2.35
2026-09-19 11:14:25.151168,LINE-2-PACKAGING,84.97,2.48
2026-09-19 11:15:25.151168,LINE-2-PACKAGING,87.13,2.5
2026-09-19 11:16:25.151168,LINE-2-PACKAGING,75.08,1.91
2026-09-19 11:17:25.151168,LINE-2-PACKAGING,74.92,2.09
2026-09-19 11:18:25.151168,LINE-2-PACKAGING,78.61,2.1
2026-09-19 11:19:25.151168,LINE-2-PACKAGING,75.33,2.31
2026-09-19 11:20:25.151168,LINE-2-PACKAGING,76.55,2.18
2026-09-19 11:21:25.151168,LINE-2-PACKAGING,74.99,1.8
2026-09-19 11:22:25.151168,LINE-2-PACKAGING,77.64,2.09
2026-09-19 11:23:25.151168,LINE-2-PACKAGING,74.9,2.04
2026-09-19 11:24:25.151168,LINE-2-PACKAGING,75.06,2.06
2026-09-19 11:25:25.151168,LINE-2-PACKAGING,75.13,1.99
2026-09-19 11:26:25.151168,LINE-2-PACKAGING,74.9,1.91
2026-09-19 11:27:25.151168,LINE-2-PACKAGING,74.6,1.91
2026-09-19 11:28:25.151168,LINE-2-PACKAGING,75.26,2.1
2026-09-19 11:29:25.151168,LINE-2-PACKAGING,74.45,2.13
2026-09-19 11:30:25.151168,LINE-2-PACKAGING,75.92,2.01
2026-09-19 11:31:25.151168,LINE-2-PACKAGING,75.13,2.03
2026-09-19 11:32:25.151168,LINE-2-PACKAGING,76.37,1.96
2026-09-19 11:33:25.151168,LINE-2-PACKAGING,73.71,2.1
2026-09-19 11:34:25.151168,LINE-2-PACKAGING,73.86,1.81
2026-09-19 11:35:25.151168,LINE-2-PACKAGING,74.3,2.08
2026-09-19 11:36:25.151168,LINE-2-PACKAGING,74.23,2.2
2026-09-19 11:37:25.151168,LINE-2-PACKAGING,75.69,2.02
2026-09-19 11:38:25.151168,LINE-2-PACKAGING,75.77,2.14
2026-09-19 11:39:25.151168,LINE-2-PACKAGING,76.99,2.03
2026-09-19 11:40:25.151168,LINE-2-PACKAGING,75.21,2.05
2026-09-19 11:41:25.151168,LINE-2-PACKAGING,74.92,2.05
2026-09-19 11:42:25.151168,LINE-2-PACKAGING,74.78,2.0
2026-09-19 11:43:25.151168,LINE-2-PACKAGING,74.28,2.17
2026-09-19 11:44:25.151168,LINE-2-PACKAGING,75.09,1.86
2026-09-19 11:45:25.151168,LINE-2-PACKAGING,86.65,2.2
2026-09-19 11:46:25.151168,LINE-2-PACKAGING,86.18,2.37
2026-09-19 11:47:25.151168,LINE-2-PACKAGING,87.25,2.37
2026-09-19 11:48:25.151168,LINE-2-PACKAGING,85.86,2.25
2026-09-19 11:49:25.151168,LINE-2-PACKAGING,84.63,2.43
2026-09-19 11:50:25.151168,LINE-2-PACKAGING,87.15,2.38
2026-09-19 11:51:25.151168,LINE-2-PACKAGING,86.32,2.49
2026-09-19 11:52:25.151168,LINE-2-PACKAGING,83.97,2.45
2026-09-19 11:53:25.151168,LINE-2-PACKAGING,86.89,2.35
2026-09-19 11:54:25.151168,LINE-2-PACKAGING,86.48,2.34
2026-09-19 11:55:25.151168,LINE-2-PACKAGING,85.59,2.7
2026-09-19 11:56:25.151168,LINE-2-PACKAGING,85.63,2.53
2026-09-19 11:57:25.151168,LINE-2-PACKAGING,86.77,2.25
2026-09-19 11:58:25.151168,LINE-2-PACKAGING,86.89,2.24
2026-09-19 11:59:25.151168,LINE-2-PACKAGING,87.33,2.53
2026-09-19 12:00:25.151168,LINE-2-PACKAGING,86.8,2.66
2026-09-19 12:01:25.151168,LINE-2-PACKAGING,87.71,2.46
2026-09-19 12:02:25.151168,LINE-2-PACKAGING,85.97,2.55
2026-09-19 12:03:25.151168,LINE-2-PACKAGING,86.65,2.25
2026-09-19 12:04:25.151168,LINE-2-PACKAGING,85.41,2.54
2026-09-19 12:05:25.151168,LINE-2-PACKAGING,87.12,2.32
2026-09-19 12:06:25.151168,LINE-2-PACKAGING,86.2,2.46
2026-09-19 12:07:25.151168,LINE-2-PACKAGING,86.6,2.36
2026-09-19 12:08:25.151168,LINE-2-PACKAGING,87.55,2.48
2026-09-19 12:09:25.151168,LINE-2-PACKAGING,86.84,2.55
2026-09-19 12:10:25.151168,LINE-2-PACKAGING,86.31,2.65
2026-09-19 12:11:25.151168,LINE-2-PACKAGING,84.86,2.27
2026-09-19 12:12:25.151168,LINE-2-PACKAGING,87.08,2.4
2026-09-19 12:13:25.151168,LINE-2-PACKAGING,86.39,2.29
2026-09-19 12:14:25.151168,LINE-2-PACKAGING,86.26,2.27
2026-09-19 12:15:25.151168,LINE-2-PACKAGING,84.92,2.43
2026-09-19 12:16:25.151168,LINE-2-PACKAGING,87.2,2.54
2026-09-19 12:17:25.151168,LINE-2-PACKAGING,87.39,2.48
2026-09-19 12:18:25.151168,LINE-2-PACKAGING,85.0,2.41
2026-09-19 12:19:25.151168,LINE-2-PACKAGING,86.13,2.27
2026-09-19 12:20:25.151168,LINE-2-PACKAGING,86.55,2.47
2026-09-19 12:21:25.151168,LINE-2-PACKAGING,86.49,2.37
2026-09-19 12:22:25.151168,LINE-2-PACKAGING,86.8,2.52
2026-09-19 12:23:25.151168,LINE-2-PACKAGING,86.09,2.36
2026-09-19 12:24:25.151168,LINE-2-PACKAGING,86.54,2.69
2026-09-19 12:25:25.151168,LINE-2-PACKAGING,85.64,2.51
2026-09-19 12:26:25.151168,LINE-2-PACKAGING,87.18,2.5
2026-09-19 12:27:25.151168,LINE-2-PACKAGING,86.29,2.55
2026-09-19 12:28:25.151168,LINE-2-PACKAGING,87.05,2.65
2026-09-19 12:29:25.151168,LINE-2-PACKAGING,86.98,2.22
2026-09-19 12:30:25.151168,LINE-2-PACKAGING,86.72,2.47
2026-09-19 12:31:25.151168,LINE-2-PACKAGING,86.44,2.17
2026-09-19 12:32:25.151168,LINE-2-PACKAGING,85.39,2.43
2026-09-19 12:33:25.151168,LINE-2-PACKAGING,86.72,2.43
2026-09-19 12:34:25.151168,LINE-2-PACKAGING,85.5,2.34
2026-09-19 12:35:25.151168,LINE-2-PACKAGING,85.9,2.1
2026-09-19 12:36:25.151168,LINE-2-PACKAGING,87.34,2.49
2026-09-19 12:37:25.151168,LINE-2-PACKAGING,85.28,2.53
2026-09-19 12:38:25.151168,LINE-2-PACKAGING,85.79,2.42
2026-09-19 12:39:25.151168,LINE-2-PACKAGING,86.43,2.41
2026-09-19 12:40:25.151168,LINE-2-PACKAGING,85.62,2.38
2026-09-19 12:41:25.151168,LINE-2-PACKAGING,87.48,2.37
2026-09-19 12:42:25.151168,LINE-2-PACKAGING,85.73,2.15
2026-09-19 12:43:25.151168,LINE-2-PACKAGING,86.72,2.31
2026-09-19 12:44:25.151168,LINE-2-PACKAGING,86.56,2.45
2026-09-19 12:45:25.151168,LINE-2-PACKAGING,85.79,2.2
2026-09-19 12:46:25.151168,LINE-2-PACKAGING,85.7,2.53
2026-09-19 12:47:25.151168,LINE-2-PACKAGING,86.54,2.28
2026-09-19 12:48:25.151168,LINE-2-PACKAGING,84.78,2.58
2026-09-19 12:49:25.151168,LINE-2-PACKAGING,87.25,2.41
2026-09-19 12:50:25.151168,LINE-2-PACKAGING,86.51,2.56
2026-09-19 12:51:25.151168,LINE-2-PACKAGING,85.83,2.43
2026-09-19 12:52:25.151168,LINE-2-PACKAGING,87.21,2.43
2026-09-19 12:53:25.151168,LINE-2-PACKAGING,86.56,2.63
2026-09-19 12:54:25.151168,LINE-2-PACKAGING,85.4,2.42
2026-09-19 12:55:25.151168,LINE-2-PACKAGING,85.57,2.39
2026-09-19 12:56:25.151168,LINE-2-PACKAGING,85.17,2.54
2026-09-19 12:57:25.151168,LINE-2-PACKAGING,86.03,2.48
2026-09-19 12:58:25.151168,LINE-2-PACKAGING,85.69,2.43
2026-09-19 12:59:25.151168,LINE-2-PACKAGING,86.53,2.48
2026-09-19 13:00:25.151168,LINE-2-PACKAGING,86.54,2.48
2026-09-19 13:01:25.151168,LINE-2-PACKAGING,86.03,2.43
2026-09-19 13:02:25.151168,LINE-2-PACKAGING,87.66,2.49
2026-09-19 13:03:25.151168,LINE-2-PACKAGING,87.51,2.53
2026-09-19 13:04:25.151168,LINE-2-PACKAGING,85.75,2.8
2026-09-19 13:05:25.151168,LINE-2-PACKAGING,85.28,2.38
2026-09-19 13:06:25.151168,LINE-2-PACKAGING,87.95,2.53
2026-09-19 13:07:25.151168,LINE-2-PACKAGING,85.95,2.42
2026-09-19 13:08:25.151168,LINE-2-PACKAGING,89.43,2.31
2026-09-19 13:09:25.151168,LINE-2-PACKAGING,85.39,2.2
2026-09-19 13:10:25.151168,LINE-2-PACKAGING,88.26,2.37
2026-09-19 13:11:25.151168,LINE-2-PACKAGING,87.77,2.42
2026-09-19 13:12:25.151168,LINE-2-PACKAGING,87.92,2.37
2026-09-19 13:13:25.151168,LINE-2-PACKAGING,87.1,2.42
2026-09-19 13:14:25.151168,LINE-2-PACKAGING,87.46,2.38
2026-09-19 13:15:25.151168,LINE-2-PACKAGING,86.05,2.44
2026-09-19 13:16:25.151168,LINE-2-PACKAGING,85.28,2.33
2026-09-19 13:17:25.151168,LINE-2-PACKAGING,85.8,2.43
2026-09-19 13:18:25.151168,LINE-2-PACKAGING,88.19,2.41
2026-09-19 13:19:25.151168,LINE-2-PACKAGING,86.22,2.38
2026-09-19 13:20:25.151168,LINE-2-PACKAGING,84.49,2.46
2026-09-19 13:21:25.151168,LINE-2-PACKAGING,84.48,2.61
2026-09-19 13:22:25.151168,LINE-2-PACKAGING,86.15,2.69
2026-09-19 13:23:25.151168,LINE-2-PACKAGING,87.13,2.41
2026-09-19 13:24:25.151168,LINE-2-PACKAGING,85.41,2.7
2026-09-19 13:25:25.151168,LINE-2-PACKAGING,87.08,2.13
2026-09-19 13:26:25.151168,LINE-2-PACKAGING,86.42,2.39
2026-09-19 13:27:25.151168,LINE-2-PACKAGING,84.49,2.2
2026-09-19 13:28:25.151168,LINE-2-PACKAGING,86.19,2.41
2026-09-19 13:29:25.151168,LINE-2-PACKAGING,85.08,2.57
2026-09-19 13:30:25.151168,LINE-2-PACKAGING,83.73,2.41
2026-09-19 13:31:25.151168,LINE-2-PACKAGING,85.79,2.27
2026-09-19 13:32:25.151168,LINE-2-PACKAGING,84.31,2.3
2026-09-19 13:33:25.151168,LINE-2-PACKAGING,86.46,2.53
2026-09-19 13:34:25.151168,LINE-2-PACKAGING,85.99,2.59
2026-09-19 13:35:25.151168,LINE-2-PACKAGING,84.77,2.83
2026-09-19 13:36:25.151168,LINE-2-PACKAGING,83.44,2.32
2026-09-19 13:37:25.151168,LINE-2-PACKAGING,86.68,2.56
2026-09-19 13:38:25.151168,LINE-2-PACKAGING,86.71,2.41
2026-09-19 13:39:25.151168,LINE-2-PACKAGING,86.5,2.55
2026-09-19 13:40:25.151168,LINE-2-PACKAGING,86.44,2.61
2026-09-19 13:41:25.151168,LINE-2-PACKAGING,85.24,2.5
2026-09-19 13:42:25.151168,LINE-2-PACKAGING,86.13,2.23
2026-09-19 13:43:25.151168,LINE-2-PACKAGING,85.83,2.27
2026-09-19 13:44:25.151168,LINE-2-PACKAGING,85.58,2.45
2026-09-19 13:45:25.151168,LINE-2-PACKAGING,87.56,2.55
2026-09-19 13:46:25.151168,LINE-2-PACKAGING,85.7,2.42
2026-09-19 13:47:25.151168,LINE-2-PACKAGING,86.21,2.6
2026-09-19 13:48:25.151168,LINE-2-PACKAGING,85.14,2.37
2026-09-19 13:49:25.151168,LINE-2-PACKAGING,87.05,2.47
2026-09-19 13:50:25.151168,LINE-2-PACKAGING,86.32,2.59
2026-09-19 13:51:25.151168,LINE-2-PACKAGING,86.11,2.39
2026-09-19 13:52:25.151168,LINE-2-PACKAGING,86.82,1.93
2026-09-19 13:53:25.151168,LINE-2-PACKAGING,85.17,2.66
2026-09-19 13:54:25.151168,LINE-2-PACKAGING,88.81,2.54
2026-09-19 13:55:25.151168,LINE-2-PACKAGING,85.99,2.27
2026-09-19 13:56:25.151168,LINE-2-PACKAGING,87.35,2.41
2026-09-19 13:57:25.151168,LINE-2-PACKAGING,88.26,2.33
2026-09-19 13:58:25.151168,LINE-2-PACKAGING,86.77,2.35
2026-09-19 13:59:25.151168,LINE-2-PACKAGING,86.6,2.52
2026-09-19 14:00:25.151168,LINE-2-PACKAGING,85.71,2.4
2026-09-19 14:01:25.151168,LINE-2-PACKAGING,86.48,2.33
2026-09-19 14:02:25.151168,LINE-2-PACKAGING,86.05,2.43
2026-09-19 14:03:25.151168,LINE-2-PACKAGING,86.52,2.31
2026-09-19 14:04:25.151168,LINE-2-PACKAGING,86.14,2.52
2026-09-19 14:05:25.151168,LINE-2-PACKAGING,83.43,2.49
2026-09-19 14:06:25.151168,LINE-2-PACKAGING,85.47,2.48
2026-09-19 14:07:25.151168,LINE-2-PACKAGING,85.44,2.3
2026-09-19 14:08:25.151168,LINE-2-PACKAGING,86.25,2.45
2026-09-19 14:09:25.151168,LINE-2-PACKAGING,85.67,2.32
2026-09-19 14:10:25.151168,LINE-2-PACKAGING,85.62,2.4
2026-09-19 14:11:25.151168,LINE-2-PACKAGING,86.42,2.18
2026-09-19 14:12:25.151168,LINE-2-PACKAGING,87.19,2.42
2026-09-19 14:13:25.151168,LINE-2-PACKAGING,86.23,2.34
2026-09-19 14:14:25.151168,LINE-2-PACKAGING,86.12,2.46
2026-09-19 14:15:25.151168,LINE-2-PACKAGING,86.73,2.17
2026-09-19 14:16:25.151168,LINE-2-PACKAGING,86.45,2.25
2026-09-19 14:17:25.151168,LINE-2-PACKAGING,86.57,2.32
2026-09-19 14:18:25.151168,LINE-2-PACKAGING,86.15,2.66
2026-09-19 14:19:25.151168,LINE-2-PACKAGING,87.6,2.5
2026-09-19 14:20:25.151168,LINE-2-PACKAGING,86.86,2.04
2026-09-19 14:21:25.151168,LINE-2-PACKAGING,86.81,2.35
2026-09-19 14:22:25.151168,LINE-2-PACKAGING,86.81,2.35
2026-09-19 14:23:25.151168,LINE-2-PACKAGING,87.09,2.61
2026-09-19 14:24:25.151168,LINE-2-PACKAGING,86.69,2.23
2026-09-19 14:25:25.151168,LINE-2-PACKAGING,85.69,2.23
2026-09-19 14:26:25.151168,LINE-2-PACKAGING,85.62,2.34
2026-09-19 14:27:25.151168,LINE-2-PACKAGING,85.13,2.86
2026-09-19 14:28:25.151168,LINE-2-PACKAGING,86.55,2.17
2026-09-19 14:29:25.151168,LINE-2-PACKAGING,85.73,2.27
2026-09-19 14:30:25.151168,LINE-2-PACKAGING,86.64,2.27
2026-09-19 14:31:25.151168,LINE-2-PACKAGING,86.66,2.53
2026-09-19 14:32:25.151168,LINE-2-PACKAGING,86.47,2.32
2026-09-19 14:33:25.151168,LINE-2-PACKAGING,87.65,2.26
2026-09-19 14:34:25.151168,LINE-2-PACKAGING,86.04,2.37
2026-09-19 14:35:25.151168,LINE-2-PACKAGING,87.15,2.33
2026-09-19 14:36:25.151168,LINE-2-PACKAGING,86.91,2.2
2026-09-19 14:37:25.151168,LINE-2-PACKAGING,85.57,2.5
2026-09-19 14:38:25.151168,LINE-2-PACKAGING,87.22,2.43
2026-09-19 14:39:25.151168,LINE-2-PACKAGING,86.3,2.02
2026-09-19 14:40:25.151168,LINE-2-PACKAGING,84.77,2.42
2026-09-19 14:41:25.151168,LINE-2-PACKAGING,86.17,2.56
2026-09-19 14:42:25.151168,LINE-2-PACKAGING,86.44,2.57
2026-09-19 14:43:25.151168,LINE-2-PACKAGING,87.23,2.48
2026-09-19 14:44:25.151168,LINE-2-PACKAGING,87.31,2.37
2026-09-19 14:45:25.151168,LINE-2-PACKAGING,86.29,2.14
2026-09-19 14:46:25.151168,LINE-2-PACKAGING,88.31,2.39
2026-09-19 14:47:25.151168,LINE-2-PACKAGING,86.1,2.52
2026-09-19 14:48:25.151168,LINE-2-PACKAGING,85.77,2.31
2026-09-19 14:49:25.151168,LINE-2-PACKAGING,86.8,2.31
2026-09-19 14:50:25.151168,LINE-2-PACKAGING,86.1,2.49
2026-09-19 14:51:25.151168,LINE-2-PACKAGING,85.32,2.33
2026-09-19 14:52:25.151168,LINE-2-PACKAGING,86.19,2.6
2026-09-19 14:53:25.151168,LINE-2-PACKAGING,86.46,2.34
2026-09-19 14:54:25.151168,LINE-2-PACKAGING,85.75,2.22
2026-09-19 14:55:25.151168,LINE-2-PACKAGING,88.04,2.53
2026-09-19 14:56:25.151168,LINE-2-PACKAGING,85.63,2.51
2026-09-19 14:57:25.151168,LINE-2-PACKAGING,86.85,2.44
2026-09-19 14:58:25.151168,LINE-2-PACKAGING,85.36,2.1
2026-09-19 14:59:25.151168,LINE-2-PACKAGING,86.68,2.53
2026-09-19 15:00:25.151168,LINE-2-PACKAGING,87.27,2.31
2026-09-19 15:01:25.151168,LINE-2-PACKAGING,87.92,2.58
2026-09-19 15:02:25.151168,LINE-2-PACKAGING,86.02,2.39
2026-09-19 15:03:25.151168,LINE-2-PACKAGING,87.22,2.23
2026-09-19 15:04:25.151168,LINE-2-PACKAGING,86.5,2.15
2026-09-19 15:05:25.151168,LINE-2-PACKAGING,85.71,2.35
2026-09-19 15:06:25.151168,LINE-2-PACKAGING,86.62,2.2
2026-09-19 15:07:25.151168,LINE-2-PACKAGING,85.98,2.61
2026-09-19 15:08:25.151168,LINE-2-PACKAGING,86.46,2.49
2026-09-19 15:09:25.151168,LINE-2-PACKAGING,86.74,2.3
2026-09-19 15:10:25.151168,LINE-2-PACKAGING,86.27,2.28
2026-09-19 15:11:25.151168,LINE-2-PACKAGING,85.36,2.37
2026-09-19 15:12:25.151168,LINE-2-PACKAGING,85.75,2.42
2026-09-19 15:13:25.151168,LINE-2-PACKAGING,88.17,2.4
2026-09-19 15:14:25.151168,LINE-2-PACKAGING,84.77,2.3
2026-09-19 15:15:25.151168,LINE-2-PACKAGING,85.45,2.36
2026-09-19 15:16:25.151168,LINE-2-PACKAGING,86.38,2.58
2026-09-19 15:17:25.151168,LINE-2-PACKAGING,87.27,2.43
2026-09-19 15:18:25.151168,LINE-2-PACKAGING,87.59,2.49
2026-09-19 15:19:25.151168,LINE-2-PACKAGING,85.8,2.55
2026-09-19 15:20:25.151168,LINE-2-PACKAGING,86.87,2.64
2026-09-19 15:21:25.151168,LINE-2-PACKAGING,85.26,2.19
2026-09-19 15:22:25.151168,LINE-2-PACKAGING,85.24,2.34
2026-09-19 15:23:25.151168,LINE-2-PACKAGING,86.95,2.54
2026-09-19 15:24:25.151168,LINE-2-PACKAGING,86.69,2.43
2026-09-19 15:25:25.151168,LINE-2-PACKAGING,86.0,2.32
2026-09-19 15:26:25.151168,LINE-2-PACKAGING,86.31,2.31
2026-09-19 15:27:25.151168,LINE-2-PACKAGING,88.44,2.47
2026-09-19 15:28:25.151168,LINE-2-PACKAGING,85.94,2.44
2026-09-19 15:29:25.151168,LINE-2-PACKAGING,87.49,2.58
2026-09-19 15:30:25.151168,LINE-2-PACKAGING,86.27,2.42
2026-09-19 15:31:25.151168,LINE-2-PACKAGING,86.58,2.43
2026-09-19 15:32:25.151168,LINE-2-PACKAGING,84.72,2.16
2026-09-19 15:33:25.151168,LINE-2-PACKAGING,87.06,2.2
2026-09-19 15:34:25.151168,LINE-2-PACKAGING,86.53,2.38
2026-09-19 15:35:25.151168,LINE-2-PACKAGING,85.76,2.12
2026-09-19 15:36:25.151168,LINE-2-PACKAGING,87.94,2.36
2026-09-19 15:37:25.151168,LINE-2-PACKAGING,86.89,2.32
2026-09-19 15:38:25.151168,LINE-2-PACKAGING,84.72,2.12
2026-09-19 15:39:25.151168,LINE-2-PACKAGING,86.54,2.39
2026-09-19 15:40:25.151168,LINE-2-PACKAGING,86.67,2.42
2026-09-19 15:41:25.151168,LINE-2-PACKAGING,85.05,2.43
2026-09-19 15:42:25.151168,LINE-2-PACKAGING,85.51,2.58
2026-09-19 15:43:25.151168,LINE-2-PACKAGING,86.12,2.29
2026-09-19 15:44:25.151168,LINE-2-PACKAGING,86.57,2.23
2026-09-19 15:45:25.151168,LINE-2-PACKAGING,85.9,2.29
2026-09-19 15:46:25.151168,LINE-2-PACKAGING,87.37,2.51
2026-09-19 15:47:25.151168,LINE-2-PACKAGING,85.7,2.4
2026-09-19 15:48:25.151168,LINE-2-PACKAGING,84.54,2.5
2026-09-19 15:49:25.151168,LINE-2-PACKAGING,84.9,2.33
2026-09-19 15:50:25.151168,LINE-2-PACKAGING,85.14,2.47
2026-09-19 15:51:25.151168,LINE-2-PACKAGING,86.12,2.05
2026-09-19 15:52:25.151168,LINE-2-PACKAGING,85.36,2.43
2026-09-19 15:53:25.151168,LINE-2-PACKAGING,86.01,2.44
2026-09-19 15:54:25.151168,LINE-2-PACKAGING,87.71,2.57
2026-09-19 15:55:25.151168,LINE-2-PACKAGING,86.0,2.53
2026-09-19 15:56:25.151168,LINE-2-PACKAGING,87.83,2.23
2026-09-19 15:57:25.151168,LINE-2-PACKAGING,86.9,2.61
2026-09-19 15:58:25.151168,LINE-2-PACKAGING,84.88,2.33
2026-09-19 15:59:25.151168,LINE-2-PACKAGING,86.52,2.49
2026-09-19 16:00:25.151168,LINE-2-PACKAGING,87.1,2.52
2026-09-19 16:01:25.151168,LINE-2-PACKAGING,86.76,2.38
2026-09-19 16:02:25.151168,LINE-2-PACKAGING,85.3,2.58
2026-09-19 16:03:25.151168,LINE-2-PACKAGING,85.39,2.54
2026-09-19 16:04:25.151168,LINE-2-PACKAGING,86.19,2.4
2026-09-19 16:05:25.151168,LINE-2-PACKAGING,85.49,2.46
2026-09-19 16:06:25.151168,LINE-2-PACKAGING,88.47,2.58
2026-09-19 16:07:25.151168,LINE-2-PACKAGING,85.5,2.64
2026-09-19 16:08:25.151168,LINE-2-PACKAGING,86.55,2.48
2026-09-19 16:09:25.151168,LINE-2-PACKAGING,87.49,2.38
2026-09-19 16:10:25.151168,LINE-2-PACKAGING,87.05,2.41
2026-09-19 16:11:25.151168,LINE-2-PACKAGING,86.43,2.44
2026-09-19 16:12:25.151168,LINE-2-PACKAGING,85.04,2.46
2026-09-19 16:13:25.151168,LINE-2-PACKAGING,86.29,2.23
2026-09-19 16:14:25.151168,LINE-2-PACKAGING,84.0,2.52
2026-09-19 16:15:25.151168,LINE-2-PACKAGING,85.71,2.42
2026-09-19 16:16:25.151168,LINE-2-PACKAGING,86.32,2.31
2026-09-19 16:17:25.151168,LINE-2-PACKAGING,84.23,2.41
2026-09-19 16:18:25.151168,LINE-2-PACKAGING,86.56,2.38
2026-09-19 16:19:25.151168,LINE-2-PACKAGING,87.66,2.28
2026-09-19 16:20:25.151168,LINE-2-PACKAGING,85.99,2.6
2026-09-19 16:21:25.151168,LINE-2-PACKAGING,86.42,2.47
2026-09-19 16:22:25.151168,LINE-2-PACKAGING,86.91,2.52
2026-09-19 16:23:25.151168,LINE-2-PACKAGING,86.04,2.24
2026-09-19 16:24:25.151168,LINE-2-PACKAGING,87.28,2.47
2026-09-19 16:25:25.151168,LINE-2-PACKAGING,85.15,2.34
2026-09-19 16:26:25.151168,LINE-2-PACKAGING,84.27,2.33
2026-09-19 16:27:25.151168,LINE-2-PACKAGING,87.27,2.5
2026-09-19 16:28:25.151168,LINE-2-PACKAGING,87.99,2.39
2026-09-19 16:29:25.151168,LINE-2-PACKAGING,87.5,2.31
2026-09-19 16:30:25.151168,LINE-2-PACKAGING,84.56,2.55
2026-09-19 16:31:25.151168,LINE-2-PACKAGING,86.93,2.41
2026-09-19 16:32:25.151168,LINE-2-PACKAGING,85.79,2.31
2026-09-19 16:33:25.151168,LINE-2-PACKAGING,86.14,2.39
2026-09-19 16:34:25.151168,LINE-2-PACKAGING,87.22,2.44
2026-09-19 16:35:25.151168,LINE-2-PACKAGING,86.88,2.37
2026-09-19 16:36:25.151168,LINE-2-PACKAGING,85.72,2.43
2026-09-19 16:37:25.151168,LINE-2-PACKAGING,87.07,2.32
2026-09-19 16:38:25.151168,LINE-2-PACKAGING,86.64,2.09
2026-09-19 16:39:25.151168,LINE-2-PACKAGING,86.51,2.21
2026-09-19 16:40:25.151168,LINE-2-PACKAGING,86.83,2.05
2026-09-19 16:41:25.151168,LINE-2-PACKAGING,86.34,2.59
2026-09-19 16:42:25.151168,LINE-2-PACKAGING,86.04,2.55
2026-09-19 16:43:25.151168,LINE-2-PACKAGING,84.71,2.56
2026-09-19 16:44:25.151168,LINE-2-PACKAGING,85.66,2.47
2026-09-19 16:45:25.151168,LINE-2-PACKAGING,88.97,2.37
2026-09-19 16:46:25.151168,LINE-2-PACKAGING,74.3,2.12
2026-09-19 16:47:25.151168,LINE-2-PACKAGING,73.49,2.04
2026-09-19 16:48:25.151168,LINE-2-PACKAGING,74.07,1.94
2026-09-19 16:49:25.151168,LINE-2-PACKAGING,74.61,2.24
2026-09-19 16:50:25.151168,LINE-2-PACKAGING,74.37,1.9
2026-09-19 16:51:25.151168,LINE-2-PACKAGING,75.14,1.99
2026-09-19 16:52:25.151168,LINE-2-PACKAGING,76.29,2.11
2026-09-19 16:53:25.151168,LINE-2-PACKAGING,74.7,1.88
2026-09-19 16:54:25.151168,LINE-2-PACKAGING,73.97,1.81
2026-09-19 16:55:25.151168,LINE-2-PACKAGING,73.86,1.91
2026-09-19 16:56:25.151168,LINE-2-PACKAGING,76.0,2.09
2026-09-19 16:57:25.151168,LINE-2-PACKAGING,75.87,1.88
2026-09-19 16:58:25.151168,LINE-2-PACKAGING,74.79,1.99
2026-09-19 16:59:25.151168,LINE-2-PACKAGING,73.08,2.07
2026-09-19 17:00:25.151168,LINE-2-PACKAGING,73.69,1.85
2026-09-19 17:01:25.151168,LINE-2-PACKAGING,76.23,2.11
2026-09-19 17:02:25.151168,LINE-2-PACKAGING,73.97,1.83
2026-09-19 17:03:25.151168,LINE-2-PACKAGING,75.19,1.88
2026-09-19 17:04:25.151168,LINE-2-PACKAGING,75.97,2.21
2026-09-19 17:05:25.151168,LINE-2-PACKAGING,74.3,1.9
2026-09-19 17:06:25.151168,LINE-2-PACKAGING,74.08,2.09
2026-09-19 17:07:25.151168,LINE-2-PACKAGING,73.07,2.04
2026-09-19 17:08:25.151168,LINE-2-PACKAGING,73.77,1.94
2026-09-19 17:09:25.151168,LINE-2-PACKAGING,74.43,1.76
2026-09-19 17:10:25.151168,LINE-2-PACKAGING,73.96,1.76
2026-09-19 17:11:25.151168,LINE-2-PACKAGING,75.08,2.15
2026-09-19 17:12:25.151168,LINE-2-PACKAGING,74.14,1.97
2026-09-19 17:13:25.151168,LINE-2-PACKAGING,74.62,2.12
2026-09-19 17:14:25.151168,LINE-2-PACKAGING,75.17,1.86
2026-09-19 17:15:25.151168,LINE-2-PACKAGING,84.31,2.4
2026-09-19 17:16:25.151168,LINE-2-PACKAGING,86.23,2.24
2026-09-19 17:17:25.151168,LINE-2-PACKAGING,85.97,2.33
2026-09-19 17:18:25.151168,LINE-2-PACKAGING,87.21,2.49
2026-09-19 17:19:25.151168,LINE-2-PACKAGING,85.93,2.56
2026-09-19 17:20:25.151168,LINE-2-PACKAGING,85.24,2.57
2026-09-19 17:21:25.151168,LINE-2-PACKAGING,85.21,2.42
2026-09-19 17:22:25.151168,LINE-2-PACKAGING,85.49,2.36
2026-09-19 17:23:25.151168,LINE-2-PACKAGING,85.8,2.51
2026-09-19 17:24:25.151168,LINE-2-PACKAGING,86.4,2.31
2026-09-19 17:25:25.151168,LINE-2-PACKAGING,85.84,2.54
2026-09-19 17:26:25.151168,LINE-2-PACKAGING,87.04,2.53
2026-09-19 17:27:25.151168,LINE-2-PACKAGING,86.06,2.37
2026-09-19 17:28:25.151168,LINE-2-PACKAGING,85.44,2.43
2026-09-19 17:29:25.151168,LINE-2-PACKAGING,84.65,2.62
2026-09-19 17:30:25.151168,LINE-2-PACKAGING,84.85,2.46
2026-09-19 17:31:25.151168,LINE-2-PACKAGING,85.61,2.48
2026-09-19 17:32:25.151168,LINE-2-PACKAGING,85.68,2.32
2026-09-19 17:33:25.151168,LINE-2-PACKAGING,85.52,2.07
2026-09-19 17:34:25.151168,LINE-2-PACKAGING,85.52,2.28
2026-09-19 17:35:25.151168,LINE-2-PACKAGING,87.36,2.51
2026-09-19 17:36:25.151168,LINE-2-PACKAGING,87.21,2.37
2026-09-19 17:37:25.151168,LINE-2-PACKAGING,87.25,2.51
2026-09-19 17:38:25.151168,LINE-2-PACKAGING,84.87,2.54
2026-09-19 17:39:25.151168,LINE-2-PACKAGING,86.12,2.34
2026-09-19 17:40:25.151168,LINE-2-PACKAGING,84.49,2.33
2026-09-19 17:41:25.151168,LINE-2-PACKAGING,88.41,2.34
2026-09-19 17:42:25.151168,LINE-2-PACKAGING,86.43,2.44
2026-09-19 17:43:25.151168,LINE-2-PACKAGING,86.93,2.59
2026-09-19 17:44:25.151168,LINE-2-PACKAGING,85.72,2.15
2026-09-19 17:45:25.151168,LINE-2-PACKAGING,86.96,2.6
2026-09-19 17:46:25.151168,LINE-2-PACKAGING,87.22,2.37
2026-09-19 17:47:25.151168,LINE-2-PACKAGING,86.04,2.25
2026-09-19 17:48:25.151168,LINE-2-PACKAGING,85.93,2.16
2026-09-19 17:49:25.151168,LINE-2-PACKAGING,87.02,2.59
2026-09-19 17:50:25.151168,LINE-2-PACKAGING,84.57,2.51
2026-09-19 17:51:25.151168,LINE-2-PACKAGING,85.78,2.45
2026-09-19 17:52:25.151168,LINE-2-PACKAGING,85.47,2.34
2026-09-19 17:53:25.151168,LINE-2-PACKAGING,86.1,2.49
2026-09-19 17:54:25.151168,LINE-2-PACKAGING,85.66,2.65
2026-09-19 17:55:25.151168,LINE-2-PACKAGING,87.16,2.28
2026-09-19 17:56:25.151168,LINE-2-PACKAGING,83.93,2.3
2026-09-19 17:57:25.151168,LINE-2-PACKAGING,86.4,2.49
2026-09-19 17:58:25.151168,LINE-2-PACKAGING,86.14,2.3
2026-09-19 17:59:25.151168,LINE-2-PACKAGING,86.81,2.06
2026-09-19 18:00:25.151168,LINE-2-PACKAGING,85.56,2.27
2026-09-19 18:01:25.151168,LINE-2-PACKAGING,86.07,2.26
2026-09-19 18:02:25.151168,LINE-2-PACKAGING,86.84,2.46
2026-09-19 18:03:25.151168,LINE-2-PACKAGING,85.65,2.46
2026-09-19 18:04:25.151168,LINE-2-PACKAGING,88.76,2.76
2026-09-19 18:05:25.151168,LINE-2-PACKAGING,86.54,2.5
2026-09-19 18:06:25.151168,LINE-2-PACKAGING,85.23,2.66
2026-09-19 18:07:25.151168,LINE-2-PACKAGING,87.74,2.48
2026-09-19 18:08:25.151168,LINE-2-PACKAGING,87.19,2.32
2026-09-19 18:09:25.151168,LINE-2-PACKAGING,86.99,2.5
2026-09-19 18:10:25.151168,LINE-2-PACKAGING,84.89,2.24
2026-09-19 18:11:25.151168,LINE-2-PACKAGING,86.68,2.27
2026-09-19 18:12:25.151168,LINE-2-PACKAGING,87.03,2.59
2026-09-19 18:13:25.151168,LINE-2-PACKAGING,85.84,2.26
2026-09-19 18:14:25.151168,LINE-2-PACKAGING,85.24,2.26
2026-09-19 18:15:25.151168,LINE-2-PACKAGING,86.04,2.37
2026-09-19 18:16:25.151168,LINE-2-PACKAGING,87.82,2.26
2026-09-19 18:17:25.151168,LINE-2-PACKAGING,84.72,2.21
2026-09-19 18:18:25.151168,LINE-2-PACKAGING,85.23,2.38
2026-09-19 18:19:25.151168,LINE-2-PACKAGING,85.27,2.45
2026-09-19 18:20:25.151168,LINE-2-PACKAGING,86.17,2.29
2026-09-19 18:21:25.151168,LINE-2-PACKAGING,86.15,2.3
2026-09-19 18:22:25.151168,LINE-2-PACKAGING,84.44,2.27
2026-09-19 18:23:25.151168,LINE-2-PACKAGING,86.1,2.36
2026-09-19 18:24:25.151168,LINE-2-PACKAGING,85.94,2.59
2026-09-19 18:25:25.151168,LINE-2-PACKAGING,86.74,2.33
2026-09-19 18:26:25.151168,LINE-2-PACKAGING,86.52,2.33
2026-09-19 18:27:25.151168,LINE-2-PACKAGING,86.28,2.27
2026-09-19 18:28:25.151168,LINE-2-PACKAGING,85.49,2.2
2026-09-19 18:29:25.151168,LINE-2-PACKAGING,87.87,2.57
2026-09-19 18:30:25.151168,LINE-2-PACKAGING,86.11,2.25
2026-09-19 18:31:25.151168,LINE-2-PACKAGING,86.26,2.44
2026-09-19 18:32:25.151168,LINE-2-PACKAGING,85.06,2.43
2026-09-19 18:33:25.151168,LINE-2-PACKAGING,87.66,2.34
2026-09-19 18:34:25.151168,LINE-2-PACKAGING,85.85,2.19
2026-09-19 18:35:25.151168,LINE-2-PACKAGING,86.76,2.34
2026-09-19 18:36:25.151168,LINE-2-PACKAGING,86.44,2.37
2026-09-19 18:37:25.151168,LINE-2-PACKAGING,84.86,2.33
2026-09-19 18:38:25.151168,LINE-2-PACKAGING,85.42,2.3
2026-09-19 18:39:25.151168,LINE-2-PACKAGING,85.7,2.35
2026-09-19 18:40:25.151168,LINE-2-PACKAGING,85.85,2.38
2026-09-19 18:41:25.151168,LINE-2-PACKAGING,86.79,2.29
2026-09-19 18:42:25.151168,LINE-2-PACKAGING,86.84,2.22
2026-09-19 18:43:25.151168,LINE-2-PACKAGING,87.65,2.14
2026-09-19 18:44:25.151168,LINE-2-PACKAGING,86.53,2.5
2026-09-19 18:45:25.151168,LINE-2-PACKAGING,86.12,2.17
2026-09-19 18:46:25.151168,LINE-2-PACKAGING,85.64,2.51
2026-09-19 18:47:25.151168,LINE-2-PACKAGING,84.95,2.53
2026-09-19 18:48:25.151168,LINE-2-PACKAGING,84.95,2.69
2026-09-19 18:49:25.151168,LINE-2-PACKAGING,86.22,2.54
2026-09-19 18:50:25.151168,LINE-2-PACKAGING,85.9,2.48
2026-09-19 18:51:25.151168,LINE-2-PACKAGING,86.76,2.27
2026-09-19 18:52:25.151168,LINE-2-PACKAGING,85.84,2.72
2026-09-19 18:53:25.151168,LINE-2-PACKAGING,86.69,2.31
2026-09-19 18:54:25.151168,LINE-2-PACKAGING,87.09,2.23
2026-09-19 18:55:25.151168,LINE-2-PACKAGING,86.89,2.38
2026-09-19 18:56:25.151168,LINE-2-PACKAGING,85.61,2.43
2026-09-19 18:57:25.151168,LINE-2-PACKAGING,87.06,2.16
2026-09-19 18:58:25.151168,LINE-2-PACKAGING,85.06,2.52
2026-09-19 18:59:25.151168,LINE-2-PACKAGING,87.96,2.31
2026-09-19 19:00:25.151168,LINE-2-PACKAGING,87.73,2.32
2026-09-19 19:01:25.151168,LINE-2-PACKAGING,85.82,2.57
2026-09-19 19:02:25.151168,LINE-2-PACKAGING,85.97,2.41
2026-09-19 19:03:25.151168,LINE-2-PACKAGING,88.03,2.6
2026-09-19 19:04:25.151168,LINE-2-PACKAGING,86.51,2.53
2026-09-19 19:05:25.151168,LINE-2-PACKAGING,85.98,2.45
2026-09-19 19:06:25.151168,LINE-2-PACKAGING,85.34,2.71
2026-09-19 19:07:25.151168,LINE-2-PACKAGING,87.03,2.21
2026-09-19 19:08:25.151168,LINE-2-PACKAGING,84.04,2.67
2026-09-19 19:09:25.151168,LINE-2-PACKAGING,88.13,2.28
2026-09-19 19:10:25.151168,LINE-2-PACKAGING,87.64,2.62
2026-09-19 19:11:25.151168,LINE-2-PACKAGING,85.66,2.53
2026-09-19 19:12:25.151168,LINE-2-PACKAGING,86.95,2.21
2026-09-19 19:13:25.151168,LINE-2-PACKAGING,86.4,2.43
2026-09-19 19:14:25.151168,LINE-2-PACKAGING,85.04,2.62
2026-09-19 19:15:25.151168,LINE-2-PACKAGING,84.78,2.42
2026-09-19 19:16:25.151168,LINE-2-PACKAGING,86.11,2.17
2026-09-19 19:17:25.151168,LINE-2-PACKAGING,84.76,2.47
2026-09-19 19:18:25.151168,LINE-2-PACKAGING,86.55,2.41
2026-09-19 19:19:25.151168,LINE-2-PACKAGING,86.37,2.41
2026-09-19 19:20:25.151168,LINE-2-PACKAGING,86.95,2.21
2026-09-19 19:21:25.151168,LINE-2-PACKAGING,85.38,2.46
2026-09-19 19:22:25.151168,LINE-2-PACKAGING,84.59,2.31
2026-09-19 19:23:25.151168,LINE-2-PACKAGING,85.32,2.43
2026-09-19 19:24:25.151168,LINE-2-PACKAGING,85.11,2.44
2026-09-19 19:25:25.151168,LINE-2-PACKAGING,85.56,2.63
2026-09-19 19:26:25.151168,LINE-2-PACKAGING,86.0,2.49
2026-09-19 19:27:25.151168,LINE-2-PACKAGING,85.38,2.31
2026-09-19 19:28:25.151168,LINE-2-PACKAGING,86.56,2.31
2026-09-19 19:29:25.151168,LINE-2-PACKAGING,85.54,2.26
2026-09-19 19:30:25.151168,LINE-2-PACKAGING,85.78,2.69
2026-09-19 19:31:25.151168,LINE-2-PACKAGING,84.25,2.15
2026-09-19 19:32:25.151168,LINE-2-PACKAGING,86.32,2.31
2026-09-19 19:33:25.151168,LINE-2-PACKAGING,87.07,2.54
2026-09-19 19:34:25.151168,LINE-2-PACKAGING,86.68,2.33
2026-09-19 19:35:25.151168,LINE-2-PACKAGING,87.87,2.31
2026-09-19 19:36:25.151168,LINE-2-PACKAGING,88.9,2.52
2026-09-19 19:37:25.151168,LINE-2-PACKAGING,87.66,2.29
2026-09-19 19:38:25.151168,LINE-2-PACKAGING,86.26,2.65
2026-09-19 19:39:25.151168,LINE-2-PACKAGING,85.84,2.25
2026-09-19 19:40:25.151168,LINE-2-PACKAGING,85.88,2.5
2026-09-19 19:41:25.151168,LINE-2-PACKAGING,87.93,2.35
2026-09-19 19:42:25.151168,LINE-2-PACKAGING,87.7,2.44
2026-09-19 19:43:25.151168,LINE-2-PACKAGING,86.41,2.34
2026-09-19 19:44:25.151168,LINE-2-PACKAGING,84.78,2.27
2026-09-19 19:45:25.151168,LINE-2-PACKAGING,86.44,2.39
2026-09-19 19:46:25.151168,LINE-2-PACKAGING,85.35,2.45
2026-09-19 19:47:25.151168,LINE-2-PACKAGING,84.32,2.3
2026-09-19 19:48:25.151168,LINE-2-PACKAGING,86.69,2.51
2026-09-19 19:49:25.151168,LINE-2-PACKAGING,87.13,2.4
2026-09-19 19:50:25.151168,LINE-2-PACKAGING,87.46,2.39
2026-09-19 19:51:25.151168,LINE-2-PACKAGING,86.98,2.7
2026-09-19 19:52:25.151168,LINE-2-PACKAGING,86.23,2.27
2026-09-19 19:53:25.151168,LINE-2-PACKAGING,86.19,2.54
2026-09-19 19:54:25.151168,LINE-2-PACKAGING,84.59,2.26
2026-09-19 19:55:25.151168,LINE-2-PACKAGING,86.56,2.62
2026-09-19 19:56:25.151168,LINE-2-PACKAGING,86.51,2.22
2026-09-19 19:57:25.151168,LINE-2-PACKAGING,86.42,2.33
2026-09-19 19:58:25.151168,LINE-2-PACKAGING,84.96,2.63
2026-09-19 19:59:25.151168,LINE-2-PACKAGING,87.18,2.75
2026-09-19 20:00:25.151168,LINE-2-PACKAGING,85.13,2.35
2026-09-19 20:01:25.151168,LINE-2-PACKAGING,85.05,2.32
2026-09-19 20:02:25.151168,LINE-2-PACKAGING,84.48,2.51
2026-09-19 20:03:25.151168,LINE-2-PACKAGING,86.58,2.58
2026-09-19 20:04:25.151168,LINE-2-PACKAGING,85.9,2.5
2026-09-19 20:05:25.151168,LINE-2-PACKAGING,85.74,2.32
2026-09-19 20:06:25.151168,LINE-2-PACKAGING,84.6,2.28
2026-09-19 20:07:25.151168,LINE-2-PACKAGING,87.04,2.38
2026-09-19 20:08:25.151168,LINE-2-PACKAGING,85.62,2.45
2026-09-19 20:09:25.151168,LINE-2-PACKAGING,85.25,2.62
2026-09-19 20:10:25.151168,LINE-2-PACKAGING,86.64,2.86
2026-09-19 20:11:25.151168,LINE-2-PACKAGING,85.46,2.43
2026-09-19 20:12:25.151168,LINE-2-PACKAGING,86.65,2.66
2026-09-19 20:13:25.151168,LINE-2-PACKAGING,85.72,2.58
2026-09-19 20:14:25.151168,LINE-2-PACKAGING,85.52,2.59
2026-09-19 20:15:25.151168,LINE-2-PACKAGING,85.86,2.37
2026-09-19 20:16:25.151168,LINE-2-PACKAGING,86.71,2.73
2026-09-19 20:17:25.151168,LINE-2-PACKAGING,86.87,2.31
2026-09-19 20:18:25.151168,LINE-2-PACKAGING,86.33,2.31
2026-09-19 20:19:25.151168,LINE-2-PACKAGING,86.33,2.21
2026-09-19 20:20:25.151168,LINE-2-PACKAGING,85.04,2.45
2026-09-19 20:21:25.151168,LINE-2-PACKAGING,85.96,2.37
2026-09-19 20:22:25.151168,LINE-2-PACKAGING,87.63,2.22
2026-09-19 20:23:25.151168,LINE-2-PACKAGING,84.76,2.29
2026-09-19 20:24:25.151168,LINE-2-PACKAGING,85.62,2.35
2026-09-19 20:25:25.151168,LINE-2-PACKAGING,85.85,2.63
2026-09-19 20:26:25.151168,LINE-2-PACKAGING,84.74,2.34
2026-09-19 20:27:25.151168,LINE-2-PACKAGING,85.02,2.26
2026-09-19 20:28:25.151168,LINE-2-PACKAGING,88.2,2.29
2026-09-19 20:29:25.151168,LINE-2-PACKAGING,86.77,2.4
2026-09-19 20:30:25.151168,LINE-2-PACKAGING,86.65,2.5
2026-09-19 20:31:25.151168,LINE-2-PACKAGING,86.17,2.28
2026-09-19 20:32:25.151168,LINE-2-PACKAGING,85.36,2.67
2026-09-19 20:33:25.151168,LINE-2-PACKAGING,86.43,2.25
2026-09-19 20:34:25.151168,LINE-2-PACKAGING,85.5,2.31
2026-09-19 20:35:25.151168,LINE-2-PACKAGING,84.36,2.46
2026-09-19 20:36:25.151168,LINE-2-PACKAGING,86.34,2.22
2026-09-19 20:37:25.151168,LINE-2-PACKAGING,86.4,2.27
2026-09-19 20:38:25.151168,LINE-2-PACKAGING,85.77,2.64
2026-09-19 20:39:25.151168,LINE-2-PACKAGING,85.65,2.28
2026-09-19 20:40:25.151168,LINE-2-PACKAGING,86.31,2.2
2026-09-19 20:41:25.151168,LINE-2-PACKAGING,85.87,2.53
2026-09-19 20:42:25.151168,LINE-2-PACKAGING,84.8,2.44
2026-09-19 20:43:25.151168,LINE-2-PACKAGING,85.47,2.53
2026-09-19 20:44:25.151168,LINE-2-PACKAGING,87.49,2.32
2026-09-19 20:45:25.151168,LINE-2-PACKAGING,86.87,2.47
2026-09-19 20:46:25.151168,LINE-2-PACKAGING,86.14,2.29
2026-09-19 20:47:25.151168,LINE-2-PACKAGING,87.97,2.5
2026-09-19 20:48:25.151168,LINE-2-PACKAGING,85.6,2.33
2026-09-19 20:49:25.151168,LINE-2-PACKAGING,85.85,2.33
2026-09-19 20:50:25.151168,LINE-2-PACKAGING,86.64,2.47
2026-09-19 20:51:25.151168,LINE-2-PACKAGING,86.38,2.4
2026-09-19 20:52:25.151168,LINE-2-PACKAGING,87.52,2.4
2026-09-19 20:53:25.151168,LINE-2-PACKAGING,87.91,2.41
2026-09-19 20:54:25.151168,LINE-2-PACKAGING,88.2,2.73
2026-09-19 20:55:25.151168,LINE-2-PACKAGING,85.1,2.41
2026-09-19 20:56:25.151168,LINE-2-PACKAGING,85.99,2.48
2026-09-19 20:57:25.151168,LINE-2-PACKAGING,85.57,2.54
2026-09-19 20:58:25.151168,LINE-2-PACKAGING,85.58,2.28
2026-09-19 20:59:25.151168,LINE-2-PACKAGING,87.25,2.47
2026-09-19 21:00:25.151168,LINE-2-PACKAGING,84.79,2.25
2026-09-19 21:01:25.151168,LINE-2-PACKAGING,85.54,2.38
2026-09-19 21:02:25.151168,LINE-2-PACKAGING,86.59,2.44
2026-09-19 21:03:25.151168,LINE-2-PACKAGING,86.87,2.23
2026-09-19 21:04:25.151168,LINE-2-PACKAGING,86.68,2.43
2026-09-19 21:05:25.151168,LINE-2-PACKAGING,85.93,1.94
2026-09-19 21:06:25.151168,LINE-2-PACKAGING,85.28,2.42
2026-09-19 21:07:25.151168,LINE-2-PACKAGING,85.89,2.63
2026-09-19 21:08:25.151168,LINE-2-PACKAGING,86.63,2.48
2026-09-19 21:09:25.151168,LINE-2-PACKAGING,86.67,2.37
2026-09-19 21:10:25.151168,LINE-2-PACKAGING,85.93,2.59
2026-09-19 21:11:25.151168,LINE-2-PACKAGING,87.99,2.56
2026-09-19 21:12:25.151168,LINE-2-PACKAGING,86.19,2.45
2026-09-19 21:13:25.151168,LINE-2-PACKAGING,85.96,2.51
2026-09-19 21:14:25.151168,LINE-2-PACKAGING,86.2,2.32
2026-09-19 21:15:25.151168,LINE-2-PACKAGING,85.09,2.51
2026-09-19 21:16:25.151168,LINE-2-PACKAGING,75.9,2.07
2026-09-19 21:17:25.151168,LINE-2-PACKAGING,73.26,2.34
2026-09-19 21:18:25.151168,LINE-2-PACKAGING,73.57,2.07
2026-09-19 21:19:25.151168,LINE-2-PACKAGING,74.4,1.83
2026-09-19 21:20:25.151168,LINE-2-PACKAGING,73.65,2.12
2026-09-19 21:21:25.151168,LINE-2-PACKAGING,74.52,2.19
2026-09-19 21:22:25.151168,LINE-2-PACKAGING,75.68,2.0
2026-09-19 21:23:25.151168,LINE-2-PACKAGING,75.39,1.86
2026-09-19 21:24:25.151168,LINE-2-PACKAGING,76.2,1.92
2026-09-19 21:25:25.151168,LINE-2-PACKAGING,75.18,2.15
2026-09-19 21:26:25.151168,LINE-2-PACKAGING,73.28,1.97
2026-09-19 21:27:25.151168,LINE-2-PACKAGING,76.41,1.81
2026-09-19 21:28:25.151168,LINE-2-PACKAGING,77.51,1.89
2026-09-19 21:29:25.151168,LINE-2-PACKAGING,74.84,1.92
2026-09-19 21:30:25.151168,LINE-2-PACKAGING,75.95,2.05
2026-09-19 21:31:25.151168,LINE-2-PACKAGING,75.66,2.05
2026-09-19 21:32:25.151168,LINE-2-PACKAGING,74.44,1.8
2026-09-19 21:33:25.151168,LINE-2-PACKAGING,74.34,1.98
2026-09-19 21:34:25.151168,LINE-2-PACKAGING,75.13,1.9
2026-09-19 21:35:25.151168,LINE-2-PACKAGING,77.08,1.81
2026-09-19 21:36:25.151168,LINE-2-PACKAGING,75.96,2.13
2026-09-19 21:37:25.151168,LINE-2-PACKAGING,75.57,1.94
2026-09-19 21:38:25.151168,LINE-2-PACKAGING,75.71,1.92
2026-09-19 21:39:25.151168,LINE-2-PACKAGING,73.19,2.21
2026-09-19 21:40:25.151168,LINE-2-PACKAGING,73.64,1.93
2026-09-19 21:41:25.151168,LINE-2-PACKAGING,75.19,1.81
2026-09-19 21:42:25.151168,LINE-2-PACKAGING,75.01,2.12
2026-09-19 21:43:25.151168,LINE-2-PACKAGING,77.58,2.11
2026-09-19 21:44:25.151168,LINE-2-PACKAGING,73.31,2.06
2026-09-19 21:45:25.151168,LINE-2-PACKAGING,75.05,2.08
2026-09-19 21:46:25.151168,LINE-2-PACKAGING,75.35,2.14
2026-09-19 21:47:25.151168,LINE-2-PACKAGING,73.73,1.87
2026-09-19 21:48:25.151168,LINE-2-PACKAGING,74.75,2.11
2026-09-19 21:49:25.151168,LINE-2-PACKAGING,75.3,1.84
2026-09-19 21:50:25.151168,LINE-2-PACKAGING,74.18,2.06
2026-09-19 21:51:25.151168,LINE-2-PACKAGING,73.99,2.04
2026-09-19 21:52:25.151168,LINE-2-PACKAGING,73.45,1.95
2026-09-19 21:53:25.151168,LINE-2-PACKAGING,75.72,2.03
2026-09-19 21:54:25.151168,LINE-2-PACKAGING,74.94,2.04
2026-09-19 21:55:25.151168,LINE-2-PACKAGING,74.32,1.96
2026-09-19 21:56:25.151168,LINE-2-PACKAGING,73.48,1.85
2026-09-19 21:57:25.151168,LINE-2-PACKAGING,73.67,1.63
2026-09-19 21:58:25.151168,LINE-2-PACKAGING,72.84,1.91
2026-09-19 21:59:25.151168,LINE-2-PACKAGING,75.26,2.08
2026-09-19 22:00:25.151168,LINE-2-PACKAGING,75.75,2.08
2026-09-19 22:01:25.151168,LINE-2-PACKAGING,75.64,1.86
2026-09-19 22:02:25.151168,LINE-2-PACKAGING,74.54,2.01
2026-09-19 22:03:25.151168,LINE-2-PACKAGING,75.31,2.44
2026-09-19 22:04:25.151168,LINE-2-PACKAGING,75.89,1.91
2026-09-19 22:05:25.151168,LINE-2-PACKAGING,76.68,2.22
2026-09-19 22:06:25.151168,LINE-2-PACKAGING,74.38,1.93
2026-09-19 22:07:25.151168,LINE-2-PACKAGING,74.45,2.15
2026-09-19 22:08:25.151168,LINE-2-PACKAGING,75.2,2.02
2026-09-19 22:09:25.151168,LINE-2-PACKAGING,74.38,1.93
2026-09-19 22:10:25.151168,LINE-2-PACKAGING,75.13,2.22
2026-09-19 22:11:25.151168,LINE-2-PACKAGING,74.72,1.9
2026-09-19 22:12:25.151168,LINE-2-PACKAGING,75.35,1.94
2026-09-19 22:13:25.151168,LINE-2-PACKAGING,75.26,2.06
2026-09-19 22:14:25.151168,LINE-2-PACKAGING,75.28,1.95
2026-09-19 22:15:25.151168,LINE-2-PACKAGING,74.09,2.18
2026-09-19 22:16:25.151168,LINE-2-PACKAGING,75.72,2.15
2026-09-19 22:17:25.151168,LINE-2-PACKAGING,73.95,1.99
2026-09-19 22:18:25.151168,LINE-2-PACKAGING,75.59,1.91
2026-09-19 22:19:25.151168,LINE-2-PACKAGING,73.46,1.81
2026-09-19 22:20:25.151168,LINE-2-PACKAGING,76.68,1.78
2026-09-19 22:21:25.151168,LINE-2-PACKAGING,75.43,2.12
2026-09-19 22:22:25.151168,LINE-2-PACKAGING,74.88,1.85
2026-09-19 22:23:25.151168,LINE-2-PACKAGING,74.51,2.01
2026-09-19 22:24:25.151168,LINE-2-PACKAGING,74.86,1.87
2026-09-19 22:25:25.151168,LINE-2-PACKAGING,74.2,2.05
2026-09-19 22:26:25.151168,LINE-2-PACKAGING,73.96,1.93
2026-09-19 22:27:25.151168,LINE-2-PACKAGING,76.42,1.93
2026-09-19 22:28:25.151168,LINE-2-PACKAGING,77.77,1.9
2026-09-19 22:29:25.151168,LINE-2-PACKAGING,74.06,1.96
2026-09-19 22:30:25.151168,LINE-2-PACKAGING,75.25,1.76
2026-09-19 22:31:25.151168,LINE-2-PACKAGING,75.72,2.03
2026-09-19 22:32:25.151168,LINE-2-PACKAGING,75.0,1.95
2026-09-19 22:33:25.151168,LINE-2-PACKAGING,77.58,1.76
2026-09-19 22:34:25.151168,LINE-2-PACKAGING,75.92,2.05
2026-09-19 22:35:25.151168,LINE-2-PACKAGING,76.99,1.86
2026-09-19 22:36:25.151168,LINE-2-PACKAGING,74.32,1.97
2026-09-19 22:37:25.151168,LINE-2-PACKAGING,74.92,1.94
2026-09-19 22:38:25.151168,LINE-2-PACKAGING,75.39,2.07
2026-09-19 22:39:25.151168,LINE-2-PACKAGING,74.26,1.97
2026-09-19 22:40:25.151168,LINE-2-PACKAGING,76.27,1.95
2026-09-19 22:41:25.151168,LINE-2-PACKAGING,74.02,2.01
2026-09-19 22:42:25.151168,LINE-2-PACKAGING,76.88,1.99
2026-09-19 22:43:25.151168,LINE-2-PACKAGING,73.96,1.82
2026-09-19 22:44:25.151168,LINE-2-PACKAGING,75.79,2.15
2026-09-19 22:45:25.151168,LINE-2-PACKAGING,74.96,2.08
2026-09-19 22:46:25.151168,LINE-2-PACKAGING,74.39,1.77
2026-09-19 22:47:25.151168,LINE-2-PACKAGING,74.67,1.86
2026-09-19 22:48:25.151168,LINE-2-PACKAGING,74.66,2.03
2026-09-19 22:49:25.151168,LINE-2-PACKAGING,75.02,2.12
2026-09-19 22:50:25.151168,LINE-2-PACKAGING,74.51,1.92
2026-09-19 22:51:25.151168,LINE-2-PACKAGING,76.02,1.93
2026-09-19 22:52:25.151168,LINE-2-PACKAGING,73.86,1.86
2026-09-19 22:53:25.151168,LINE-2-PACKAGING,74.57,2.16
2026-09-19 22:54:25.151168,LINE-2-PACKAGING,76.35,2.03
2026-09-19 22:55:25.151168,LINE-2-PACKAGING,74.92,1.93
2026-09-19 22:56:25.151168,LINE-2-PACKAGING,75.65,2.2
2026-09-19 22:57:25.151168,LINE-2-PACKAGING,75.3,1.85
2026-09-19 22:58:25.151168,LINE-2-PACKAGING,73.45,2.19
2026-09-19 22:59:25.151168,LINE-2-PACKAGING,73.3,1.99
2026-09-19 23:00:25.151168,LINE-2-PACKAGING,75.93,1.9
2026-09-19 23:01:25.151168,LINE-2-PACKAGING,73.66,1.94
2026-09-19 23:02:25.151168,LINE-2-PACKAGING,74.48,2.03
2026-09-19 23:03:25.151168,LINE-2-PACKAGING,75.87,1.9
2026-09-19 23:04:25.151168,LINE-2-PACKAGING,73.7,2.12
2026-09-19 23:05:25.151168,LINE-2-PACKAGING,75.87,2.02
2026-09-19 23:06:25.151168,LINE-2-PACKAGING,74.45,1.94
2026-09-19 23:07:25.151168,LINE-2-PACKAGING,76.01,1.84
2026-09-19 23:08:25.151168,LINE-2-PACKAGING,74.22,1.74
2026-09-19 23:09:25.151168,LINE-2-PACKAGING,74.51,1.93
2026-09-19 23:10:25.151168,LINE-2-PACKAGING,75.39,2.05
2026-09-19 23:11:25.151168,LINE-2-PACKAGING,74.05,2.01
2026-09-19 23:12:25.151168,LINE-2-PACKAGING,75.14,2.08
2026-09-19 23:13:25.151168,LINE-2-PACKAGING,75.81,1.96
2026-09-19 23:14:25.151168,LINE-2-PACKAGING,76.45,2.09
2026-09-19 23:15:25.151168,LINE-2-PACKAGING,73.06,1.99
2026-09-19 23:16:25.151168,LINE-2-PACKAGING,74.39,1.76
2026-09-19 23:17:25.151168,LINE-2-PACKAGING,73.44,1.85
2026-09-19 23:18:25.151168,LINE-2-PACKAGING,75.31,2.06
2026-09-19 23:19:25.151168,LINE-2-PACKAGING,76.57,2.05
2026-09-19 23:20:25.151168,LINE-2-PACKAGING,73.71,2.14
2026-09-19 23:21:25.151168,LINE-2-PACKAGING,73.57,2.01
2026-09-19 23:22:25.151168,LINE-2-PACKAGING,73.46,2.01
2026-09-19 23:23:25.151168,LINE-2-PACKAGING,74.04,2.23
2026-09-19 23:24:25.151168,LINE-2-PACKAGING,75.5,1.98
2026-09-19 23:25:25.151168,LINE-2-PACKAGING,75.85,1.95
2026-09-19 23:26:25.151168,LINE-2-PACKAGING,74.4,1.8
2026-09-19 23:27:25.151168,LINE-2-PACKAGING,74.76,2.11
2026-09-19 23:28:25.151168,LINE-2-PACKAGING,74.36,1.77
2026-09-19 23:29:25.151168,LINE-2-PACKAGING,73.31,1.84
2026-09-19 23:30:25.151168,LINE-2-PACKAGING,76.04,2.11
2026-09-19 23:31:25.151168,LINE-2-PACKAGING,77.34,1.9
2026-09-19 23:32:25.151168,LINE-2-PACKAGING,74.33,1.86
2026-09-19 23:33:25.151168,LINE-2-PACKAGING,73.76,2.05
2026-09-19 23:34:25.151168,LINE-2-PACKAGING,74.84,1.93
2026-09-19 23:35:25.151168,LINE-2-PACKAGING,74.49,2.21
2026-09-19 23:36:25.151168,LINE-2-PACKAGING,73.98,1.97
2026-09-19 23:37:25.151168,LINE-2-PACKAGING,74.68,2.13
2026-09-19 23:38:25.151168,LINE-2-PACKAGING,74.26,2.13
2026-09-19 23:39:25.151168,LINE-2-PACKAGING,75.75,1.89
2026-09-19 23:40:25.151168,LINE-2-PACKAGING,76.32,2.01
2026-09-19 23:41:25.151168,LINE-2-PACKAGING,75.01,2.12
2026-09-19 23:42:25.151168,LINE-2-PACKAGING,73.45,2.32
2026-09-19 23:43:25.151168,LINE-2-PACKAGING,74.12,2.01
2026-09-19 23:44:25.151168,LINE-2-PACKAGING,75.6,1.87
2026-09-19 23:45:25.151168,LINE-2-PACKAGING,74.07,1.98
2026-09-19 23:46:25.151168,LINE-2-PACKAGING,74.8,2.27
2026-09-19 23:47:25.151168,LINE-2-PACKAGING,73.69,2.28
2026-09-19 23:48:25.151168,LINE-2-PACKAGING,74.71,1.82
2026-09-19 23:49:25.151168,LINE-2-PACKAGING,74.69,1.89
2026-09-19 23:50:25.151168,LINE-2-PACKAGING,73.72,1.87
2026-09-19 23:51:25.151168,LINE-2-PACKAGING,75.9,2.0
2026-09-19 23:52:25.151168,LINE-2-PACKAGING,76.19,2.12
2026-09-19 23:53:25.151168,LINE-2-PACKAGING,74.9,1.84
2026-09-19 23:54:25.151168,LINE-2-PACKAGING,75.65,2.04
2026-09-19 23:55:25.151168,LINE-2-PACKAGING,76.84,2.1
2026-09-19 23:56:25.151168,LINE-2-PACKAGING,75.73,2.08
2026-09-19 23:57:25.151168,LINE-2-PACKAGING,74.95,1.95
2026-09-19 23:58:25.151168,LINE-2-PACKAGING,76.17,1.84
2026-09-19 23:59:25.151168,LINE-2-PACKAGING,75.41,1.97
2026-09-20 00:00:25.151168,LINE-2-PACKAGING,75.26,2.05
2026-09-20 00:01:25.151168,LINE-2-PACKAGING,73.69,1.89
2026-09-20 00:02:25.151168,LINE-2-PACKAGING,74.73,2.17
2026-09-20 00:03:25.151168,LINE-2-PACKAGING,76.71,2.06
2026-09-20 00:04:25.151168,LINE-2-PACKAGING,73.99,2.26
2026-09-20 00:05:25.151168,LINE-2-PACKAGING,75.89,2.0
2026-09-20 00:06:25.151168,LINE-2-PACKAGING,75.73,1.94
2026-09-20 00:07:25.151168,LINE-2-PACKAGING,75.85,1.84
2026-09-20 00:08:25.151168,LINE-2-PACKAGING,76.01,1.66
2026-09-20 00:09:25.151168,LINE-2-PACKAGING,75.03,1.88
2026-09-20 00:10:25.151168,LINE-2-PACKAGING,75.25,1.86
2026-09-20 00:11:25.151168,LINE-2-PACKAGING,76.18,2.1
2026-09-20 00:12:25.151168,LINE-2-PACKAGING,73.87,2.06
2026-09-20 00:13:25.151168,LINE-2-PACKAGING,74.45,2.15
2026-09-20 00:14:25.151168,LINE-2-PACKAGING,75.38,2.14
2026-09-20 00:15:25.151168,LINE-2-PACKAGING,75.25,1.87
2026-09-20 00:16:25.151168,LINE-2-PACKAGING,73.83,2.03
2026-09-20 00:17:25.151168,LINE-2-PACKAGING,73.66,2.22
2026-09-20 00:18:25.151168,LINE-2-PACKAGING,75.15,2.13
2026-09-20 00:19:25.151168,LINE-2-PACKAGING,75.56,1.98
2026-09-20 00:20:25.151168,LINE-2-PACKAGING,73.46,2.07
2026-09-20 00:21:25.151168,LINE-2-PACKAGING,75.66,2.01
2026-09-20 00:22:25.151168,LINE-2-PACKAGING,75.03,2.11
2026-09-20 00:23:25.151168,LINE-2-PACKAGING,76.78,2.14
2026-09-20 00:24:25.151168,LINE-2-PACKAGING,74.63,2.02
2026-09-20 00:25:25.151168,LINE-2-PACKAGING,74.91,2.03
2026-09-20 00:26:25.151168,LINE-2-PACKAGING,75.49,2.08
2026-09-20 00:27:25.151168,LINE-2-PACKAGING,75.88,1.98
2026-09-20 00:28:25.151168,LINE-2-PACKAGING,73.87,1.9
2026-09-20 00:29:25.151168,LINE-2-PACKAGING,75.25,1.95
2026-09-20 00:30:25.151168,LINE-2-PACKAGING,75.18,2.08
2026-09-20 00:31:25.151168,LINE-2-PACKAGING,75.33,2.04
2026-09-20 00:32:25.151168,LINE-2-PACKAGING,74.92,1.78
2026-09-20 00:33:25.151168,LINE-2-PACKAGING,76.53,2.03
2026-09-20 00:34:25.151168,LINE-2-PACKAGING,75.22,2.13
2026-09-20 00:35:25.151168,LINE-2-PACKAGING,75.55,1.91
2026-09-20 00:36:25.151168,LINE-2-PACKAGING,74.67,2.27
2026-09-20 00:37:25.151168,LINE-2-PACKAGING,74.53,2.18
2026-09-20 00:38:25.151168,LINE-2-PACKAGING,75.81,1.9
2026-09-20 00:39:25.151168,LINE-2-PACKAGING,75.05,1.91
2026-09-20 00:40:25.151168,LINE-2-PACKAGING,74.78,2.08
2026-09-20 00:41:25.151168,LINE-2-PACKAGING,75.37,2.07
2026-09-20 00:42:25.151168,LINE-2-PACKAGING,74.38,2.0
2026-09-20 00:43:25.151168,LINE-2-PACKAGING,75.42,1.89
2026-09-20 00:44:25.151168,LINE-2-PACKAGING,75.29,2.13
2026-09-20 00:45:25.151168,LINE-2-PACKAGING,75.78,2.08
2026-09-20 00:46:25.151168,LINE-2-PACKAGING,75.22,2.22
2026-09-20 00:47:25.151168,LINE-2-PACKAGING,75.1,1.85
2026-09-20 00:48:25.151168,LINE-2-PACKAGING,73.91,2.21
2026-09-20 00:49:25.151168,LINE-2-PACKAGING,74.17,2.2
2026-09-20 00:50:25.151168,LINE-2-PACKAGING,74.29,2.07
2026-09-20 00:51:25.151168,LINE-2-PACKAGING,75.91,1.81
2026-09-20 00:52:25.151168,LINE-2-PACKAGING,75.01,2.02
2026-09-20 00:53:25.151168,LINE-2-PACKAGING,77.12,2.01
2026-09-20 00:54:25.151168,LINE-2-PACKAGING,75.7,2.01
2026-09-20 00:55:25.151168,LINE-2-PACKAGING,72.51,2.07
2026-09-20 00:56:25.151168,LINE-2-PACKAGING,74.64,2.09
2026-09-20 00:57:25.151168,LINE-2-PACKAGING,76.54,1.9
2026-09-20 00:58:25.151168,LINE-2-PACKAGING,75.77,2.02
2026-09-20 00:59:25.151168,LINE-2-PACKAGING,76.44,1.94
2026-09-20 01:00:25.151168,LINE-2-PACKAGING,74.47,1.94
2026-09-20 01:01:25.151168,LINE-2-PACKAGING,76.02,1.8
2026-09-20 01:02:25.151168,LINE-2-PACKAGING,75.52,1.93
2026-09-20 01:03:25.151168,LINE-2-PACKAGING,74.43,1.92
2026-09-20 01:04:25.151168,LINE-2-PACKAGING,75.18,2.15
2026-09-20 01:05:25.151168,LINE-2-PACKAGING,76.2,1.97
2026-09-20 01:06:25.151168,LINE-2-PACKAGING,76.2,1.96
2026-09-20 01:07:25.151168,LINE-2-PACKAGING,75.0,2.18
2026-09-20 01:08:25.151168,LINE-2-PACKAGING,74.69,2.08
2026-09-20 01:09:25.151168,LINE-2-PACKAGING,76.09,2.1
2026-09-20 01:10:25.151168,LINE-2-PACKAGING,75.18,1.82
2026-09-20 01:11:25.151168,LINE-2-PACKAGING,73.66,1.83
2026-09-20 01:12:25.151168,LINE-2-PACKAGING,76.66,1.89
2026-09-20 01:13:25.151168,LINE-2-PACKAGING,73.84,2.27
2026-09-20 01:14:25.151168,LINE-2-PACKAGING,73.63,1.7
2026-09-20 01:15:25.151168,LINE-2-PACKAGING,73.98,1.99
2026-09-20 01:16:25.151168,LINE-2-PACKAGING,73.29,2.09
2026-09-20 01:17:25.151168,LINE-2-PACKAGING,73.34,2.06
2026-09-20 01:18:25.151168,LINE-2-PACKAGING,75.44,1.83
2026-09-20 01:19:25.151168,LINE-2-PACKAGING,74.87,2.0
2026-09-20 01:20:25.151168,LINE-2-PACKAGING,73.46,2.03
2026-09-20 01:21:25.151168,LINE-2-PACKAGING,75.91,1.94
2026-09-20 01:22:25.151168,LINE-2-PACKAGING,75.42,2.01
2026-09-20 01:23:25.151168,LINE-2-PACKAGING,75.23,1.86
2026-09-20 01:24:25.151168,LINE-2-PACKAGING,75.93,1.98
2026-09-20 01:25:25.151168,LINE-2-PACKAGING,73.78,2.19
2026-09-20 01:26:25.151168,LINE-2-PACKAGING,75.58,2.06
2026-09-20 01:27:25.151168,LINE-2-PACKAGING,76.01,1.87
2026-09-20 01:28:25.151168,LINE-2-PACKAGING,74.32,2.09
2026-09-20 01:29:25.151168,LINE-2-PACKAGING,74.74,2.22
2026-09-20 01:30:25.151168,LINE-2-PACKAGING,75.51,1.94
2026-09-20 01:31:25.151168,LINE-2-PACKAGING,75.97,1.94
2026-09-20 01:32:25.151168,LINE-2-PACKAGING,75.77,1.76
2026-09-20 01:33:25.151168,LINE-2-PACKAGING,75.31,2.23
2026-09-20 01:34:25.151168,LINE-2-PACKAGING,74.54,2.12
2026-09-20 01:35:25.151168,LINE-2-PACKAGING,74.37,1.89
2026-09-20 01:36:25.151168,LINE-2-PACKAGING,75.32,2.07
2026-09-20 01:37:25.151168,LINE-2-PACKAGING,76.38,2.09
2026-09-20 01:38:25.151168,LINE-2-PACKAGING,74.18,2.14
2026-09-20 01:39:25.151168,LINE-2-PACKAGING,75.6,1.74
2026-09-20 01:40:25.151168,LINE-2-PACKAGING,74.57,2.09
2026-09-20 01:41:25.151168,LINE-2-PACKAGING,74.0,2.08
2026-09-20 01:42:25.151168,LINE-2-PACKAGING,74.56,2.05
2026-09-20 01:43:25.151168,LINE-2-PACKAGING,76.1,2.04
2026-09-20 01:44:25.151168,LINE-2-PACKAGING,75.37,1.95
2026-09-20 01:45:25.151168,LINE-2-PACKAGING,75.34,2.2
2026-09-20 01:46:25.151168,LINE-2-PACKAGING,74.46,1.99
2026-09-20 01:47:25.151168,LINE-2-PACKAGING,74.71,2.03
2026-09-20 01:48:25.151168,LINE-2-PACKAGING,74.89,1.9
2026-09-20 01:49:25.151168,LINE-2-PACKAGING,74.79,2.04
2026-09-20 01:50:25.151168,LINE-2-PACKAGING,74.99,1.98
2026-09-20 01:51:25.151168,LINE-2-PACKAGING,76.82,1.92
2026-09-20 01:52:25.151168,LINE-2-PACKAGING,75.59,1.97
2026-09-20 01:53:25.151168,LINE-2-PACKAGING,73.96,1.93
2026-09-20 01:54:25.151168,LINE-2-PACKAGING,73.65,1.84
2026-09-20 01:55:25.151168,LINE-2-PACKAGING,74.58,1.92
2026-09-20 01:56:25.151168,LINE-2-PACKAGING,75.39,1.77
2026-09-20 01:57:25.151168,LINE-2-PACKAGING,76.09,1.86
2026-09-20 01:58:25.151168,LINE-2-PACKAGING,74.49,2.01
2026-09-20 01:59:25.151168,LINE-2-PACKAGING,73.88,2.06
2026-09-20 02:00:25.151168,LINE-2-PACKAGING,76.48,1.93
2026-09-20 02:01:25.151168,LINE-2-PACKAGING,74.57,2.25
2026-09-20 02:02:25.151168,LINE-2-PACKAGING,74.35,2.13
2026-09-20 02:03:25.151168,LINE-2-PACKAGING,76.22,2.0
2026-09-20 02:04:25.151168,LINE-2-PACKAGING,77.47,2.03
2026-09-20 02:05:25.151168,LINE-2-PACKAGING,73.99,1.69
2026-09-20 02:06:25.151168,LINE-2-PACKAGING,77.3,2.07
2026-09-20 02:07:25.151168,LINE-2-PACKAGING,74.31,2.2
2026-09-20 02:08:25.151168,LINE-2-PACKAGING,74.95,2.01
2026-09-20 02:09:25.151168,LINE-2-PACKAGING,74.29,1.91
2026-09-20 02:10:25.151168,LINE-2-PACKAGING,75.09,2.1
2026-09-20 02:11:25.151168,LINE-2-PACKAGING,76.78,1.77
2026-09-20 02:12:25.151168,LINE-2-PACKAGING,74.74,1.9
2026-09-20 02:13:25.151168,LINE-2-PACKAGING,76.19,2.06
2026-09-20 02:14:25.151168,LINE-2-PACKAGING,75.01,2.08
2026-09-20 02:15:25.151168,LINE-2-PACKAGING,73.57,1.94
2026-09-20 02:16:25.151168,LINE-2-PACKAGING,74.4,2.05
2026-09-20 02:17:25.151168,LINE-2-PACKAGING,75.63,2.02
2026-09-20 02:18:25.151168,LINE-2-PACKAGING,75.8,1.91
2026-09-20 02:19:25.151168,LINE-2-PACKAGING,74.75,1.8
2026-09-20 02:20:25.151168,LINE-2-PACKAGING,74.29,1.73
2026-09-20 02:21:25.151168,LINE-2-PACKAGING,75.53,1.74
2026-09-20 02:22:25.151168,LINE-2-PACKAGING,75.75,2.09
2026-09-20 02:23:25.151168,LINE-2-PACKAGING,76.05,1.98
2026-09-20 02:24:25.151168,LINE-2-PACKAGING,75.92,1.74
2026-09-20 02:25:25.151168,LINE-2-PACKAGING,75.7,1.79
2026-09-20 02:26:25.151168,LINE-2-PACKAGING,74.14,2.21
2026-09-20 02:27:25.151168,LINE-2-PACKAGING,75.79,1.92
2026-09-20 02:28:25.151168,LINE-2-PACKAGING,74.57,2.44
2026-09-20 02:29:25.151168,LINE-2-PACKAGING,75.21,2.17
2026-09-20 02:30:25.151168,LINE-2-PACKAGING,74.46,1.93
2026-09-20 02:31:25.151168,LINE-2-PACKAGING,74.64,2.04
2026-09-20 02:32:25.151168,LINE-2-PACKAGING,75.65,1.88
2026-09-20 02:33:25.151168,LINE-2-PACKAGING,75.98,2.02
2026-09-20 02:34:25.151168,LINE-2-PACKAGING,75.76,1.83
2026-09-20 02:35:25.151168,LINE-2-PACKAGING,76.31,1.94
2026-09-20 02:36:25.151168,LINE-2-PACKAGING,75.63,2.11
2026-09-20 02:37:25.151168,LINE-2-PACKAGING,73.92,2.08
2026-09-20 02:38:25.151168,LINE-2-PACKAGING,76.27,2.21
2026-09-20 02:39:25.151168,LINE-2-PACKAGING,72.96,1.8
2026-09-20 02:40:25.151168,LINE-2-PACKAGING,75.45,2.29
2026-09-20 02:41:25.151168,LINE-2-PACKAGING,76.73,1.99
2026-09-20 02:42:25.151168,LINE-2-PACKAGING,75.57,2.03
2026-09-20 02:43:25.151168,LINE-2-PACKAGING,74.77,2.08
2026-09-20 02:44:25.151168,LINE-2-PACKAGING,74.37,1.99
2026-09-20 02:45:25.151168,LINE-2-PACKAGING,76.15,2.14
2026-09-20 02:46:25.151168,LINE-2-PACKAGING,76.08,2.26
2026-09-20 02:47:25.151168,LINE-2-PACKAGING,76.13,1.99
2026-09-20 02:48:25.151168,LINE-2-PACKAGING,75.07,1.8
2026-09-20 02:49:25.151168,LINE-2-PACKAGING,72.82,1.97
2026-09-20 02:50:25.151168,LINE-2-PACKAGING,75.73,1.92
2026-09-20 02:51:25.151168,LINE-2-PACKAGING,75.99,2.22
2026-09-20 02:52:25.151168,LINE-2-PACKAGING,73.41,2.04
2026-09-20 02:53:25.151168,LINE-2-PACKAGING,74.3,2.09
2026-09-20 02:54:25.151168,LINE-2-PACKAGING,75.23,1.98
2026-09-20 02:55:25.151168,LINE-2-PACKAGING,75.54,2.37
2026-09-20 02:56:25.151168,LINE-2-PACKAGING,75.01,2.0
2026-09-20 02:57:25.151168,LINE-2-PACKAGING,74.62,2.12
2026-09-20 02:58:25.151168,LINE-2-PACKAGING,75.26,2.04
2026-09-20 02:59:25.151168,LINE-2-PACKAGING,74.41,1.99
2026-09-20 03:00:25.151168,LINE-2-PACKAGING,75.8,2.17
2026-09-20 03:01:25.151168,LINE-2-PACKAGING,74.94,1.92
2026-09-20 03:02:25.151168,LINE-2-PACKAGING,74.85,1.99
2026-09-20 03:03:25.151168,LINE-2-PACKAGING,75.3,2.13
2026-09-20 03:04:25.151168,LINE-2-PACKAGING,76.14,2.0
2026-09-20 03:05:25.151168,LINE-2-PACKAGING,74.33,2.1
2026-09-20 03:06:25.151168,LINE-2-PACKAGING,75.42,2.29
2026-09-20 03:07:25.151168,LINE-2-PACKAGING,76.74,1.97
2026-09-20 03:08:25.151168,LINE-2-PACKAGING,75.18,1.96
2026-09-20 03:09:25.151168,LINE-2-PACKAGING,74.44,1.94
2026-09-20 03:10:25.151168,LINE-2-PACKAGING,74.96,2.02
2026-09-20 03:11:25.151168,LINE-2-PACKAGING,74.16,1.73
2026-09-20 03:12:25.151168,LINE-2-PACKAGING,74.36,1.79
2026-09-20 03:13:25.151168,LINE-2-PACKAGING,75.23,1.87
2026-09-20 03:14:25.151168,LINE-2-PACKAGING,73.51,1.99
2026-09-20 03:15:25.151168,LINE-2-PACKAGING,75.35,1.9
2026-09-20 03:16:25.151168,LINE-2-PACKAGING,75.63,1.96
2026-09-20 03:17:25.151168,LINE-2-PACKAGING,75.65,2.24
2026-09-20 03:18:25.151168,LINE-2-PACKAGING,75.15,1.98
2026-09-20 03:19:25.151168,LINE-2-PACKAGING,75.25,1.83
2026-09-20 03:20:25.151168,LINE-2-PACKAGING,74.67,2.14
2026-09-20 03:21:25.151168,LINE-2-PACKAGING,74.76,1.97
2026-09-20 03:22:25.151168,LINE-2-PACKAGING,74.96,1.57
2026-09-20 03:23:25.151168,LINE-2-PACKAGING,74.55,2.11
2026-09-20 03:24:25.151168,LINE-2-PACKAGING,74.34,2.1
2026-09-20 03:25:25.151168,LINE-2-PACKAGING,73.39,2.11
2026-09-20 03:26:25.151168,LINE-2-PACKAGING,73.86,2.09
2026-09-20 03:27:25.151168,LINE-2-PACKAGING,74.6,1.95
2026-09-20 03:28:25.151168,LINE-2-PACKAGING,76.49,1.91
2026-09-20 03:29:25.151168,LINE-2-PACKAGING,74.7,1.94
2026-09-20 03:30:25.151168,LINE-2-PACKAGING,76.88,1.99
2026-09-20 03:31:25.151168,LINE-2-PACKAGING,75.24,2.3
2026-09-20 03:32:25.151168,LINE-2-PACKAGING,73.32,1.83
2026-09-20 03:33:25.151168,LINE-2-PACKAGING,75.44,1.98
2026-09-20 03:34:25.151168,LINE-2-PACKAGING,74.26,1.68
2026-09-20 03:35:25.151168,LINE-2-PACKAGING,75.09,2.08
2026-09-20 03:36:25.151168,LINE-2-PACKAGING,73.61,1.95
2026-09-20 03:37:25.151168,LINE-2-PACKAGING,76.35,2.28
2026-09-20 03:38:25.151168,LINE-2-PACKAGING,75.26,1.88
2026-09-20 03:39:25.151168,LINE-2-PACKAGING,74.84,2.04
2026-09-20 03:40:25.151168,LINE-2-PACKAGING,74.94,1.87
2026-09-20 03:41:25.151168,LINE-2-PACKAGING,74.28,2.0
2026-09-20 03:42:25.151168,LINE-2-PACKAGING,76.24,2.05
2026-09-20 03:43:25.151168,LINE-2-PACKAGING,74.39,1.97
2026-09-20 03:44:25.151168,LINE-2-PACKAGING,74.34,2.16
2026-09-20 03:45:25.151168,LINE-2-PACKAGING,75.97,2.09
2026-09-20 03:46:25.151168,LINE-2-PACKAGING,75.93,2.11
2026-09-20 03:47:25.151168,LINE-2-PACKAGING,73.52,2.39
2026-09-20 03:48:25.151168,LINE-2-PACKAGING,74.89,2.01
2026-09-20 03:49:25.151168,LINE-2-PACKAGING,75.29,1.97
2026-09-20 03:50:25.151168,LINE-2-PACKAGING,75.19,1.92
2026-09-20 03:51:25.151168,LINE-2-PACKAGING,75.0,1.79
2026-09-20 03:52:25.151168,LINE-2-PACKAGING,76.4,2.2
2026-09-20 03:53:25.151168,LINE-2-PACKAGING,73.83,1.93
2026-09-20 03:54:25.151168,LINE-2-PACKAGING,75.57,1.96
2026-09-20 03:55:25.151168,LINE-2-PACKAGING,74.56,1.99
2026-09-20 03:56:25.151168,LINE-2-PACKAGING,74.96,1.7
2026-09-20 03:57:25.151168,LINE-2-PACKAGING,74.51,1.94
2026-09-20 03:58:25.151168,LINE-2-PACKAGING,75.67,2.21
2026-09-20 03:59:25.151168,LINE-2-PACKAGING,77.33,1.96
2026-09-20 04:00:25.151168,LINE-2-PACKAGING,74.79,2.13
2026-09-20 04:01:25.151168,LINE-2-PACKAGING,75.36,1.8
2026-09-20 04:02:25.151168,LINE-2-PACKAGING,75.49,2.23
2026-09-20 04:03:25.151168,LINE-2-PACKAGING,74.69,1.75
2026-09-20 04:04:25.151168,LINE-2-PACKAGING,73.8,2.16
2026-09-20 04:05:25.151168,LINE-2-PACKAGING,74.35,2.18
2026-09-20 04:06:25.151168,LINE-2-PACKAGING,72.62,1.9
2026-09-20 04:07:25.151168,LINE-2-PACKAGING,75.35,2.03
2026-09-20 04:08:25.151168,LINE-2-PACKAGING,75.29,2.05
2026-09-20 04:09:25.151168,LINE-2-PACKAGING,75.19,1.9
2026-09-20 04:10:25.151168,LINE-2-PACKAGING,74.65,2.2
2026-09-20 04:11:25.151168,LINE-2-PACKAGING,75.11,2.03
2026-09-20 04:12:25.151168,LINE-2-PACKAGING,77.08,2.06
2026-09-20 04:13:25.151168,LINE-2-PACKAGING,74.02,1.88
2026-09-20 04:14:25.151168,LINE-2-PACKAGING,75.71,2.12
2026-09-20 04:15:25.151168,LINE-2-PACKAGING,74.92,2.13
2026-09-20 04:16:25.151168,LINE-2-PACKAGING,75.63,2.01
2026-09-20 04:17:25.151168,LINE-2-PACKAGING,74.47,1.64
2026-09-20 04:18:25.151168,LINE-2-PACKAGING,76.0,1.99
2026-09-20 04:19:25.151168,LINE-2-PACKAGING,74.32,2.2
2026-09-20 04:20:25.151168,LINE-2-PACKAGING,75.99,1.99
2026-09-20 04:21:25.151168,LINE-2-PACKAGING,74.81,2.25
2026-09-20 04:22:25.151168,LINE-2-PACKAGING,72.43,2.11
2026-09-20 04:23:25.151168,LINE-2-PACKAGING,74.45,2.2
2026-09-20 04:24:25.151168,LINE-2-PACKAGING,74.65,2.01
2026-09-20 04:25:25.151168,LINE-2-PACKAGING,75.71,1.79
2026-09-20 04:26:25.151168,LINE-2-PACKAGING,74.96,1.96
2026-09-20 04:27:25.151168,LINE-2-PACKAGING,73.94,2.1
2026-09-20 04:28:25.151168,LINE-2-PACKAGING,74.87,2.1
2026-09-20 04:29:25.151168,LINE-2-PACKAGING,77.76,2.17
2026-09-20 04:30:25.151168,LINE-2-PACKAGING,76.02,2.05
2026-09-20 04:31:25.151168,LINE-2-PACKAGING,75.95,1.88
2026-09-20 04:32:25.151168,LINE-2-PACKAGING,74.68,1.89
2026-09-20 04:33:25.151168,LINE-2-PACKAGING,75.21,2.29
2026-09-20 04:34:25.151168,LINE-2-PACKAGING,74.72,1.98
2026-09-20 04:35:25.151168,LINE-2-PACKAGING,74.59,1.83
2026-09-20 04:36:25.151168,LINE-2-PACKAGING,73.63,2.11
2026-09-20 04:37:25.151168,LINE-2-PACKAGING,75.47,1.85
2026-09-20 04:38:25.151168,LINE-2-PACKAGING,74.7,2.03
2026-09-20 04:39:25.151168,LINE-2-PACKAGING,75.08,1.94
2026-09-20 04:40:25.151168,LINE-2-PACKAGING,73.56,2.07
2026-09-20 04:41:25.151168,LINE-2-PACKAGING,75.96,2.02
2026-09-20 04:42:25.151168,LINE-2-PACKAGING,74.89,1.83
2026-09-20 04:43:25.151168,LINE-2-PACKAGING,75.08,2.15
2026-09-20 04:44:25.151168,LINE-2-PACKAGING,76.26,2.01
2026-09-20 04:45:25.151168,LINE-2-PACKAGING,75.15,1.92
2026-09-20 04:46:25.151168,LINE-2-PACKAGING,77.04,1.92
2026-09-20 04:47:25.151168,LINE-2-PACKAGING,73.65,2.14
2026-09-20 04:48:25.151168,LINE-2-PACKAGING,74.27,2.05
2026-09-20 04:49:25.151168,LINE-2-PACKAGING,75.02,1.76
2026-09-20 04:50:25.151168,LINE-2-PACKAGING,74.86,2.0
2026-09-20 04:51:25.151168,LINE-2-PACKAGING,74.53,1.53
2026-09-20 04:52:25.151168,LINE-2-PACKAGING,75.47,2.25
2026-09-20 04:53:25.151168,LINE-2-PACKAGING,75.37,2.26
2026-09-20 04:54:25.151168,LINE-2-PACKAGING,76.23,2.02
2026-09-20 04:55:25.151168,LINE-2-PACKAGING,73.83,1.76
2026-09-20 04:56:25.151168,LINE-2-PACKAGING,75.56,1.98
2026-09-20 04:57:25.151168,LINE-2-PACKAGING,75.86,1.7
2026-09-20 04:58:25.151168,LINE-2-PACKAGING,74.78,1.78
2026-09-20 04:59:25.151168,LINE-2-PACKAGING,74.56,1.86
2026-09-20 05:00:25.151168,LINE-2-PACKAGING,74.89,1.79
2026-09-20 05:01:25.151168,LINE-2-PACKAGING,75.28,1.9
2026-09-20 05:02:25.151168,LINE-2-PACKAGING,74.96,2.05
2026-09-20 05:03:25.151168,LINE-2-PACKAGING,75.11,1.85
2026-09-20 05:04:25.151168,LINE-2-PACKAGING,76.13,1.98
2026-09-20 05:05:25.151168,LINE-2-PACKAGING,72.7,1.71
2026-09-20 05:06:25.151168,LINE-2-PACKAGING,74.66,2.17
2026-09-20 05:07:25.151168,LINE-2-PACKAGING,74.72,1.94
2026-09-20 05:08:25.151168,LINE-2-PACKAGING,74.71,2.04
2026-09-20 05:09:25.151168,LINE-2-PACKAGING,73.61,1.69
2026-09-20 05:10:25.151168,LINE-2-PACKAGING,75.28,2.09
2026-09-20 05:11:25.151168,LINE-2-PACKAGING,74.59,2.22
2026-09-20 05:12:25.151168,LINE-2-PACKAGING,74.85,2.1
2026-09-20 05:13:25.151168,LINE-2-PACKAGING,73.91,1.73
2026-09-20 05:14:25.151168,LINE-2-PACKAGING,76.85,1.83
2026-09-20 05:15:25.151168,LINE-2-PACKAGING,74.48,2.06
2026-09-20 05:16:25.151168,LINE-2-PACKAGING,73.99,1.97
2026-09-20 05:17:25.151168,LINE-2-PACKAGING,74.42,2.12
2026-09-20 05:18:25.151168,LINE-2-PACKAGING,75.46,1.95
2026-09-20 05:19:25.151168,LINE-2-PACKAGING,73.91,1.98
2026-09-20 05:20:25.151168,LINE-2-PACKAGING,72.12,2.12
2026-09-20 05:21:25.151168,LINE-2-PACKAGING,75.0,2.12
2026-09-20 05:22:25.151168,LINE-2-PACKAGING,73.06,1.87
2026-09-20 05:23:25.151168,LINE-2-PACKAGING,74.85,1.95
2026-09-20 05:24:25.151168,LINE-2-PACKAGING,75.71,1.78
2026-09-20 05:25:25.151168,LINE-2-PACKAGING,73.85,1.85
2026-09-20 05:26:25.151168,LINE-2-PACKAGING,75.11,2.06
2026-09-20 05:27:25.151168,LINE-2-PACKAGING,74.7,1.78
2026-09-20 05:28:25.151168,LINE-2-PACKAGING,74.96,2.28
2026-09-20 05:29:25.151168,LINE-2-PACKAGING,75.28,2.01
2026-09-20 05:30:25.151168,LINE-2-PACKAGING,73.68,1.88
2026-09-20 05:31:25.151168,LINE-2-PACKAGING,74.24,2.1
2026-09-20 05:32:25.151168,LINE-2-PACKAGING,74.93,2.1
2026-09-20 05:33:25.151168,LINE-2-PACKAGING,74.25,1.93
2026-09-20 05:34:25.151168,LINE-2-PACKAGING,75.51,1.79
2026-09-20 05:35:25.151168,LINE-2-PACKAGING,75.25,1.9
2026-09-20 05:36:25.151168,LINE-2-PACKAGING,74.27,2.16
2026-09-20 05:37:25.151168,LINE-2-PACKAGING,74.55,1.92
2026-09-20 05:38:25.151168,LINE-2-PACKAGING,75.32,1.98
2026-09-20 05:39:25.151168,LINE-2-PACKAGING,75.33,1.91
2026-09-20 05:40:25.151168,LINE-2-PACKAGING,76.15,2.09
2026-09-20 05:41:25.151168,LINE-2-PACKAGING,76.42,2.07
2026-09-20 05:42:25.151168,LINE-2-PACKAGING,74.93,2.15
2026-09-20 05:43:25.151168,LINE-2-PACKAGING,75.31,1.91
2026-09-20 05:44:25.151168,LINE-2-PACKAGING,74.68,1.67
2026-09-20 05:45:25.151168,LINE-2-PACKAGING,76.56,2.1
2026-09-20 05:46:25.151168,LINE-2-PACKAGING,76.03,1.98
2026-09-20 05:47:25.151168,LINE-2-PACKAGING,75.81,2.08
2026-09-20 05:48:25.151168,LINE-2-PACKAGING,75.73,1.75
2026-09-20 05:49:25.151168,LINE-2-PACKAGING,73.51,1.57
2026-09-20 05:50:25.151168,LINE-2-PACKAGING,74.21,2.13
2026-09-20 05:51:25.151168,LINE-2-PACKAGING,75.09,2.27
2026-09-20 05:52:25.151168,LINE-2-PACKAGING,75.07,1.96
2026-09-20 05:53:25.151168,LINE-2-PACKAGING,75.22,2.08
2026-09-20 05:54:25.151168,LINE-2-PACKAGING,73.83,1.94
2026-09-20 05:55:25.151168,LINE-2-PACKAGING,76.36,1.64
2026-09-20 05:56:25.151168,LINE-2-PACKAGING,75.52,2.02
2026-09-20 05:57:25.151168,LINE-2-PACKAGING,74.84,2.05
2026-09-20 05:58:25.151168,LINE-2-PACKAGING,76.0,1.87
2026-09-20 05:59:25.151168,LINE-2-PACKAGING,75.48,2.11
2026-09-20 06:00:25.151168,LINE-2-PACKAGING,76.95,1.67
2026-09-20 06:01:25.151168,LINE-2-PACKAGING,75.26,2.16
2026-09-20 06:02:25.151168,LINE-2-PACKAGING,72.83,2.06
2026-09-20 06:03:25.151168,LINE-2-PACKAGING,73.3,1.9
2026-09-20 06:04:25.151168,LINE-2-PACKAGING,72.96,2.25
2026-09-20 06:05:25.151168,LINE-2-PACKAGING,75.8,2.23
2026-09-20 06:06:25.151168,LINE-2-PACKAGING,75.09,1.93
2026-09-20 06:07:25.151168,LINE-2-PACKAGING,74.68,2.01
2026-09-20 06:08:25.151168,LINE-2-PACKAGING,75.22,1.87
2026-09-20 06:09:25.151168,LINE-2-PACKAGING,74.3,2.06
2026-09-20 06:10:25.151168,LINE-2-PACKAGING,75.0,2.19
2026-09-20 06:11:25.151168,LINE-2-PACKAGING,75.17,1.83
2026-09-20 06:12:25.151168,LINE-2-PACKAGING,74.76,1.88
2026-09-20 06:13:25.151168,LINE-2-PACKAGING,74.08,1.95
2026-09-20 06:14:25.151168,LINE-2-PACKAGING,73.26,1.97
2026-09-20 06:15:25.151168,LINE-2-PACKAGING,75.41,2.2
2026-09-20 06:16:25.151168,LINE-2-PACKAGING,74.66,1.93
2026-09-20 06:17:25.151168,LINE-2-PACKAGING,75.52,1.91
2026-09-20 06:18:25.151168,LINE-2-PACKAGING,74.46,1.79
2026-09-20 06:19:25.151168,LINE-2-PACKAGING,76.35,2.15
2026-09-20 06:20:25.151168,LINE-2-PACKAGING,74.18,2.05
2026-09-20 06:21:25.151168,LINE-2-PACKAGING,74.97,2.09
2026-09-20 06:22:25.151168,LINE-2-PACKAGING,73.46,1.76
2026-09-20 06:23:25.151168,LINE-2-PACKAGING,73.6,2.2
2026-09-20 06:24:25.151168,LINE-2-PACKAGING,73.79,1.76
2026-09-20 06:25:25.151168,LINE-2-PACKAGING,74.66,2.02
2026-09-20 06:26:25.151168,LINE-2-PACKAGING,75.66,2.25
2026-09-20 06:27:25.151168,LINE-2-PACKAGING,74.79,1.71
2026-09-20 06:28:25.151168,LINE-2-PACKAGING,75.31,1.8
2026-09-20 06:29:25.151168,LINE-2-PACKAGING,75.88,1.95
2026-09-20 06:30:25.151168,LINE-2-PACKAGING,73.97,1.81
2026-09-20 06:31:25.151168,LINE-2-PACKAGING,75.33,2.07
2026-09-20 06:32:25.151168,LINE-2-PACKAGING,74.83,1.88
2026-09-20 06:33:25.151168,LINE-2-PACKAGING,73.73,2.01
2026-09-20 06:34:25.151168,LINE-2-PACKAGING,75.36,2.09
2026-09-20 06:35:25.151168,LINE-2-PACKAGING,76.39,2.11
2026-09-20 06:36:25.151168,LINE-2-PACKAGING,75.44,1.8
2026-09-20 06:37:25.151168,LINE-2-PACKAGING,76.28,1.8
2026-09-20 06:38:25.151168,LINE-2-PACKAGING,75.94,2.28
2026-09-20 06:39:25.151168,LINE-2-PACKAGING,75.12,1.86
2026-09-20 06:40:25.151168,LINE-2-PACKAGING,73.29,2.05
2026-09-20 06:41:25.151168,LINE-2-PACKAGING,76.31,1.84
2026-09-20 06:42:25.151168,LINE-2-PACKAGING,76.49,1.89
2026-09-20 06:43:25.151168,LINE-2-PACKAGING,73.68,1.96
2026-09-20 06:44:25.151168,LINE-2-PACKAGING,74.41,1.9
2026-09-20 06:45:25.151168,LINE-2-PACKAGING,74.67,2.1
2026-09-20 06:46:25.151168,LINE-2-PACKAGING,73.97,1.87
2026-09-20 06:47:25.151168,LINE-2-PACKAGING,75.27,1.92
2026-09-20 06:48:25.151168,LINE-2-PACKAGING,76.4,1.75
2026-09-20 06:49:25.151168,LINE-2-PACKAGING,76.84,1.82
2026-09-20 06:50:25.151168,LINE-2-PACKAGING,75.92,2.14
2026-09-20 06:51:25.151168,LINE-2-PACKAGING,75.28,1.84
2026-09-20 06:52:25.151168,LINE-2-PACKAGING,75.37,1.94
2026-09-20 06:53:25.151168,LINE-2-PACKAGING,74.36,2.32
2026-09-20 06:54:25.151168,LINE-2-PACKAGING,74.93,1.93
2026-09-20 06:55:25.151168,LINE-2-PACKAGING,75.88,1.95
2026-09-20 06:56:25.151168,LINE-2-PACKAGING,75.95,2.27
2026-09-20 06:57:25.151168,LINE-2-PACKAGING,74.19,2.06
2026-09-20 06:58:25.151168,LINE-2-PACKAGING,73.99,1.79
2026-09-20 06:59:25.151168,LINE-2-PACKAGING,74.73,2.0
2026-09-20 07:00:25.151168,LINE-2-PACKAGING,76.71,2.37
2026-09-20 07:01:25.151168,LINE-2-PACKAGING,73.58,1.9
2026-09-20 07:02:25.151168,LINE-2-PACKAGING,75.25,1.89
2026-09-20 07:03:25.151168,LINE-2-PACKAGING,75.36,1.8
2026-09-20 07:04:25.151168,LINE-2-PACKAGING,77.11,1.73
2026-09-20 07:05:25.151168,LINE-2-PACKAGING,73.1,1.85
2026-09-20 07:06:25.151168,LINE-2-PACKAGING,76.49,1.9
2026-09-20 07:07:25.151168,LINE-2-PACKAGING,73.13,2.08
2026-09-20 07:08:25.151168,LINE-2-PACKAGING,75.52,1.83
2026-09-20 07:09:25.151168,LINE-2-PACKAGING,74.0,1.65
2026-09-20 07:10:25.151168,LINE-2-PACKAGING,74.77,2.06
2026-09-20 07:11:25.151168,LINE-2-PACKAGING,75.13,1.93
2026-09-20 07:12:25.151168,LINE-2-PACKAGING,72.4,2.08
2026-09-20 07:13:25.151168,LINE-2-PACKAGING,77.87,2.01
2026-09-20 07:14:25.151168,LINE-2-PACKAGING,76.22,1.97
2026-09-20 07:15:25.151168,LINE-2-PACKAGING,75.53,1.97
2026-09-20 07:16:25.151168,LINE-2-PACKAGING,74.47,2.05
2026-09-20 07:17:25.151168,LINE-2-PACKAGING,75.89,2.0
2026-09-20 07:18:25.151168,LINE-2-PACKAGING,74.98,2.08
2026-09-20 07:19:25.151168,LINE-2-PACKAGING,74.5,1.92
2026-09-20 07:20:25.151168,LINE-2-PACKAGING,74.45,2.02
2026-09-20 07:21:25.151168,LINE-2-PACKAGING,75.11,1.95
2026-09-20 07:22:25.151168,LINE-2-PACKAGING,74.18,2.07
2026-09-20 07:23:25.151168,LINE-2-PACKAGING,76.62,1.95
2026-09-20 07:24:25.151168,LINE-2-PACKAGING,74.7,1.94
2026-09-20 07:25:25.151168,LINE-2-PACKAGING,74.98,2.17
2026-09-20 07:26:25.151168,LINE-2-PACKAGING,75.3,2.01
2026-09-20 07:27:25.151168,LINE-2-PACKAGING,74.14,1.98
2026-09-20 07:28:25.151168,LINE-2-PACKAGING,75.0,2.08
2026-09-20 07:29:25.151168,LINE-2-PACKAGING,75.0,1.97
2026-09-20 07:30:25.151168,LINE-2-PACKAGING,75.21,2.07
2026-09-20 07:31:25.151168,LINE-2-PACKAGING,73.35,1.85
2026-09-20 07:32:25.151168,LINE-2-PACKAGING,76.25,1.91
2026-09-20 07:33:25.151168,LINE-2-PACKAGING,74.55,1.93
2026-09-20 07:34:25.151168,LINE-2-PACKAGING,75.61,1.92
2026-09-20 07:35:25.151168,LINE-2-PACKAGING,75.35,1.94
2026-09-20 07:36:25.151168,LINE-2-PACKAGING,75.3,2.03
2026-09-20 07:37:25.151168,LINE-2-PACKAGING,74.43,2.05
2026-09-20 07:38:25.151168,LINE-2-PACKAGING,75.1,1.88
2026-09-20 07:39:25.151168,LINE-2-PACKAGING,74.86,1.9
2026-09-20 07:40:25.151168,LINE-2-PACKAGING,72.47,2.04
2026-09-20 07:41:25.151168,LINE-2-PACKAGING,74.6,1.89
2026-09-20 07:42:25.151168,LINE-2-PACKAGING,75.29,2.22
2026-09-20 07:43:25.151168,LINE-2-PACKAGING,75.3,2.04
2026-09-20 07:44:25.151168,LINE-2-PACKAGING,74.48,1.65
2026-09-20 07:45:25.151168,LINE-2-PACKAGING,75.14,1.87
2026-09-20 07:46:25.151168,LINE-2-PACKAGING,74.48,2.0
2026-09-20 07:47:25.151168,LINE-2-PACKAGING,76.32,2.14
2026-09-20 07:48:25.151168,LINE-2-PACKAGING,74.11,1.96
2026-09-20 07:49:25.151168,LINE-2-PACKAGING,75.13,1.79
2026-09-20 07:50:25.151168,LINE-2-PACKAGING,76.06,2.16
2026-09-20 07:51:25.151168,LINE-2-PACKAGING,74.63,1.84
2026-09-20 07:52:25.151168,LINE-2-PACKAGING,74.74,2.09
2026-09-20 07:53:25.151168,LINE-2-PACKAGING,75.07,2.13
2026-09-20 07:54:25.151168,LINE-2-PACKAGING,75.45,2.04
2026-09-20 07:55:25.151168,LINE-2-PACKAGING,76.43,2.29
2026-09-20 07:56:25.151168,LINE-2-PACKAGING,73.78,2.16
2026-09-20 07:57:25.151168,LINE-2-PACKAGING,74.63,2.08
2026-09-20 07:58:25.151168,LINE-2-PACKAGING,74.74,2.02
2026-09-20 07:59:25.151168,LINE-2-PACKAGING,75.42,1.95
2026-09-20 08:00:25.151168,LINE-2-PACKAGING,72.49,2.46
2026-09-20 08:01:25.151168,LINE-2-PACKAGING,74.13,1.84
2026-09-20 08:02:25.151168,LINE-2-PACKAGING,77.74,1.8
2026-09-20 08:03:25.151168,LINE-2-PACKAGING,75.02,1.7
2026-09-20 08:04:25.151168,LINE-2-PACKAGING,74.33,2.16
2026-09-20 08:05:25.151168,LINE-2-PACKAGING,77.08,1.88
2026-09-20 08:06:25.151168,LINE-2-PACKAGING,76.26,2.07
2026-09-20 08:07:25.151168,LINE-2-PACKAGING,75.51,1.99
2026-09-20 08:08:25.151168,LINE-2-PACKAGING,74.85,1.91
2026-09-20 08:09:25.151168,LINE-2-PACKAGING,75.61,1.88
2026-09-20 08:10:25.151168,LINE-2-PACKAGING,75.25,1.78
2026-09-20 08:11:25.151168,LINE-2-PACKAGING,74.81,1.92
2026-09-20 08:12:25.151168,LINE-2-PACKAGING,74.59,1.81
2026-09-20 08:13:25.151168,LINE-2-PACKAGING,74.91,1.95
2026-09-20 08:14:25.151168,LINE-2-PACKAGING,75.53,1.97
2026-09-20 08:15:25.151168,LINE-2-PACKAGING,73.51,2.23
2026-09-20 08:16:25.151168,LINE-2-PACKAGING,74.61,2.0
2026-09-20 08:17:25.151168,LINE-2-PACKAGING,75.18,1.89
2026-09-20 08:18:25.151168,LINE-2-PACKAGING,76.24,1.91
2026-09-20 08:19:25.151168,LINE-2-PACKAGING,76.56,2.02
2026-09-20 08:20:25.151168,LINE-2-PACKAGING,76.72,1.97
2026-09-20 08:21:25.151168,LINE-2-PACKAGING,75.92,1.95
2026-09-20 08:22:25.151168,LINE-2-PACKAGING,75.44,2.08
2026-09-20 08:23:25.151168,LINE-2-PACKAGING,75.03,1.86
2026-09-20 08:24:25.151168,LINE-2-PACKAGING,73.68,1.86
2026-09-20 08:25:25.151168,LINE-2-PACKAGING,76.36,2.02
2026-09-20 08:26:25.151168,LINE-2-PACKAGING,75.54,1.76
2026-09-20 08:27:25.151168,LINE-2-PACKAGING,74.85,2.2
2026-09-20 08:28:25.151168,LINE-2-PACKAGING,72.46,2.1
2026-09-20 08:29:25.151168,LINE-2-PACKAGING,73.6,2.07
2026-09-20 08:30:25.151168,LINE-2-PACKAGING,76.1,2.01
2026-09-20 08:31:25.151168,LINE-2-PACKAGING,74.86,1.91
2026-09-20 08:32:25.151168,LINE-2-PACKAGING,76.05,1.92
2026-09-20 08:33:25.151168,LINE-2-PACKAGING,72.79,1.81
2026-09-20 08:34:25.151168,LINE-2-PACKAGING,75.24,2.26
2026-09-20 08:35:25.151168,LINE-2-PACKAGING,74.85,1.83
2026-09-20 08:36:25.151168,LINE-2-PACKAGING,75.21,2.27
2026-09-20 08:37:25.151168,LINE-2-PACKAGING,74.7,2.1
2026-09-20 08:38:25.151168,LINE-2-PACKAGING,75.94,1.92
2026-09-20 08:39:25.151168,LINE-2-PACKAGING,74.68,1.98
2026-09-20 08:40:25.151168,LINE-2-PACKAGING,75.0,2.0
2026-09-20 08:41:25.151168,LINE-2-PACKAGING,73.93,2.14
2026-09-20 08:42:25.151168,LINE-2-PACKAGING,76.05,2.04
2026-09-20 08:43:25.151168,LINE-2-PACKAGING,73.06,1.93
2026-09-20 08:44:25.151168,LINE-2-PACKAGING,73.9,1.85
2026-09-20 08:45:25.151168,LINE-2-PACKAGING,75.09,2.01
2026-09-20 08:46:25.151168,LINE-2-PACKAGING,76.45,2.0
2026-09-20 08:47:25.151168,LINE-2-PACKAGING,74.89,1.86
2026-09-20 08:48:25.151168,LINE-2-PACKAGING,75.65,2.06
2026-09-20 08:49:25.151168,LINE-2-PACKAGING,73.19,2.06
2026-09-20 08:50:25.151168,LINE-2-PACKAGING,75.77,1.82
2026-09-20 08:51:25.151168,LINE-2-PACKAGING,74.77,2.01
2026-09-20 08:52:25.151168,LINE-2-PACKAGING,72.95,1.99
2026-09-20 08:53:25.151168,LINE-2-PACKAGING,74.06,1.97
2026-09-20 08:54:25.151168,LINE-2-PACKAGING,74.97,1.81
2026-09-20 08:55:25.151168,LINE-2-PACKAGING,73.97,1.95
2026-09-20 08:56:25.151168,LINE-2-PACKAGING,74.53,1.86
2026-09-20 08:57:25.151168,LINE-2-PACKAGING,74.38,2.05
2026-09-20 08:58:25.151168,LINE-2-PACKAGING,74.12,2.04
2026-09-20 08:59:25.151168,LINE-2-PACKAGING,75.52,2.04
2026-09-20 09:00:25.151168,LINE-2-PACKAGING,75.34,2.05
2026-09-20 09:01:25.151168,LINE-2-PACKAGING,74.65,2.22
2026-09-20 09:02:25.151168,LINE-2-PACKAGING,74.61,2.25
2026-09-20 09:03:25.151168,LINE-2-PACKAGING,74.33,1.97
2026-09-20 09:04:25.151168,LINE-2-PACKAGING,76.24,2.32
2026-09-20 09:05:25.151168,LINE-2-PACKAGING,76.43,1.82
2026-09-20 09:06:25.151168,LINE-2-PACKAGING,76.13,1.94
2026-09-20 09:07:25.151168,LINE-2-PACKAGING,73.74,1.82
2026-09-20 09:08:25.151168,LINE-2-PACKAGING,75.16,1.81
2026-09-20 09:09:25.151168,LINE-2-PACKAGING,76.03,1.75
2026-09-20 09:10:25.151168,LINE-2-PACKAGING,75.41,2.0
2026-09-20 09:11:25.151168,LINE-2-PACKAGING,73.24,2.11
2026-09-20 09:12:25.151168,LINE-2-PACKAGING,73.45,2.24
2026-09-20 09:13:25.151168,LINE-2-PACKAGING,77.12,2.12
2026-09-20 09:14:25.151168,LINE-2-PACKAGING,74.48,2.05
2026-09-20 09:15:25.151168,LINE-2-PACKAGING,74.03,2.0
2026-09-20 09:16:25.151168,LINE-2-PACKAGING,74.57,1.97
2026-09-20 09:17:25.151168,LINE-2-PACKAGING,74.38,1.88
2026-09-20 09:18:25.151168,LINE-2-PACKAGING,75.08,1.58
2026-09-20 09:19:25.151168,LINE-2-PACKAGING,75.56,2.13
2026-09-20 09:20:25.151168,LINE-2-PACKAGING,74.25,2.05
2026-09-20 09:21:25.151168,LINE-2-PACKAGING,74.26,1.77
2026-09-20 09:22:25.151168,LINE-2-PACKAGING,73.99,1.9
2026-09-20 09:23:25.151168,LINE-2-PACKAGING,76.27,2.24
2026-09-20 09:24:25.151168,LINE-2-PACKAGING,74.85,2.29
2026-09-20 09:25:25.151168,LINE-2-PACKAGING,74.7,2.02
2026-09-20 09:26:25.151168,LINE-2-PACKAGING,73.83,2.16
2026-09-20 09:27:25.151168,LINE-2-PACKAGING,75.44,2.1
2026-09-20 09:28:25.151168,LINE-2-PACKAGING,74.46,1.91
2026-09-20 09:29:25.151168,LINE-2-PACKAGING,73.72,1.89
2026-09-20 09:30:25.151168,LINE-2-PACKAGING,73.07,1.98
2026-09-20 09:31:25.151168,LINE-2-PACKAGING,75.68,2.25
2026-09-20 09:32:25.151168,LINE-2-PACKAGING,74.42,1.95
2026-09-20 09:33:25.151168,LINE-2-PACKAGING,74.77,1.88
2026-09-20 09:34:25.151168,LINE-2-PACKAGING,75.04,2.15
2026-09-20 09:35:25.151168,LINE-2-PACKAGING,74.8,1.71
2026-09-20 09:36:25.151168,LINE-2-PACKAGING,75.68,1.75
2026-09-20 09:37:25.151168,LINE-2-PACKAGING,74.01,2.21
2026-09-20 09:38:25.151168,LINE-2-PACKAGING,77.22,1.95
2026-09-20 09:39:25.151168,LINE-2-PACKAGING,75.85,1.83
2026-09-20 09:40:25.151168,LINE-2-PACKAGING,74.13,1.96
2026-09-20 09:41:25.151168,LINE-2-PACKAGING,73.53,2.05
2026-09-20 09:42:25.151168,LINE-2-PACKAGING,75.15,2.01
2026-09-20 09:43:25.151168,LINE-2-PACKAGING,76.11,2.13
2026-09-20 09:44:25.151168,LINE-2-PACKAGING,74.17,1.83
2026-09-20 09:45:25.151168,LINE-2-PACKAGING,74.11,1.95
2026-09-20 09:46:25.151168,LINE-2-PACKAGING,73.93,2.09
2026-09-20 09:47:25.151168,LINE-2-PACKAGING,76.93,2.05
2026-09-20 09:48:25.151168,LINE-2-PACKAGING,74.09,2.08
2026-09-20 09:49:25.151168,LINE-2-PACKAGING,74.56,2.2
2026-09-20 09:50:25.151168,LINE-2-PACKAGING,75.74,1.84
2026-09-20 09:51:25.151168,LINE-2-PACKAGING,76.74,1.92
2026-09-20 09:52:25.151168,LINE-2-PACKAGING,76.0,1.85
2026-09-20 09:53:25.151168,LINE-2-PACKAGING,74.52,2.06
2026-09-20 09:54:25.151168,LINE-2-PACKAGING,75.55,2.02
2026-09-20 09:55:25.151168,LINE-2-PACKAGING,75.55,2.0
2026-09-20 09:56:25.151168,LINE-2-PACKAGING,73.13,1.9
2026-09-20 09:57:25.151168,LINE-2-PACKAGING,75.69,1.99
2026-09-20 09:58:25.151168,LINE-2-PACKAGING,74.12,1.9
2026-09-20 09:59:25.151168,LINE-2-PACKAGING,75.52,2.13
2026-09-20 10:00:25.151168,LINE-2-PACKAGING,76.59,1.97
2026-09-20 10:01:25.151168,LINE-2-PACKAGING,74.78,2.21
2026-09-20 10:02:25.151168,LINE-2-PACKAGING,74.61,2.02
2026-09-20 10:03:25.151168,LINE-2-PACKAGING,74.96,1.85
2026-09-20 10:04:25.151168,LINE-2-PACKAGING,76.33,2.01
2026-09-20 10:05:25.151168,LINE-2-PACKAGING,73.5,2.24
2026-09-20 10:06:25.151168,LINE-2-PACKAGING,74.95,2.0
2026-09-20 10:07:25.151168,LINE-2-PACKAGING,75.6,2.03
2026-09-20 10:08:25.151168,LINE-2-PACKAGING,76.22,1.84
2026-09-20 10:09:25.151168,LINE-2-PACKAGING,76.03,2.09
2026-09-20 10:10:25.151168,LINE-2-PACKAGING,74.13,2.05
2026-09-20 10:11:25.151168,LINE-2-PACKAGING,75.54,2.12
2026-09-20 10:12:25.151168,LINE-2-PACKAGING,74.47,2.01
2026-09-20 10:13:25.151168,LINE-2-PACKAGING,74.59,1.88
2026-09-20 10:14:25.151168,LINE-2-PACKAGING,75.65,2.07
2026-09-20 10:15:25.151168,LINE-2-PACKAGING,73.91,2.43
2026-09-20 10:16:25.151168,LINE-2-PACKAGING,75.08,2.05
2026-09-20 10:17:25.151168,LINE-2-PACKAGING,73.9,2.12
2026-09-20 10:18:25.151168,LINE-2-PACKAGING,75.08,2.18
2026-09-20 10:19:25.151168,LINE-2-PACKAGING,75.2,2.14
2026-09-20 10:20:25.151168,LINE-2-PACKAGING,76.41,1.97
2026-09-20 10:21:25.151168,LINE-2-PACKAGING,75.1,2.24
2026-09-20 10:22:25.151168,LINE-2-PACKAGING,74.74,2.24
2026-09-20 10:23:25.151168,LINE-2-PACKAGING,74.36,2.23
2026-09-20 10:24:25.151168,LINE-2-PACKAGING,74.82,1.68
2026-09-20 10:25:25.151168,LINE-2-PACKAGING,73.5,2.03
2026-09-20 10:26:25.151168,LINE-2-PACKAGING,75.48,2.08
2026-09-20 10:27:25.151168,LINE-2-PACKAGING,73.93,1.94
2026-09-20 10:28:25.151168,LINE-2-PACKAGING,76.61,1.82
2026-09-20 10:29:25.151168,LINE-2-PACKAGING,73.45,1.74
2026-09-20 10:30:25.151168,LINE-2-PACKAGING,74.47,1.94
2026-09-20 10:31:25.151168,LINE-2-PACKAGING,73.62,2.18
2026-09-20 10:32:25.151168,LINE-2-PACKAGING,74.68,2.14
2026-09-20 10:33:25.151168,LINE-2-PACKAGING,75.56,1.87
2026-09-20 10:34:25.151168,LINE-2-PACKAGING,72.32,2.04
2026-09-20 10:35:25.151168,LINE-2-PACKAGING,74.77,2.12
2026-09-20 10:36:25.151168,LINE-2-PACKAGING,75.44,2.26
2026-09-20 10:37:25.151168,LINE-2-PACKAGING,75.71,2.1
2026-09-20 10:38:25.151168,LINE-2-PACKAGING,73.63,2.27
2026-09-20 10:39:25.151168,LINE-2-PACKAGING,74.64,2.17
2026-09-20 10:40:25.151168,LINE-2-PACKAGING,73.9,1.77
2026-09-20 10:41:25.151168,LINE-2-PACKAGING,74.76,1.82
2026-09-20 10:42:25.151168,LINE-2-PACKAGING,74.73,2.02
2026-09-20 10:43:25.151168,LINE-2-PACKAGING,74.18,1.83
2026-09-20 10:44:25.151168,LINE-2-PACKAGING,76.28,2.11
2026-09-20 10:45:25.151168,LINE-2-PACKAGING,73.88,1.97
2026-09-20 10:46:25.151168,LINE-2-PACKAGING,74.31,1.59
2026-09-20 10:47:25.151168,LINE-2-PACKAGING,75.81,1.98
2026-09-20 10:48:25.151168,LINE-2-PACKAGING,74.51,1.74
2026-09-20 10:49:25.151168,LINE-2-PACKAGING,74.36,1.99
2026-09-20 10:50:25.151168,LINE-2-PACKAGING,74.04,2.06
2026-09-20 10:51:25.151168,LINE-2-PACKAGING,75.08,2.15
2026-09-20 10:52:25.151168,LINE-2-PACKAGING,75.54,2.23
2026-09-20 10:53:25.151168,LINE-2-PACKAGING,74.31,2.0
2026-09-20 10:54:25.151168,LINE-2-PACKAGING,76.75,1.92
2026-09-20 10:55:25.151168,LINE-2-PACKAGING,74.84,2.16
2026-09-20 10:56:25.151168,LINE-2-PACKAGING,74.38,1.79
2026-09-20 10:57:25.151168,LINE-2-PACKAGING,75.88,2.08
2026-09-20 10:58:25.151168,LINE-2-PACKAGING,74.43,1.97
2026-09-20 10:59:25.151168,LINE-2-PACKAGING,75.83,1.79
2026-09-20 11:00:25.151168,LINE-2-PACKAGING,74.45,1.97
2026-09-20 11:01:25.151168,LINE-2-PACKAGING,72.28,1.88
2026-09-20 11:02:25.151168,LINE-2-PACKAGING,73.93,2.32
2026-09-20 11:03:25.151168,LINE-2-PACKAGING,76.09,2.03
2026-09-20 11:04:25.151168,LINE-2-PACKAGING,75.66,2.0
2026-09-20 11:05:25.151168,LINE-2-PACKAGING,76.12,1.84
2026-09-20 11:06:25.151168,LINE-2-PACKAGING,76.18,2.15
2026-09-20 11:07:25.151168,LINE-2-PACKAGING,74.63,2.11
2026-09-20 11:08:25.151168,LINE-2-PACKAGING,75.62,2.08
2026-09-20 11:09:25.151168,LINE-2-PACKAGING,74.96,2.06
2026-09-20 11:10:25.151168,LINE-2-PACKAGING,76.68,1.98
2026-09-20 11:11:25.151168,LINE-2-PACKAGING,75.37,1.89
2026-09-20 11:12:25.151168,LINE-2-PACKAGING,74.43,2.09
2026-09-20 11:13:25.151168,LINE-2-PACKAGING,75.52,1.83
2026-09-20 11:14:25.151168,LINE-2-PACKAGING,74.89,2.0
2026-09-20 11:15:25.151168,LINE-2-PACKAGING,76.09,1.87
2026-09-20 11:16:25.151168,LINE-2-PACKAGING,75.21,1.86
2026-09-20 11:17:25.151168,LINE-2-PACKAGING,74.46,2.02
2026-09-20 11:18:25.151168,LINE-2-PACKAGING,74.27,2.12
2026-09-20 11:19:25.151168,LINE-2-PACKAGING,76.9,2.09
2026-09-20 11:20:25.151168,LINE-2-PACKAGING,75.43,2.16
2026-09-20 11:21:25.151168,LINE-2-PACKAGING,73.85,2.09
2026-09-20 11:22:25.151168,LINE-2-PACKAGING,75.16,1.92
2026-09-20 11:23:25.151168,LINE-2-PACKAGING,74.73,1.91
2026-09-20 11:24:25.151168,LINE-2-PACKAGING,74.72,2.01
2026-09-20 11:25:25.151168,LINE-2-PACKAGING,73.9,1.91
2026-09-20 11:26:25.151168,LINE-2-PACKAGING,76.97,2.01
2026-09-20 11:27:25.151168,LINE-2-PACKAGING,76.91,1.9
2026-09-20 11:28:25.151168,LINE-2-PACKAGING,75.52,1.89
2026-09-20 11:29:25.151168,LINE-2-PACKAGING,75.86,1.92
2026-09-20 11:30:25.151168,LINE-2-PACKAGING,76.06,1.98
2026-09-20 11:31:25.151168,LINE-2-PACKAGING,74.06,2.01
2026-09-20 11:32:25.151168,LINE-2-PACKAGING,74.98,2.16
2026-09-20 11:33:25.151168,LINE-2-PACKAGING,74.99,2.02
2026-09-20 11:34:25.151168,LINE-2-PACKAGING,74.6,1.95
2026-09-20 11:35:25.151168,LINE-2-PACKAGING,75.92,1.91
2026-09-20 11:36:25.151168,LINE-2-PACKAGING,76.64,2.05
2026-09-20 11:37:25.151168,LINE-2-PACKAGING,74.34,2.27
2026-09-20 11:38:25.151168,LINE-2-PACKAGING,73.43,2.16
2026-09-20 11:39:25.151168,LINE-2-PACKAGING,72.58,1.9
2026-09-20 11:40:25.151168,LINE-2-PACKAGING,72.17,2.06
2026-09-20 11:41:25.151168,LINE-2-PACKAGING,74.83,2.19
2026-09-20 11:42:25.151168,LINE-2-PACKAGING,73.27,1.81
2026-09-20 11:43:25.151168,LINE-2-PACKAGING,75.82,2.19
2026-09-20 11:44:25.151168,LINE-2-PACKAGING,76.21,2.05
2026-09-20 11:45:25.151168,LINE-2-PACKAGING,74.6,2.01
2026-09-20 11:46:25.151168,LINE-2-PACKAGING,75.68,1.73
2026-09-20 11:47:25.151168,LINE-2-PACKAGING,75.62,2.05
2026-09-20 11:48:25.151168,LINE-2-PACKAGING,76.06,1.91
2026-09-20 11:49:25.151168,LINE-2-PACKAGING,74.12,2.05
2026-09-20 11:50:25.151168,LINE-2-PACKAGING,74.48,1.8
2026-09-20 11:51:25.151168,LINE-2-PACKAGING,74.1,2.07
2026-09-20 11:52:25.151168,LINE-2-PACKAGING,74.72,2.08
2026-09-20 11:53:25.151168,LINE-2-PACKAGING,73.94,1.62
2026-09-20 11:54:25.151168,LINE-2-PACKAGING,75.23,1.78
2026-09-20 11:55:25.151168,LINE-2-PACKAGING,75.47,2.08
2026-09-20 11:56:25.151168,LINE-2-PACKAGING,74.19,2.02
2026-09-20 11:57:25.151168,LINE-2-PACKAGING,74.07,2.04
2026-09-20 11:58:25.151168,LINE-2-PACKAGING,74.1,1.9
2026-09-20 11:59:25.151168,LINE-2-PACKAGING,73.61,2.03
2026-09-20 12:00:25.151168,LINE-2-PACKAGING,75.53,1.7
2026-09-20 12:01:25.151168,LINE-2-PACKAGING,75.33,2.16
2026-09-20 12:02:25.151168,LINE-2-PACKAGING,73.91,2.1
2026-09-20 12:03:25.151168,LINE-2-PACKAGING,75.58,1.83
2026-09-20 12:04:25.151168,LINE-2-PACKAGING,74.08,1.96
2026-09-20 12:05:25.151168,LINE-2-PACKAGING,76.12,1.97
2026-09-20 12:06:25.151168,LINE-2-PACKAGING,74.47,1.57
2026-09-20 12:07:25.151168,LINE-2-PACKAGING,75.16,1.99
2026-09-20 12:08:25.151168,LINE-2-PACKAGING,75.44,1.92
2026-09-20 12:09:25.151168,LINE-2-PACKAGING,75.27,1.91
2026-09-20 12:10:25.151168,LINE-2-PACKAGING,73.53,1.53
2026-09-20 12:11:25.151168,LINE-2-PACKAGING,75.2,1.92
2026-09-20 12:12:25.151168,LINE-2-PACKAGING,74.84,1.89
2026-09-20 12:13:25.151168,LINE-2-PACKAGING,76.47,2.24
2026-09-20 12:14:25.151168,LINE-2-PACKAGING,75.11,1.99
2026-09-20 12:15:25.151168,LINE-2-PACKAGING,74.34,1.82
2026-09-20 12:16:25.151168,LINE-2-PACKAGING,75.43,2.03
2026-09-20 12:17:25.151168,LINE-2-PACKAGING,74.96,2.0
2026-09-20 12:18:25.151168,LINE-2-PACKAGING,75.42,2.03
2026-09-20 12:19:25.151168,LINE-2-PACKAGING,75.28,2.08
2026-09-20 12:20:25.151168,LINE-2-PACKAGING,75.04,1.97
2026-09-20 12:21:25.151168,LINE-2-PACKAGING,74.78,2.03
2026-09-20 12:22:25.151168,LINE-2-PACKAGING,73.84,2.08
2026-09-20 12:23:25.151168,LINE-2-PACKAGING,75.07,1.89
2026-09-20 12:24:25.151168,LINE-2-PACKAGING,76.84,1.96
2026-09-20 12:25:25.151168,LINE-2-PACKAGING,74.74,1.98
2026-09-20 12:26:25.151168,LINE-2-PACKAGING,75.02,1.96
2026-09-20 12:27:25.151168,LINE-2-PACKAGING,74.52,2.46
2026-09-20 12:28:25.151168,LINE-2-PACKAGING,74.27,1.96
2026-09-20 12:29:25.151168,LINE-2-PACKAGING,76.67,2.06
2026-09-20 12:30:25.151168,LINE-2-PACKAGING,73.35,2.03
2026-09-20 12:31:25.151168,LINE-2-PACKAGING,76.76,1.92
2026-09-20 12:32:25.151168,LINE-2-PACKAGING,76.3,1.93
2026-09-20 12:33:25.151168,LINE-2-PACKAGING,74.72,1.88
2026-09-20 12:34:25.151168,LINE-2-PACKAGING,73.94,1.76
2026-09-20 12:35:25.151168,LINE-2-PACKAGING,75.5,1.87
2026-09-20 12:36:25.151168,LINE-2-PACKAGING,76.43,1.67
2026-09-20 12:37:25.151168,LINE-2-PACKAGING,76.29,2.18
2026-09-20 12:38:25.151168,LINE-2-PACKAGING,75.96,2.26
2026-09-20 12:39:25.151168,LINE-2-PACKAGING,73.61,1.98
2026-09-20 12:40:25.151168,LINE-2-PACKAGING,75.57,1.88
2026-09-20 12:41:25.151168,LINE-2-PACKAGING,75.1,2.08
2026-09-20 12:42:25.151168,LINE-2-PACKAGING,74.38,2.13
2026-09-20 12:43:25.151168,LINE-2-PACKAGING,73.06,2.24
2026-09-20 12:44:25.151168,LINE-2-PACKAGING,75.82,1.9
2026-09-20 12:45:25.151168,LINE-2-PACKAGING,74.4,1.81
2026-09-20 12:46:25.151168,LINE-2-PACKAGING,75.48,1.91
2026-09-20 12:47:25.151168,LINE-2-PACKAGING,73.88,1.86
2026-09-20 12:48:25.151168,LINE-2-PACKAGING,76.55,1.97
2026-09-20 12:49:25.151168,LINE-2-PACKAGING,75.54,1.85
2026-09-20 12:50:25.151168,LINE-2-PACKAGING,75.69,1.92
2026-09-20 12:51:25.151168,LINE-2-PACKAGING,75.92,1.74
2026-09-20 12:52:25.151168,LINE-2-PACKAGING,74.35,1.92
2026-09-20 12:53:25.151168,LINE-2-PACKAGING,76.98,1.63
2026-09-20 12:54:25.151168,LINE-2-PACKAGING,75.73,1.71
2026-09-20 12:55:25.151168,LINE-2-PACKAGING,74.69,1.95
2026-09-20 12:56:25.151168,LINE-2-PACKAGING,73.65,1.89
2026-09-20 12:57:25.151168,LINE-2-PACKAGING,75.42,1.75
2026-09-20 12:58:25.151168,LINE-2-PACKAGING,74.34,1.73
2026-09-20 12:59:25.151168,LINE-2-PACKAGING,73.2,2.1
2026-09-20 13:00:25.151168,LINE-2-PACKAGING,74.62,2.03
2026-09-20 13:01:25.151168,LINE-2-PACKAGING,74.07,1.83
2026-09-20 13:02:25.151168,LINE-2-PACKAGING,74.77,2.39
2026-09-20 13:03:25.151168,LINE-2-PACKAGING,74.99,2.26
2026-09-20 13:04:25.151168,LINE-2-PACKAGING,75.35,1.65
2026-09-20 13:05:25.151168,LINE-2-PACKAGING,74.95,1.75
2026-09-20 13:06:25.151168,LINE-2-PACKAGING,74.87,2.07
2026-09-20 13:07:25.151168,LINE-2-PACKAGING,74.85,1.95
2026-09-20 13:08:25.151168,LINE-2-PACKAGING,73.63,1.86
2026-09-20 13:09:25.151168,LINE-2-PACKAGING,76.44,1.91
2026-09-20 13:10:25.151168,LINE-2-PACKAGING,76.19,2.17
2026-09-20 13:11:25.151168,LINE-2-PACKAGING,74.13,1.81
2026-09-20 13:12:25.151168,LINE-2-PACKAGING,75.58,1.73
2026-09-20 13:13:25.151168,LINE-2-PACKAGING,73.7,1.84
2026-09-20 13:14:25.151168,LINE-2-PACKAGING,74.95,2.03
2026-09-20 13:15:25.151168,LINE-2-PACKAGING,74.55,2.17
2026-09-20 13:16:25.151168,LINE-2-PACKAGING,74.55,2.01
2026-09-20 13:17:25.151168,LINE-2-PACKAGING,73.76,1.8
2026-09-20 13:18:25.151168,LINE-2-PACKAGING,74.02,2.1
2026-09-20 13:19:25.151168,LINE-2-PACKAGING,74.89,2.06
2026-09-20 13:20:25.151168,LINE-2-PACKAGING,76.6,2.02
2026-09-20 13:21:25.151168,LINE-2-PACKAGING,74.17,1.84
2026-09-20 13:22:25.151168,LINE-2-PACKAGING,74.44,2.1
2026-09-20 13:23:25.151168,LINE-2-PACKAGING,75.61,1.86
2026-09-20 13:24:25.151168,LINE-2-PACKAGING,76.18,2.19
2026-09-20 13:25:25.151168,LINE-2-PACKAGING,75.03,2.22
2026-09-20 13:26:25.151168,LINE-2-PACKAGING,75.61,2.16
2026-09-20 13:27:25.151168,LINE-2-PACKAGING,74.82,2.11
2026-09-20 13:28:25.151168,LINE-2-PACKAGING,74.43,1.94
2026-09-20 13:29:25.151168,LINE-2-PACKAGING,75.43,2.4
2026-09-20 13:30:25.151168,LINE-2-PACKAGING,76.12,2.12
2026-09-20 13:31:25.151168,LINE-2-PACKAGING,74.7,2.0
2026-09-20 13:32:25.151168,LINE-2-PACKAGING,76.69,2.13
2026-09-20 13:33:25.151168,LINE-2-PACKAGING,75.53,1.86
2026-09-20 13:34:25.151168,LINE-2-PACKAGING,73.28,1.89
2026-09-20 13:35:25.151168,LINE-2-PACKAGING,74.3,1.81
2026-09-20 13:36:25.151168,LINE-2-PACKAGING,75.49,2.11
2026-09-20 13:37:25.151168,LINE-2-PACKAGING,76.13,2.0
2026-09-20 13:38:25.151168,LINE-2-PACKAGING,73.75,2.06
2026-09-20 13:39:25.151168,LINE-2-PACKAGING,74.76,2.0
2026-09-20 13:40:25.151168,LINE-2-PACKAGING,74.68,1.62
2026-09-20 13:41:25.151168,LINE-2-PACKAGING,76.41,2.22
2026-09-20 13:42:25.151168,LINE-2-PACKAGING,73.89,1.69
2026-09-20 13:43:25.151168,LINE-2-PACKAGING,75.0,1.96
2026-09-20 13:44:25.151168,LINE-2-PACKAGING,74.19,2.11
2026-09-20 13:45:25.151168,LINE-2-PACKAGING,76.16,2.24
2026-09-20 13:46:25.151168,LINE-2-PACKAGING,77.52,1.89
2026-09-20 13:47:25.151168,LINE-2-PACKAGING,76.12,1.96
2026-09-20 13:48:25.151168,LINE-2-PACKAGING,74.19,2.03
2026-09-20 13:49:25.151168,LINE-2-PACKAGING,75.89,1.7
2026-09-20 13:50:25.151168,LINE-2-PACKAGING,75.07,1.94
2026-09-20 13:51:25.151168,LINE-2-PACKAGING,74.18,1.49
2026-09-20 13:52:25.151168,LINE-2-PACKAGING,74.47,2.16
2026-09-20 13:53:25.151168,LINE-2-PACKAGING,75.27,2.06
2026-09-20 13:54:25.151168,LINE-2-PACKAGING,75.96,2.1
2026-09-20 13:55:25.151168,LINE-2-PACKAGING,74.53,2.05
2026-09-20 13:56:25.151168,LINE-2-PACKAGING,75.24,2.17
2026-09-20 13:57:25.151168,LINE-2-PACKAGING,75.0,2.11
2026-09-20 13:58:25.151168,LINE-2-PACKAGING,75.83,1.96
2026-09-20 13:59:25.151168,LINE-2-PACKAGING,75.8,2.0
2026-09-20 14:00:25.151168,LINE-2-PACKAGING,75.92,2.3
2026-09-20 14:01:25.151168,LINE-2-PACKAGING,73.98,1.99
2026-09-20 14:02:25.151168,LINE-2-PACKAGING,74.96,1.75
2026-09-20 14:03:25.151168,LINE-2-PACKAGING,75.21,1.97
2026-09-20 14:04:25.151168,LINE-2-PACKAGING,77.33,1.99
2026-09-20 14:05:25.151168,LINE-2-PACKAGING,75.26,2.15
2026-09-20 14:06:25.151168,LINE-2-PACKAGING,75.5,2.11
2026-09-20 14:07:25.151168,LINE-2-PACKAGING,74.91,2.16
2026-09-20 14:08:25.151168,LINE-2-PACKAGING,75.14,2.15
2026-09-20 14:09:25.151168,LINE-2-PACKAGING,75.44,1.97
2026-09-20 14:10:25.151168,LINE-2-PACKAGING,74.33,2.11
2026-09-20 14:11:25.151168,LINE-2-PACKAGING,75.55,1.97
2026-09-20 14:12:25.151168,LINE-2-PACKAGING,75.0,2.03
2026-09-20 14:13:25.151168,LINE-2-PACKAGING,74.62,2.27
2026-09-20 14:14:25.151168,LINE-2-PACKAGING,75.79,1.86
2026-09-20 14:15:25.151168,LINE-2-PACKAGING,74.48,1.87
2026-09-20 14:16:25.151168,LINE-2-PACKAGING,75.53,2.28
2026-09-20 14:17:25.151168,LINE-2-PACKAGING,72.93,2.11
2026-09-20 14:18:25.151168,LINE-2-PACKAGING,74.46,2.08
2026-09-20 14:19:25.151168,LINE-2-PACKAGING,74.87,1.72
2026-09-20 14:20:25.151168,LINE-2-PACKAGING,74.47,1.95
2026-09-20 14:21:25.151168,LINE-2-PACKAGING,74.48,1.96
2026-09-20 14:22:25.151168,LINE-2-PACKAGING,74.47,1.92
2026-09-20 14:23:25.151168,LINE-2-PACKAGING,73.48,1.73
2026-09-20 14:24:25.151168,LINE-2-PACKAGING,76.09,2.15
2026-09-20 14:25:25.151168,LINE-2-PACKAGING,76.93,1.93
2026-09-20 14:26:25.151168,LINE-2-PACKAGING,74.71,1.94
2026-09-20 14:27:25.151168,LINE-2-PACKAGING,76.12,1.92
2026-09-20 14:28:25.151168,LINE-2-PACKAGING,75.02,2.08
2026-09-20 14:29:25.151168,LINE-2-PACKAGING,75.46,1.99
2026-09-20 14:30:25.151168,LINE-2-PACKAGING,75.02,1.98
2026-09-20 14:31:25.151168,LINE-2-PACKAGING,75.15,2.09
2026-09-20 14:32:25.151168,LINE-2-PACKAGING,76.31,1.72
2026-09-20 14:33:25.151168,LINE-2-PACKAGING,74.18,1.83
2026-09-20 14:34:25.151168,LINE-2-PACKAGING,75.91,1.65
2026-09-20 14:35:25.151168,LINE-2-PACKAGING,75.23,1.92
2026-09-20 14:36:25.151168,LINE-2-PACKAGING,74.87,2.17
2026-09-20 14:37:25.151168,LINE-2-PACKAGING,74.24,1.72
2026-09-20 14:38:25.151168,LINE-2-PACKAGING,75.08,2.08
2026-09-20 14:39:25.151168,LINE-2-PACKAGING,74.54,1.95
2026-09-20 14:40:25.151168,LINE-2-PACKAGING,73.74,1.93
2026-09-20 14:41:25.151168,LINE-2-PACKAGING,73.97,2.0
2026-09-20 14:42:25.151168,LINE-2-PACKAGING,76.1,1.82
2026-09-20 14:43:25.151168,LINE-2-PACKAGING,75.54,1.73
2026-09-20 14:44:25.151168,LINE-2-PACKAGING,74.74,2.09
2026-09-20 14:45:25.151168,LINE-2-PACKAGING,75.78,1.65
2026-09-20 14:46:25.151168,LINE-2-PACKAGING,76.35,2.15
2026-09-20 14:47:25.151168,LINE-2-PACKAGING,75.31,2.09
2026-09-20 14:48:25.151168,LINE-2-PACKAGING,73.41,2.02
2026-09-20 14:49:25.151168,LINE-2-PACKAGING,75.97,1.9
2026-09-20 14:50:25.151168,LINE-2-PACKAGING,76.27,1.97
2026-09-20 14:51:25.151168,LINE-2-PACKAGING,74.3,1.73
2026-09-20 14:52:25.151168,LINE-2-PACKAGING,75.8,1.85
2026-09-20 14:53:25.151168,LINE-2-PACKAGING,75.01,2.07
2026-09-20 14:54:25.151168,LINE-2-PACKAGING,76.2,1.72
2026-09-20 14:55:25.151168,LINE-2-PACKAGING,75.94,1.97
2026-09-20 14:56:25.151168,LINE-2-PACKAGING,74.54,1.93
2026-09-20 14:57:25.151168,LINE-2-PACKAGING,74.8,1.97
2026-09-20 14:58:25.151168,LINE-2-PACKAGING,74.49,2.01
2026-09-20 14:59:25.151168,LINE-2-PACKAGING,73.44,2.28
2026-09-20 15:00:25.151168,LINE-2-PACKAGING,74.5,1.83
2026-09-20 15:01:25.151168,LINE-2-PACKAGING,75.04,2.14
2026-09-20 15:02:25.151168,LINE-2-PACKAGING,73.28,2.22
2026-09-20 15:03:25.151168,LINE-2-PACKAGING,75.96,1.96
2026-09-20 15:04:25.151168,LINE-2-PACKAGING,76.15,1.96
2026-09-20 15:05:25.151168,LINE-2-PACKAGING,75.3,2.05
2026-09-20 15:06:25.151168,LINE-2-PACKAGING,75.25,1.97
2026-09-20 15:07:25.151168,LINE-2-PACKAGING,74.39,1.84
2026-09-20 15:08:25.151168,LINE-2-PACKAGING,76.45,2.0
2026-09-20 15:09:25.151168,LINE-2-PACKAGING,74.92,2.17
2026-09-20 15:10:25.151168,LINE-2-PACKAGING,73.03,1.79
2026-09-20 15:11:25.151168,LINE-2-PACKAGING,75.32,1.95
2026-09-20 15:12:25.151168,LINE-2-PACKAGING,74.64,2.29
2026-09-20 15:13:25.151168,LINE-2-PACKAGING,74.39,1.85
2026-09-20 15:14:25.151168,LINE-2-PACKAGING,75.26,1.71
2026-09-20 15:15:25.151168,LINE-2-PACKAGING,76.13,2.07
2026-09-20 15:16:25.151168,LINE-2-PACKAGING,75.55,2.18
2026-09-20 15:17:25.151168,LINE-2-PACKAGING,74.73,2.06
2026-09-20 15:18:25.151168,LINE-2-PACKAGING,74.32,2.11
2026-09-20 15:19:25.151168,LINE-2-PACKAGING,73.45,1.75
2026-09-20 15:20:25.151168,LINE-2-PACKAGING,75.27,1.94
2026-09-20 15:21:25.151168,LINE-2-PACKAGING,74.9,1.83
2026-09-20 15:22:25.151168,LINE-2-PACKAGING,73.89,1.9
2026-09-20 15:23:25.151168,LINE-2-PACKAGING,74.83,2.0
2026-09-20 15:24:25.151168,LINE-2-PACKAGING,74.55,1.98
2026-09-20 15:25:25.151168,LINE-2-PACKAGING,73.6,2.01
2026-09-20 15:26:25.151168,LINE-2-PACKAGING,76.27,1.8
2026-09-20 15:27:25.151168,LINE-2-PACKAGING,73.88,2.12
2026-09-20 15:28:25.151168,LINE-2-PACKAGING,75.6,1.79
2026-09-20 15:29:25.151168,LINE-2-PACKAGING,75.09,1.94
2026-09-20 15:30:25.151168,LINE-2-PACKAGING,75.97,1.96
2026-09-20 15:31:25.151168,LINE-2-PACKAGING,76.11,1.92
2026-09-20 15:32:25.151168,LINE-2-PACKAGING,72.6,2.14
2026-09-20 15:33:25.151168,LINE-2-PACKAGING,76.45,1.93
2026-09-20 15:34:25.151168,LINE-2-PACKAGING,74.73,1.95
2026-09-20 15:35:25.151168,LINE-2-PACKAGING,76.87,2.17
2026-09-20 15:36:25.151168,LINE-2-PACKAGING,73.73,1.96
2026-09-20 15:37:25.151168,LINE-2-PACKAGING,74.54,2.18
2026-09-20 15:38:25.151168,LINE-2-PACKAGING,76.49,2.0
2026-09-20 15:39:25.151168,LINE-2-PACKAGING,74.65,2.14
2026-09-20 15:40:25.151168,LINE-2-PACKAGING,76.07,1.9
2026-09-20 15:41:25.151168,LINE-2-PACKAGING,75.13,1.93
2026-09-20 15:42:25.151168,LINE-2-PACKAGING,73.08,1.84
2026-09-20 15:43:25.151168,LINE-2-PACKAGING,74.78,2.07
2026-09-20 15:44:25.151168,LINE-2-PACKAGING,74.77,1.98
2026-09-20 15:45:25.151168,LINE-2-PACKAGING,75.33,1.82
2026-09-20 15:46:25.151168,LINE-2-PACKAGING,74.79,1.97
2026-09-20 15:47:25.151168,LINE-2-PACKAGING,74.12,2.03
2026-09-20 15:48:25.151168,LINE-2-PACKAGING,75.37,2.0
2026-09-20 15:49:25.151168,LINE-2-PACKAGING,75.83,1.98
2026-09-20 15:50:25.151168,LINE-2-PACKAGING,74.93,1.99
2026-09-20 15:51:25.151168,LINE-2-PACKAGING,74.58,1.87
2026-09-20 15:52:25.151168,LINE-2-PACKAGING,73.84,1.99
2026-09-20 15:53:25.151168,LINE-2-PACKAGING,73.78,2.02
2026-09-20 15:54:25.151168,LINE-2-PACKAGING,75.8,2.21
2026-09-20 15:55:25.151168,LINE-2-PACKAGING,77.26,2.1
2026-09-20 15:56:25.151168,LINE-2-PACKAGING,76.75,2.15
2026-09-20 15:57:25.151168,LINE-2-PACKAGING,74.87,2.05
2026-09-20 15:58:25.151168,LINE-2-PACKAGING,75.01,1.68
2026-09-20 15:59:25.151168,LINE-2-PACKAGING,74.33,2.25
2026-09-20 16:00:25.151168,LINE-2-PACKAGING,75.75,2.43
2026-09-20 16:01:25.151168,LINE-2-PACKAGING,75.03,2.18
2026-09-20 16:02:25.151168,LINE-2-PACKAGING,75.95,1.91
2026-09-20 16:03:25.151168,LINE-2-PACKAGING,75.0,2.17
2026-09-20 16:04:25.151168,LINE-2-PACKAGING,74.02,1.86
2026-09-20 16:05:25.151168,LINE-2-PACKAGING,76.43,2.03
2026-09-20 16:06:25.151168,LINE-2-PACKAGING,75.02,2.14
2026-09-20 16:07:25.151168,LINE-2-PACKAGING,76.24,1.82
2026-09-20 16:08:25.151168,LINE-2-PACKAGING,74.02,2.03
2026-09-20 16:09:25.151168,LINE-2-PACKAGING,76.31,1.98
2026-09-20 16:10:25.151168,LINE-2-PACKAGING,74.81,2.1
2026-09-20 16:11:25.151168,LINE-2-PACKAGING,76.03,2.38
2026-09-20 16:12:25.151168,LINE-2-PACKAGING,75.74,2.03
2026-09-20 16:13:25.151168,LINE-2-PACKAGING,75.6,1.97
2026-09-20 16:14:25.151168,LINE-2-PACKAGING,74.74,1.95
2026-09-20 16:15:25.151168,LINE-2-PACKAGING,74.45,1.89
2026-09-20 16:16:25.151168,LINE-2-PACKAGING,75.46,2.01
2026-09-20 16:17:25.151168,LINE-2-PACKAGING,75.3,1.94
2026-09-20 16:18:25.151168,LINE-2-PACKAGING,75.12,2.37
2026-09-20 16:19:25.151168,LINE-2-PACKAGING,75.64,2.3
2026-09-20 16:20:25.151168,LINE-2-PACKAGING,74.93,2.09
2026-09-20 16:21:25.151168,LINE-2-PACKAGING,74.57,1.96
2026-09-20 16:22:25.151168,LINE-2-PACKAGING,75.4,1.97
2026-09-20 16:23:25.151168,LINE-2-PACKAGING,75.37,1.81
2026-09-20 16:24:25.151168,LINE-2-PACKAGING,75.26,1.96
2026-09-20 16:25:25.151168,LINE-2-PACKAGING,76.06,2.01
2026-09-20 16:26:25.151168,LINE-2-PACKAGING,75.73,2.05
2026-09-20 16:27:25.151168,LINE-2-PACKAGING,75.46,2.1
2026-09-20 16:28:25.151168,LINE-2-PACKAGING,75.88,2.12
2026-09-20 16:29:25.151168,LINE-2-PACKAGING,74.64,2.27
2026-09-20 16:30:25.151168,LINE-2-PACKAGING,75.04,2.19
2026-09-20 16:31:25.151168,LINE-2-PACKAGING,74.52,2.05
2026-09-20 16:32:25.151168,LINE-2-PACKAGING,75.31,2.07
2026-09-20 16:33:25.151168,LINE-2-PACKAGING,74.84,1.97
2026-09-20 16:34:25.151168,LINE-2-PACKAGING,77.86,1.88
2026-09-20 16:35:25.151168,LINE-2-PACKAGING,75.12,1.92
2026-09-20 16:36:25.151168,LINE-2-PACKAGING,74.96,1.87
2026-09-20 16:37:25.151168,LINE-2-PACKAGING,74.84,2.16
2026-09-20 16:38:25.151168,LINE-2-PACKAGING,76.57,1.95
2026-09-20 16:39:25.151168,LINE-2-PACKAGING,75.14,1.69
2026-09-20 16:40:25.151168,LINE-2-PACKAGING,74.59,2.04
2026-09-20 16:41:25.151168,LINE-2-PACKAGING,75.5,2.4
2026-09-20 16:42:25.151168,LINE-2-PACKAGING,75.97,1.97
2026-09-20 16:43:25.151168,LINE-2-PACKAGING,72.53,1.84
2026-09-20 16:44:25.151168,LINE-2-PACKAGING,73.97,1.98
2026-09-20 16:45:25.151168,LINE-2-PACKAGING,74.94,2.19
2026-09-20 16:46:25.151168,LINE-2-PACKAGING,74.43,1.95
2026-09-20 16:47:25.151168,LINE-2-PACKAGING,74.53,2.1
2026-09-20 16:48:25.151168,LINE-2-PACKAGING,75.53,1.95
2026-09-20 16:49:25.151168,LINE-2-PACKAGING,76.8,2.26
2026-09-20 16:50:25.151168,LINE-2-PACKAGING,75.02,2.08
2026-09-20 16:51:25.151168,LINE-2-PACKAGING,74.56,1.99
2026-09-20 16:52:25.151168,LINE-2-PACKAGING,75.03,1.8
2026-09-20 16:53:25.151168,LINE-2-PACKAGING,75.94,1.95
2026-09-20 16:54:25.151168,LINE-2-PACKAGING,75.62,2.26
2026-09-20 16:55:25.151168,LINE-2-PACKAGING,75.12,2.09
2026-09-20 16:56:25.151168,LINE-2-PACKAGING,74.33,1.74
2026-09-20 16:57:25.151168,LINE-2-PACKAGING,74.26,2.07
2026-09-20 16:58:25.151168,LINE-2-PACKAGING,76.36,1.86
2026-09-20 16:59:25.151168,LINE-2-PACKAGING,74.42,2.04
2026-09-20 17:00:25.151168,LINE-2-PACKAGING,74.78,2.06
2026-09-20 17:01:25.151168,LINE-2-PACKAGING,75.13,1.88
2026-09-20 17:02:25.151168,LINE-2-PACKAGING,75.9,2.1
2026-09-20 17:03:25.151168,LINE-2-PACKAGING,74.38,2.16
2026-09-20 17:04:25.151168,LINE-2-PACKAGING,74.34,2.02
2026-09-20 17:05:25.151168,LINE-2-PACKAGING,75.32,1.86
2026-09-20 17:06:25.151168,LINE-2-PACKAGING,74.18,1.85
2026-09-20 17:07:25.151168,LINE-2-PACKAGING,75.88,1.85
2026-09-20 17:08:25.151168,LINE-2-PACKAGING,74.01,1.9
2026-09-20 17:09:25.151168,LINE-2-PACKAGING,76.19,1.97
2026-09-20 17:10:25.151168,LINE-2-PACKAGING,75.03,1.96
2026-09-20 17:11:25.151168,LINE-2-PACKAGING,73.88,1.97
2026-09-20 17:12:25.151168,LINE-2-PACKAGING,76.01,2.08
2026-09-20 17:13:25.151168,LINE-2-PACKAGING,75.84,2.13
2026-09-20 17:14:25.151168,LINE-2-PACKAGING,73.71,1.81
2026-09-20 17:15:25.151168,LINE-2-PACKAGING,74.23,2.0
2026-09-20 17:16:25.151168,LINE-2-PACKAGING,75.47,1.82
2026-09-20 17:17:25.151168,LINE-2-PACKAGING,74.12,2.14
2026-09-20 17:18:25.151168,LINE-2-PACKAGING,74.3,2.13
2026-09-20 17:19:25.151168,LINE-2-PACKAGING,75.5,2.16
2026-09-20 17:20:25.151168,LINE-2-PACKAGING,74.91,1.8
2026-09-20 17:21:25.151168,LINE-2-PACKAGING,74.86,1.84
2026-09-20 17:22:25.151168,LINE-2-PACKAGING,72.81,1.91
2026-09-20 17:23:25.151168,LINE-2-PACKAGING,74.1,1.54
2026-09-20 17:24:25.151168,LINE-2-PACKAGING,74.98,1.96
2026-09-20 17:25:25.151168,LINE-2-PACKAGING,74.83,2.18
2026-09-20 17:26:25.151168,LINE-2-PACKAGING,76.58,1.99
2026-09-20 17:27:25.151168,LINE-2-PACKAGING,76.41,2.03
2026-09-20 17:28:25.151168,LINE-2-PACKAGING,77.61,2.15
2026-09-20 17:29:25.151168,LINE-2-PACKAGING,75.89,2.32
2026-09-20 17:30:25.151168,LINE-2-PACKAGING,75.31,1.94
2026-09-20 17:31:25.151168,LINE-2-PACKAGING,75.29,1.84
2026-09-20 17:32:25.151168,LINE-2-PACKAGING,75.44,2.01
2026-09-20 17:33:25.151168,LINE-2-PACKAGING,74.37,2.14
2026-09-20 17:34:25.151168,LINE-2-PACKAGING,73.63,2.14
2026-09-20 17:35:25.151168,LINE-2-PACKAGING,75.72,2.07
2026-09-20 17:36:25.151168,LINE-2-PACKAGING,75.51,2.03
2026-09-20 17:37:25.151168,LINE-2-PACKAGING,75.35,2.29
2026-09-20 17:38:25.151168,LINE-2-PACKAGING,76.18,2.11
2026-09-20 17:39:25.151168,LINE-2-PACKAGING,75.88,1.98
2026-09-20 17:40:25.151168,LINE-2-PACKAGING,74.93,2.15
2026-09-20 17:41:25.151168,LINE-2-PACKAGING,73.69,2.03
2026-09-20 17:42:25.151168,LINE-2-PACKAGING,73.77,2.33
2026-09-20 17:43:25.151168,LINE-2-PACKAGING,74.44,2.05
2026-09-20 17:44:25.151168,LINE-2-PACKAGING,75.63,2.03
2026-09-20 17:45:25.151168,LINE-2-PACKAGING,88.86,2.5
2026-09-20 17:46:25.151168,LINE-2-PACKAGING,86.1,2.59
2026-09-20 17:47:25.151168,LINE-2-PACKAGING,86.49,2.28
2026-09-20 17:48:25.151168,LINE-2-PACKAGING,85.77,2.49
2026-09-20 17:49:25.151168,LINE-2-PACKAGING,87.4,2.5
2026-09-20 17:50:25.151168,LINE-2-PACKAGING,86.63,2.4
2026-09-20 17:51:25.151168,LINE-2-PACKAGING,86.65,2.22
2026-09-20 17:52:25.151168,LINE-2-PACKAGING,86.03,2.1
2026-09-20 17:53:25.151168,LINE-2-PACKAGING,85.8,2.51
2026-09-20 17:54:25.151168,LINE-2-PACKAGING,85.68,2.44
2026-09-20 17:55:25.151168,LINE-2-PACKAGING,85.17,2.43
2026-09-20 17:56:25.151168,LINE-2-PACKAGING,87.44,2.39
2026-09-20 17:57:25.151168,LINE-2-PACKAGING,86.68,2.13
2026-09-20 17:58:25.151168,LINE-2-PACKAGING,85.44,2.56
2026-09-20 17:59:25.151168,LINE-2-PACKAGING,86.35,2.26
2026-09-20 18:00:25.151168,LINE-2-PACKAGING,87.59,2.67
2026-09-20 18:01:25.151168,LINE-2-PACKAGING,85.68,2.29
2026-09-20 18:02:25.151168,LINE-2-PACKAGING,86.91,2.18
2026-09-20 18:03:25.151168,LINE-2-PACKAGING,86.36,2.44
2026-09-20 18:04:25.151168,LINE-2-PACKAGING,88.57,1.99
2026-09-20 18:05:25.151168,LINE-2-PACKAGING,85.98,2.35
2026-09-20 18:06:25.151168,LINE-2-PACKAGING,86.39,2.46
2026-09-20 18:07:25.151168,LINE-2-PACKAGING,85.84,2.39
2026-09-20 18:08:25.151168,LINE-2-PACKAGING,86.53,2.36
2026-09-20 18:09:25.151168,LINE-2-PACKAGING,86.64,2.14
2026-09-20 18:10:25.151168,LINE-2-PACKAGING,87.59,2.33
2026-09-20 18:11:25.151168,LINE-2-PACKAGING,85.7,2.23
2026-09-20 18:12:25.151168,LINE-2-PACKAGING,85.53,2.51
2026-09-20 18:13:25.151168,LINE-2-PACKAGING,85.14,2.47
2026-09-20 18:14:25.151168,LINE-2-PACKAGING,86.53,2.23
2026-09-20 18:15:25.151168,LINE-2-PACKAGING,85.97,2.42
2026-09-20 18:16:25.151168,LINE-2-PACKAGING,85.68,2.11
2026-09-20 18:17:25.151168,LINE-2-PACKAGING,87.66,2.41
2026-09-20 18:18:25.151168,LINE-2-PACKAGING,85.93,2.31
2026-09-20 18:19:25.151168,LINE-2-PACKAGING,87.28,2.12
2026-09-20 18:20:25.151168,LINE-2-PACKAGING,85.4,2.23
2026-09-20 18:21:25.151168,LINE-2-PACKAGING,86.58,2.33
2026-09-20 18:22:25.151168,LINE-2-PACKAGING,86.25,2.4
2026-09-20 18:23:25.151168,LINE-2-PACKAGING,87.45,2.26
2026-09-20 18:24:25.151168,LINE-2-PACKAGING,86.72,2.2
2026-09-20 18:25:25.151168,LINE-2-PACKAGING,86.14,2.37
2026-09-20 18:26:25.151168,LINE-2-PACKAGING,85.8,2.5
2026-09-20 18:27:25.151168,LINE-2-PACKAGING,85.47,2.32
2026-09-20 18:28:25.151168,LINE-2-PACKAGING,86.6,2.73
2026-09-20 18:29:25.151168,LINE-2-PACKAGING,86.84,2.12
2026-09-20 18:30:25.151168,LINE-2-PACKAGING,87.11,2.56
2026-09-20 18:31:25.151168,LINE-2-PACKAGING,86.33,2.31
2026-09-20 18:32:25.151168,LINE-2-PACKAGING,86.13,2.64
2026-09-20 18:33:25.151168,LINE-2-PACKAGING,85.74,2.4
2026-09-20 18:34:25.151168,LINE-2-PACKAGING,86.54,2.71
2026-09-20 18:35:25.151168,LINE-2-PACKAGING,86.55,2.25
2026-09-20 18:36:25.151168,LINE-2-PACKAGING,85.19,2.45
2026-09-20 18:37:25.151168,LINE-2-PACKAGING,84.9,2.38
2026-09-20 18:38:25.151168,LINE-2-PACKAGING,87.28,2.43
2026-09-20 18:39:25.151168,LINE-2-PACKAGING,87.4,2.27
2026-09-20 18:40:25.151168,LINE-2-PACKAGING,85.89,2.36
2026-09-20 18:41:25.151168,LINE-2-PACKAGING,87.29,2.32
2026-09-20 18:42:25.151168,LINE-2-PACKAGING,86.31,2.18
2026-09-20 18:43:25.151168,LINE-2-PACKAGING,85.59,2.64
2026-09-20 18:44:25.151168,LINE-2-PACKAGING,83.42,2.38
2026-09-20 18:45:25.151168,LINE-2-PACKAGING,83.81,2.24
2026-09-20 18:46:25.151168,LINE-2-PACKAGING,84.89,2.23
2026-09-20 18:47:25.151168,LINE-2-PACKAGING,86.21,2.38
2026-09-20 18:48:25.151168,LINE-2-PACKAGING,86.32,2.35
2026-09-20 18:49:25.151168,LINE-2-PACKAGING,86.16,2.61
2026-09-20 18:50:25.151168,LINE-2-PACKAGING,86.04,2.38
2026-09-20 18:51:25.151168,LINE-2-PACKAGING,85.38,2.59
2026-09-20 18:52:25.151168,LINE-2-PACKAGING,86.61,2.27
2026-09-20 18:53:25.151168,LINE-2-PACKAGING,85.4,2.29
2026-09-20 18:54:25.151168,LINE-2-PACKAGING,83.86,2.51
2026-09-20 18:55:25.151168,LINE-2-PACKAGING,86.04,2.35
2026-09-20 18:56:25.151168,LINE-2-PACKAGING,86.74,2.09
2026-09-20 18:57:25.151168,LINE-2-PACKAGING,86.14,2.27
2026-09-20 18:58:25.151168,LINE-2-PACKAGING,86.77,2.46
2026-09-20 18:59:25.151168,LINE-2-PACKAGING,87.64,2.29
2026-09-20 19:00:25.151168,LINE-2-PACKAGING,84.77,2.47
2026-09-20 19:01:25.151168,LINE-2-PACKAGING,85.14,2.38
2026-09-20 19:02:25.151168,LINE-2-PACKAGING,85.83,2.33
2026-09-20 19:03:25.151168,LINE-2-PACKAGING,84.54,2.47
2026-09-20 19:04:25.151168,LINE-2-PACKAGING,86.94,2.28
2026-09-20 19:05:25.151168,LINE-2-PACKAGING,87.25,2.67
2026-09-20 19:06:25.151168,LINE-2-PACKAGING,86.51,2.52
2026-09-20 19:07:25.151168,LINE-2-PACKAGING,85.06,2.24
2026-09-20 19:08:25.151168,LINE-2-PACKAGING,86.5,2.3
2026-09-20 19:09:25.151168,LINE-2-PACKAGING,87.52,2.37
2026-09-20 19:10:25.151168,LINE-2-PACKAGING,86.58,2.39
2026-09-20 19:11:25.151168,LINE-2-PACKAGING,87.59,2.34
2026-09-20 19:12:25.151168,LINE-2-PACKAGING,86.83,2.38
2026-09-20 19:13:25.151168,LINE-2-PACKAGING,86.42,2.46
2026-09-20 19:14:25.151168,LINE-2-PACKAGING,86.07,2.26
2026-09-20 19:15:25.151168,LINE-2-PACKAGING,85.78,2.36
2026-09-20 19:16:25.151168,LINE-2-PACKAGING,85.53,2.42
2026-09-20 19:17:25.151168,LINE-2-PACKAGING,86.0,2.64
2026-09-20 19:18:25.151168,LINE-2-PACKAGING,87.54,2.3
2026-09-20 19:19:25.151168,LINE-2-PACKAGING,86.64,2.33
2026-09-20 19:20:25.151168,LINE-2-PACKAGING,85.86,2.26
2026-09-20 19:21:25.151168,LINE-2-PACKAGING,86.01,2.57
2026-09-20 19:22:25.151168,LINE-2-PACKAGING,87.35,2.11
2026-09-20 19:23:25.151168,LINE-2-PACKAGING,87.29,2.4
2026-09-20 19:24:25.151168,LINE-2-PACKAGING,85.45,2.52
2026-09-20 19:25:25.151168,LINE-2-PACKAGING,86.82,2.65
2026-09-20 19:26:25.151168,LINE-2-PACKAGING,86.41,2.16
2026-09-20 19:27:25.151168,LINE-2-PACKAGING,86.25,2.3
2026-09-20 19:28:25.151168,LINE-2-PACKAGING,86.7,2.26
2026-09-20 19:29:25.151168,LINE-2-PACKAGING,87.49,2.3
2026-09-20 19:30:25.151168,LINE-2-PACKAGING,86.68,2.13
2026-09-20 19:31:25.151168,LINE-2-PACKAGING,85.5,2.7
2026-09-20 19:32:25.151168,LINE-2-PACKAGING,86.04,2.09
2026-09-20 19:33:25.151168,LINE-2-PACKAGING,88.25,2.31
2026-09-20 19:34:25.151168,LINE-2-PACKAGING,86.86,2.53
2026-09-20 19:35:25.151168,LINE-2-PACKAGING,86.07,2.36
2026-09-20 19:36:25.151168,LINE-2-PACKAGING,85.7,2.26
2026-09-20 19:37:25.151168,LINE-2-PACKAGING,86.82,2.43
2026-09-20 19:38:25.151168,LINE-2-PACKAGING,85.59,2.24
2026-09-20 19:39:25.151168,LINE-2-PACKAGING,86.19,2.27
2026-09-20 19:40:25.151168,LINE-2-PACKAGING,85.94,2.53
2026-09-20 19:41:25.151168,LINE-2-PACKAGING,86.72,2.26
2026-09-20 19:42:25.151168,LINE-2-PACKAGING,86.82,2.33
2026-09-20 19:43:25.151168,LINE-2-PACKAGING,85.86,2.28
2026-09-20 19:44:25.151168,LINE-2-PACKAGING,86.2,2.4
2026-09-20 19:45:25.151168,LINE-2-PACKAGING,85.85,2.41
2026-09-20 19:46:25.151168,LINE-2-PACKAGING,85.91,2.62
2026-09-20 19:47:25.151168,LINE-2-PACKAGING,86.79,2.54
2026-09-20 19:48:25.151168,LINE-2-PACKAGING,87.11,2.4
2026-09-20 19:49:25.151168,LINE-2-PACKAGING,86.94,2.12
2026-09-20 19:50:25.151168,LINE-2-PACKAGING,85.64,2.41
2026-09-20 19:51:25.151168,LINE-2-PACKAGING,85.58,2.55
2026-09-20 19:52:25.151168,LINE-2-PACKAGING,85.19,2.54
2026-09-20 19:53:25.151168,LINE-2-PACKAGING,87.32,2.34
2026-09-20 19:54:25.151168,LINE-2-PACKAGING,88.41,2.3
2026-09-20 19:55:25.151168,LINE-2-PACKAGING,84.6,2.57
2026-09-20 19:56:25.151168,LINE-2-PACKAGING,86.68,2.58
2026-09-20 19:57:25.151168,LINE-2-PACKAGING,86.13,2.26
2026-09-20 19:58:25.151168,LINE-2-PACKAGING,87.19,2.31
2026-09-20 19:59:25.151168,LINE-2-PACKAGING,88.13,2.3
2026-09-20 20:00:25.151168,LINE-2-PACKAGING,85.32,2.43
2026-09-20 20:01:25.151168,LINE-2-PACKAGING,85.75,2.36
2026-09-20 20:02:25.151168,LINE-2-PACKAGING,88.0,2.22
2026-09-20 20:03:25.151168,LINE-2-PACKAGING,86.17,2.48
2026-09-20 20:04:25.151168,LINE-2-PACKAGING,85.56,2.46
2026-09-20 20:05:25.151168,LINE-2-PACKAGING,84.73,2.59
2026-09-20 20:06:25.151168,LINE-2-PACKAGING,87.45,2.2
2026-09-20 20:07:25.151168,LINE-2-PACKAGING,85.47,2.37
2026-09-20 20:08:25.151168,LINE-2-PACKAGING,85.04,2.47
2026-09-20 20:09:25.151168,LINE-2-PACKAGING,84.93,2.41
2026-09-20 20:10:25.151168,LINE-2-PACKAGING,84.98,2.52
2026-09-20 20:11:25.151168,LINE-2-PACKAGING,86.45,2.49
2026-09-20 20:12:25.151168,LINE-2-PACKAGING,85.41,2.44
2026-09-20 20:13:25.151168,LINE-2-PACKAGING,85.26,2.34
2026-09-20 20:14:25.151168,LINE-2-PACKAGING,85.63,2.49
2026-09-20 20:15:25.151168,LINE-2-PACKAGING,85.47,2.63
2026-09-20 20:16:25.151168,LINE-2-PACKAGING,83.85,2.42
2026-09-20 20:17:25.151168,LINE-2-PACKAGING,87.02,2.34
2026-09-20 20:18:25.151168,LINE-2-PACKAGING,87.21,2.44
2026-09-20 20:19:25.151168,LINE-2-PACKAGING,87.63,2.47
2026-09-20 20:20:25.151168,LINE-2-PACKAGING,86.75,2.38
2026-09-20 20:21:25.151168,LINE-2-PACKAGING,85.13,2.38
2026-09-20 20:22:25.151168,LINE-2-PACKAGING,86.18,2.68
2026-09-20 20:23:25.151168,LINE-2-PACKAGING,87.2,2.36
2026-09-20 20:24:25.151168,LINE-2-PACKAGING,84.27,2.53
2026-09-20 20:25:25.151168,LINE-2-PACKAGING,87.6,2.35
2026-09-20 20:26:25.151168,LINE-2-PACKAGING,85.48,2.31
2026-09-20 20:27:25.151168,LINE-2-PACKAGING,87.25,2.66
2026-09-20 20:28:25.151168,LINE-2-PACKAGING,86.22,2.67
2026-09-20 20:29:25.151168,LINE-2-PACKAGING,86.18,2.56
2026-09-20 20:30:25.151168,LINE-2-PACKAGING,84.98,2.37
2026-09-20 20:31:25.151168,LINE-2-PACKAGING,85.98,2.43
2026-09-20 20:32:25.151168,LINE-2-PACKAGING,85.78,2.38
2026-09-20 20:33:25.151168,LINE-2-PACKAGING,87.81,2.34
2026-09-20 20:34:25.151168,LINE-2-PACKAGING,86.73,2.17
2026-09-20 20:35:25.151168,LINE-2-PACKAGING,86.39,2.4
2026-09-20 20:36:25.151168,LINE-2-PACKAGING,87.12,2.33
2026-09-20 20:37:25.151168,LINE-2-PACKAGING,86.81,2.43
2026-09-20 20:38:25.151168,LINE-2-PACKAGING,87.77,2.22
2026-09-20 20:39:25.151168,LINE-2-PACKAGING,85.29,2.39
2026-09-20 20:40:25.151168,LINE-2-PACKAGING,87.45,2.73
2026-09-20 20:41:25.151168,LINE-2-PACKAGING,86.2,2.26
2026-09-20 20:42:25.151168,LINE-2-PACKAGING,86.33,2.28
2026-09-20 20:43:25.151168,LINE-2-PACKAGING,85.9,2.42
2026-09-20 20:44:25.151168,LINE-2-PACKAGING,85.64,2.39
2026-09-20 20:45:25.151168,LINE-2-PACKAGING,86.33,2.17
2026-09-20 20:46:25.151168,LINE-2-PACKAGING,86.36,2.42
2026-09-20 20:47:25.151168,LINE-2-PACKAGING,87.6,2.23
2026-09-20 20:48:25.151168,LINE-2-PACKAGING,87.7,2.54
2026-09-20 20:49:25.151168,LINE-2-PACKAGING,85.08,2.43
2026-09-20 20:50:25.151168,LINE-2-PACKAGING,87.61,2.43
2026-09-20 20:51:25.151168,LINE-2-PACKAGING,86.87,2.53
2026-09-20 20:52:25.151168,LINE-2-PACKAGING,86.37,2.02
2026-09-20 20:53:25.151168,LINE-2-PACKAGING,85.2,2.42
2026-09-20 20:54:25.151168,LINE-2-PACKAGING,85.01,2.4
2026-09-20 20:55:25.151168,LINE-2-PACKAGING,86.09,2.56
2026-09-20 20:56:25.151168,LINE-2-PACKAGING,86.97,2.47
2026-09-20 20:57:25.151168,LINE-2-PACKAGING,86.66,2.06
2026-09-20 20:58:25.151168,LINE-2-PACKAGING,87.87,2.39
2026-09-20 20:59:25.151168,LINE-2-PACKAGING,87.28,2.23
2026-09-20 21:00:25.151168,LINE-2-PACKAGING,85.96,2.42
2026-09-20 21:01:25.151168,LINE-2-PACKAGING,85.33,2.31
2026-09-20 21:02:25.151168,LINE-2-PACKAGING,86.88,2.55
2026-09-20 21:03:25.151168,LINE-2-PACKAGING,86.79,2.12
2026-09-20 21:04:25.151168,LINE-2-PACKAGING,85.52,2.41
2026-09-20 21:05:25.151168,LINE-2-PACKAGING,86.57,2.22
2026-09-20 21:06:25.151168,LINE-2-PACKAGING,86.58,2.65
2026-09-20 21:07:25.151168,LINE-2-PACKAGING,85.92,2.3
2026-09-20 21:08:25.151168,LINE-2-PACKAGING,86.14,2.73
2026-09-20 21:09:25.151168,LINE-2-PACKAGING,86.21,2.29
2026-09-20 21:10:25.151168,LINE-2-PACKAGING,86.45,2.44
2026-09-20 21:11:25.151168,LINE-2-PACKAGING,85.38,2.08
2026-09-20 21:12:25.151168,LINE-2-PACKAGING,87.76,2.55
2026-09-20 21:13:25.151168,LINE-2-PACKAGING,86.82,2.33
2026-09-20 21:14:25.151168,LINE-2-PACKAGING,86.14,2.31
2026-09-20 21:15:25.151168,LINE-2-PACKAGING,85.74,2.29
2026-09-20 21:16:25.151168,LINE-2-PACKAGING,84.37,2.24
2026-09-20 21:17:25.151168,LINE-2-PACKAGING,86.85,2.44
2026-09-20 21:18:25.151168,LINE-2-PACKAGING,85.56,2.31
2026-09-20 21:19:25.151168,LINE-2-PACKAGING,88.26,2.32
2026-09-20 21:20:25.151168,LINE-2-PACKAGING,85.31,2.39
2026-09-20 21:21:25.151168,LINE-2-PACKAGING,86.72,2.28
2026-09-20 21:22:25.151168,LINE-2-PACKAGING,83.6,2.49
2026-09-20 21:23:25.151168,LINE-2-PACKAGING,87.11,2.23
2026-09-20 21:24:25.151168,LINE-2-PACKAGING,84.32,2.6
2026-09-20 21:25:25.151168,LINE-2-PACKAGING,85.6,2.17
2026-09-20 21:26:25.151168,LINE-2-PACKAGING,86.73,2.54
2026-09-20 21:27:25.151168,LINE-2-PACKAGING,86.75,2.47
2026-09-20 21:28:25.151168,LINE-2-PACKAGING,85.35,2.6
2026-09-20 21:29:25.151168,LINE-2-PACKAGING,85.59,2.62
2026-09-20 21:30:25.151168,LINE-2-PACKAGING,87.44,2.26
2026-09-20 21:31:25.151168,LINE-2-PACKAGING,85.66,2.13
2026-09-20 21:32:25.151168,LINE-2-PACKAGING,85.48,2.4
2026-09-20 21:33:25.151168,LINE-2-PACKAGING,85.18,2.57
2026-09-20 21:34:25.151168,LINE-2-PACKAGING,84.66,2.47
2026-09-20 21:35:25.151168,LINE-2-PACKAGING,84.91,2.47
2026-09-20 21:36:25.151168,LINE-2-PACKAGING,86.04,2.62
2026-09-20 21:37:25.151168,LINE-2-PACKAGING,85.59,2.25
2026-09-20 21:38:25.151168,LINE-2-PACKAGING,86.98,2.28
2026-09-20 21:39:25.151168,LINE-2-PACKAGING,86.65,2.01
2026-09-20 21:40:25.151168,LINE-2-PACKAGING,85.25,2.46
2026-09-20 21:41:25.151168,LINE-2-PACKAGING,86.86,2.23
2026-09-20 21:42:25.151168,LINE-2-PACKAGING,86.14,2.46
2026-09-20 21:43:25.151168,LINE-2-PACKAGING,86.43,2.57
2026-09-20 21:44:25.151168,LINE-2-PACKAGING,85.94,2.54
2026-09-20 21:45:25.151168,LINE-2-PACKAGING,85.33,2.67
2026-09-20 21:46:25.151168,LINE-2-PACKAGING,85.88,2.22
2026-09-20 21:47:25.151168,LINE-2-PACKAGING,87.95,2.46
2026-09-20 21:48:25.151168,LINE-2-PACKAGING,85.51,2.42
2026-09-20 21:49:25.151168,LINE-2-PACKAGING,88.37,2.39
2026-09-20 21:50:25.151168,LINE-2-PACKAGING,87.16,2.32
2026-09-20 21:51:25.151168,LINE-2-PACKAGING,87.27,2.37
2026-09-20 21:52:25.151168,LINE-2-PACKAGING,88.32,2.29
2026-09-20 21:53:25.151168,LINE-2-PACKAGING,87.01,2.22
2026-09-20 21:54:25.151168,LINE-2-PACKAGING,84.76,2.48
2026-09-20 21:55:25.151168,LINE-2-PACKAGING,85.83,2.45
2026-09-20 21:56:25.151168,LINE-2-PACKAGING,86.34,2.2
2026-09-20 21:57:25.151168,LINE-2-PACKAGING,86.93,2.36
2026-09-20 21:58:25.151168,LINE-2-PACKAGING,87.5,2.45
2026-09-20 21:59:25.151168,LINE-2-PACKAGING,86.75,2.41
2026-09-20 22:00:25.151168,LINE-2-PACKAGING,87.79,2.76
2026-09-20 22:01:25.151168,LINE-2-PACKAGING,86.45,2.33
2026-09-20 22:02:25.151168,LINE-2-PACKAGING,86.01,2.16
2026-09-20 22:03:25.151168,LINE-2-PACKAGING,86.36,2.37
2026-09-20 22:04:25.151168,LINE-2-PACKAGING,86.86,2.45
2026-09-20 22:05:25.151168,LINE-2-PACKAGING,87.3,2.35
2026-09-20 22:06:25.151168,LINE-2-PACKAGING,85.56,2.64
2026-09-20 22:07:25.151168,LINE-2-PACKAGING,86.84,2.24
2026-09-20 22:08:25.151168,LINE-2-PACKAGING,87.45,2.19
2026-09-20 22:09:25.151168,LINE-2-PACKAGING,85.79,2.36
2026-09-20 22:10:25.151168,LINE-2-PACKAGING,85.91,2.41
2026-09-20 22:11:25.151168,LINE-2-PACKAGING,86.87,2.33
2026-09-20 22:12:25.151168,LINE-2-PACKAGING,86.51,2.39
2026-09-20 22:13:25.151168,LINE-2-PACKAGING,87.36,2.38
2026-09-20 22:14:25.151168,LINE-2-PACKAGING,86.78,2.28
2026-09-20 22:15:25.151168,LINE-2-PACKAGING,86.05,2.37
2026-09-20 22:16:25.151168,LINE-2-PACKAGING,86.46,2.1
2026-09-20 22:17:25.151168,LINE-2-PACKAGING,84.88,2.23
2026-09-20 22:18:25.151168,LINE-2-PACKAGING,84.21,2.32
2026-09-20 22:19:25.151168,LINE-2-PACKAGING,86.77,2.14
2026-09-20 22:20:25.151168,LINE-2-PACKAGING,86.08,2.41
2026-09-20 22:21:25.151168,LINE-2-PACKAGING,86.85,2.43
2026-09-20 22:22:25.151168,LINE-2-PACKAGING,86.41,2.22
2026-09-20 22:23:25.151168,LINE-2-PACKAGING,86.8,2.54
2026-09-20 22:24:25.151168,LINE-2-PACKAGING,87.7,2.31
2026-09-20 22:25:25.151168,LINE-2-PACKAGING,85.93,2.52
2026-09-20 22:26:25.151168,LINE-2-PACKAGING,86.81,2.51
2026-09-20 22:27:25.151168,LINE-2-PACKAGING,87.46,2.44
2026-09-20 22:28:25.151168,LINE-2-PACKAGING,85.39,2.43
2026-09-20 22:29:25.151168,LINE-2-PACKAGING,87.36,2.5
2026-09-20 22:30:25.151168,LINE-2-PACKAGING,87.08,2.37
2026-09-20 22:31:25.151168,LINE-2-PACKAGING,85.16,2.17
2026-09-20 22:32:25.151168,LINE-2-PACKAGING,86.97,2.47
2026-09-20 22:33:25.151168,LINE-2-PACKAGING,86.78,2.5
2026-09-20 22:34:25.151168,LINE-2-PACKAGING,87.25,2.57
2026-09-20 22:35:25.151168,LINE-2-PACKAGING,84.6,2.36
2026-09-20 22:36:25.151168,LINE-2-PACKAGING,86.89,2.42
2026-09-20 22:37:25.151168,LINE-2-PACKAGING,87.44,2.67
2026-09-20 22:38:25.151168,LINE-2-PACKAGING,85.84,2.45
2026-09-20 22:39:25.151168,LINE-2-PACKAGING,85.73,2.37
2026-09-20 22:40:25.151168,LINE-2-PACKAGING,85.68,2.23
2026-09-20 22:41:25.151168,LINE-2-PACKAGING,85.63,2.4
2026-09-20 22:42:25.151168,LINE-2-PACKAGING,86.34,2.35
2026-09-20 22:43:25.151168,LINE-2-PACKAGING,85.02,2.24
2026-09-20 22:44:25.151168,LINE-2-PACKAGING,86.55,2.2
2026-09-20 22:45:25.151168,LINE-2-PACKAGING,84.91,2.37
2026-09-20 22:46:25.151168,LINE-2-PACKAGING,75.61,1.94
2026-09-20 22:47:25.151168,LINE-2-PACKAGING,74.84,1.67
2026-09-20 22:48:25.151168,LINE-2-PACKAGING,74.2,1.99
2026-09-20 22:49:25.151168,LINE-2-PACKAGING,75.79,2.02
2026-09-20 22:50:25.151168,LINE-2-PACKAGING,73.66,2.17
2026-09-20 22:51:25.151168,LINE-2-PACKAGING,74.89,1.86
2026-09-20 22:52:25.151168,LINE-2-PACKAGING,76.18,1.98
2026-09-20 22:53:25.151168,LINE-2-PACKAGING,75.85,2.2
2026-09-20 22:54:25.151168,LINE-2-PACKAGING,73.82,2.07
2026-09-20 22:55:25.151168,LINE-2-PACKAGING,76.52,2.03
2026-09-20 22:56:25.151168,LINE-2-PACKAGING,74.2,1.94
2026-09-20 22:57:25.151168,LINE-2-PACKAGING,75.33,1.94
2026-09-20 22:58:25.151168,LINE-2-PACKAGING,75.08,2.14
2026-09-20 22:59:25.151168,LINE-2-PACKAGING,76.5,2.19
2026-09-20 23:00:25.151168,LINE-2-PACKAGING,74.88,1.92
2026-09-20 23:01:25.151168,LINE-2-PACKAGING,75.54,2.04
2026-09-20 23:02:25.151168,LINE-2-PACKAGING,75.32,2.13
2026-09-20 23:03:25.151168,LINE-2-PACKAGING,75.34,1.99
2026-09-20 23:04:25.151168,LINE-2-PACKAGING,74.83,1.67
2026-09-20 23:05:25.151168,LINE-2-PACKAGING,75.59,1.97
2026-09-20 23:06:25.151168,LINE-2-PACKAGING,75.98,2.01
2026-09-20 23:07:25.151168,LINE-2-PACKAGING,76.86,1.78
2026-09-20 23:08:25.151168,LINE-2-PACKAGING,76.09,1.93
2026-09-20 23:09:25.151168,LINE-2-PACKAGING,74.15,2.12
2026-09-20 23:10:25.151168,LINE-2-PACKAGING,76.09,1.81
2026-09-20 23:11:25.151168,LINE-2-PACKAGING,75.76,1.9
2026-09-20 23:12:25.151168,LINE-2-PACKAGING,75.8,2.07
2026-09-20 23:13:25.151168,LINE-2-PACKAGING,75.4,1.82
2026-09-20 23:14:25.151168,LINE-2-PACKAGING,75.3,2.19
2026-09-20 23:15:25.151168,LINE-2-PACKAGING,86.72,2.5
2026-09-20 23:16:25.151168,LINE-2-PACKAGING,85.87,2.33
2026-09-20 23:17:25.151168,LINE-2-PACKAGING,85.7,2.15
2026-09-20 23:18:25.151168,LINE-2-PACKAGING,86.13,2.3
2026-09-20 23:19:25.151168,LINE-2-PACKAGING,86.75,2.4
2026-09-20 23:20:25.151168,LINE-2-PACKAGING,86.5,2.25
2026-09-20 23:21:25.151168,LINE-2-PACKAGING,88.09,2.42
2026-09-20 23:22:25.151168,LINE-2-PACKAGING,85.45,2.15
2026-09-20 23:23:25.151168,LINE-2-PACKAGING,86.33,2.42
2026-09-20 23:24:25.151168,LINE-2-PACKAGING,86.02,2.26
2026-09-20 23:25:25.151168,LINE-2-PACKAGING,85.69,2.43
2026-09-20 23:26:25.151168,LINE-2-PACKAGING,86.73,2.17
2026-09-20 23:27:25.151168,LINE-2-PACKAGING,85.05,2.24
2026-09-20 23:28:25.151168,LINE-2-PACKAGING,86.97,2.62
2026-09-20 23:29:25.151168,LINE-2-PACKAGING,86.97,2.68
2026-09-20 23:30:25.151168,LINE-2-PACKAGING,88.71,2.39
2026-09-20 23:31:25.151168,LINE-2-PACKAGING,85.45,2.4
2026-09-20 23:32:25.151168,LINE-2-PACKAGING,85.63,2.35
2026-09-20 23:33:25.151168,LINE-2-PACKAGING,87.23,2.21
2026-09-20 23:34:25.151168,LINE-2-PACKAGING,86.49,2.33
2026-09-20 23:35:25.151168,LINE-2-PACKAGING,87.04,2.32
2026-09-20 23:36:25.151168,LINE-2-PACKAGING,86.05,2.49
2026-09-20 23:37:25.151168,LINE-2-PACKAGING,87.39,2.45
2026-09-20 23:38:25.151168,LINE-2-PACKAGING,86.66,2.31
2026-09-20 23:39:25.151168,LINE-2-PACKAGING,84.77,2.46
2026-09-20 23:40:25.151168,LINE-2-PACKAGING,87.06,2.31
2026-09-20 23:41:25.151168,LINE-2-PACKAGING,86.23,2.32
2026-09-20 23:42:25.151168,LINE-2-PACKAGING,85.3,2.28
2026-09-20 23:43:25.151168,LINE-2-PACKAGING,84.59,2.28
2026-09-20 23:44:25.151168,LINE-2-PACKAGING,87.55,2.53
2026-09-20 23:45:25.151168,LINE-2-PACKAGING,86.52,2.43
2026-09-20 23:46:25.151168,LINE-2-PACKAGING,85.44,2.45
2026-09-20 23:47:25.151168,LINE-2-PACKAGING,84.65,2.36
2026-09-20 23:48:25.151168,LINE-2-PACKAGING,85.15,2.23
2026-09-20 23:49:25.151168,LINE-2-PACKAGING,85.54,2.43
2026-09-20 23:50:25.151168,LINE-2-PACKAGING,85.97,2.49
2026-09-20 23:51:25.151168,LINE-2-PACKAGING,85.87,2.29
2026-09-20 23:52:25.151168,LINE-2-PACKAGING,85.17,2.39
2026-09-20 23:53:25.151168,LINE-2-PACKAGING,86.49,2.26
2026-09-20 23:54:25.151168,LINE-2-PACKAGING,86.44,2.28
2026-09-20 23:55:25.151168,LINE-2-PACKAGING,85.21,2.18
2026-09-20 23:56:25.151168,LINE-2-PACKAGING,87.23,2.57
2026-09-20 23:57:25.151168,LINE-2-PACKAGING,87.22,2.34
2026-09-20 23:58:25.151168,LINE-2-PACKAGING,86.56,2.49
2026-09-20 23:59:25.151168,LINE-2-PACKAGING,85.53,2.49
2026-09-21 00:00:25.151168,LINE-2-PACKAGING,85.39,2.29
2026-09-21 00:01:25.151168,LINE-2-PACKAGING,85.66,2.65
2026-09-21 00:02:25.151168,LINE-2-PACKAGING,84.51,2.21
2026-09-21 00:03:25.151168,LINE-2-PACKAGING,87.11,2.39
2026-09-21 00:04:25.151168,LINE-2-PACKAGING,86.2,2.57
2026-09-21 00:05:25.151168,LINE-2-PACKAGING,87.06,2.55
2026-09-21 00:06:25.151168,LINE-2-PACKAGING,86.58,2.34
2026-09-21 00:07:25.151168,LINE-2-PACKAGING,85.92,2.72
2026-09-21 00:08:25.151168,LINE-2-PACKAGING,87.31,2.48
2026-09-21 00:09:25.151168,LINE-2-PACKAGING,87.25,2.46
2026-09-21 00:10:25.151168,LINE-2-PACKAGING,86.24,2.6
2026-09-21 00:11:25.151168,LINE-2-PACKAGING,86.93,2.6
2026-09-21 00:12:25.151168,LINE-2-PACKAGING,86.15,2.32
2026-09-21 00:13:25.151168,LINE-2-PACKAGING,87.7,2.33
2026-09-21 00:14:25.151168,LINE-2-PACKAGING,86.95,2.47
2026-09-21 00:15:25.151168,LINE-2-PACKAGING,85.87,2.56
2026-09-21 00:16:25.151168,LINE-2-PACKAGING,86.02,2.57
2026-09-21 00:17:25.151168,LINE-2-PACKAGING,85.42,2.39
2026-09-21 00:18:25.151168,LINE-2-PACKAGING,87.9,2.37
2026-09-21 00:19:25.151168,LINE-2-PACKAGING,86.6,2.26
2026-09-21 00:20:25.151168,LINE-2-PACKAGING,86.02,2.53
2026-09-21 00:21:25.151168,LINE-2-PACKAGING,84.49,2.49
2026-09-21 00:22:25.151168,LINE-2-PACKAGING,86.75,2.36
2026-09-21 00:23:25.151168,LINE-2-PACKAGING,86.06,2.28
2026-09-21 00:24:25.151168,LINE-2-PACKAGING,85.97,2.35
2026-09-21 00:25:25.151168,LINE-2-PACKAGING,87.22,2.3
2026-09-21 00:26:25.151168,LINE-2-PACKAGING,87.75,2.22
2026-09-21 00:27:25.151168,LINE-2-PACKAGING,85.98,2.48
2026-09-21 00:28:25.151168,LINE-2-PACKAGING,87.06,2.39
2026-09-21 00:29:25.151168,LINE-2-PACKAGING,86.97,2.3
2026-09-21 00:30:25.151168,LINE-2-PACKAGING,85.29,2.52
2026-09-21 00:31:25.151168,LINE-2-PACKAGING,84.03,2.48
2026-09-21 00:32:25.151168,LINE-2-PACKAGING,86.96,2.7
2026-09-21 00:33:25.151168,LINE-2-PACKAGING,83.89,2.62
2026-09-21 00:34:25.151168,LINE-2-PACKAGING,86.05,2.75
2026-09-21 00:35:25.151168,LINE-2-PACKAGING,87.18,2.35
2026-09-21 00:36:25.151168,LINE-2-PACKAGING,87.42,2.12
2026-09-21 00:37:25.151168,LINE-2-PACKAGING,85.76,2.59
2026-09-21 00:38:25.151168,LINE-2-PACKAGING,87.45,2.61
2026-09-21 00:39:25.151168,LINE-2-PACKAGING,87.06,2.52
2026-09-21 00:40:25.151168,LINE-2-PACKAGING,86.63,2.51
2026-09-21 00:41:25.151168,LINE-2-PACKAGING,87.82,2.26
2026-09-21 00:42:25.151168,LINE-2-PACKAGING,86.95,2.65
2026-09-21 00:43:25.151168,LINE-2-PACKAGING,85.08,2.15
2026-09-21 00:44:25.151168,LINE-2-PACKAGING,86.8,2.18
2026-09-21 00:45:25.151168,LINE-2-PACKAGING,85.77,2.37
2026-09-21 00:46:25.151168,LINE-2-PACKAGING,85.46,2.51
2026-09-21 00:47:25.151168,LINE-2-PACKAGING,85.85,2.4
2026-09-21 00:48:25.151168,LINE-2-PACKAGING,87.71,2.24
2026-09-21 00:49:25.151168,LINE-2-PACKAGING,87.53,2.32
2026-09-21 00:50:25.151168,LINE-2-PACKAGING,85.72,2.43
2026-09-21 00:51:25.151168,LINE-2-PACKAGING,87.49,2.37
2026-09-21 00:52:25.151168,LINE-2-PACKAGING,85.9,2.25
2026-09-21 00:53:25.151168,LINE-2-PACKAGING,85.37,2.53
2026-09-21 00:54:25.151168,LINE-2-PACKAGING,86.05,2.47
2026-09-21 00:55:25.151168,LINE-2-PACKAGING,88.09,2.43
2026-09-21 00:56:25.151168,LINE-2-PACKAGING,85.19,2.52
2026-09-21 00:57:25.151168,LINE-2-PACKAGING,86.93,2.32
2026-09-21 00:58:25.151168,LINE-2-PACKAGING,86.01,2.28
2026-09-21 00:59:25.151168,LINE-2-PACKAGING,86.06,2.65
2026-09-21 01:00:25.151168,LINE-2-PACKAGING,89.13,2.64
2026-09-21 01:01:25.151168,LINE-2-PACKAGING,86.1,2.31
2026-09-21 01:02:25.151168,LINE-2-PACKAGING,85.88,2.11
2026-09-21 01:03:25.151168,LINE-2-PACKAGING,87.13,2.34
2026-09-21 01:04:25.151168,LINE-2-PACKAGING,87.39,2.49
2026-09-21 01:05:25.151168,LINE-2-PACKAGING,85.63,2.35
2026-09-21 01:06:25.151168,LINE-2-PACKAGING,87.63,2.28
2026-09-21 01:07:25.151168,LINE-2-PACKAGING,85.12,2.26
2026-09-21 01:08:25.151168,LINE-2-PACKAGING,85.85,2.46
2026-09-21 01:09:25.151168,LINE-2-PACKAGING,85.99,2.71
2026-09-21 01:10:25.151168,LINE-2-PACKAGING,86.28,2.31
2026-09-21 01:11:25.151168,LINE-2-PACKAGING,86.07,2.33
2026-09-21 01:12:25.151168,LINE-2-PACKAGING,84.49,2.34
2026-09-21 01:13:25.151168,LINE-2-PACKAGING,85.94,2.33
2026-09-21 01:14:25.151168,LINE-2-PACKAGING,85.33,2.33
2026-09-21 01:15:25.151168,LINE-2-PACKAGING,87.02,2.37
2026-09-21 01:16:25.151168,LINE-2-PACKAGING,86.71,2.49
2026-09-21 01:17:25.151168,LINE-2-PACKAGING,85.73,2.27
2026-09-21 01:18:25.151168,LINE-2-PACKAGING,84.46,2.45
2026-09-21 01:19:25.151168,LINE-2-PACKAGING,85.56,2.2
2026-09-21 01:20:25.151168,LINE-2-PACKAGING,85.17,2.52
2026-09-21 01:21:25.151168,LINE-2-PACKAGING,84.5,2.67
2026-09-21 01:22:25.151168,LINE-2-PACKAGING,84.55,2.44
2026-09-21 01:23:25.151168,LINE-2-PACKAGING,86.88,2.45
2026-09-21 01:24:25.151168,LINE-2-PACKAGING,86.47,2.56
2026-09-21 01:25:25.151168,LINE-2-PACKAGING,86.84,2.47
2026-09-21 01:26:25.151168,LINE-2-PACKAGING,87.14,2.09
2026-09-21 01:27:25.151168,LINE-2-PACKAGING,86.85,2.09
2026-09-21 01:28:25.151168,LINE-2-PACKAGING,87.59,2.45
2026-09-21 01:29:25.151168,LINE-2-PACKAGING,87.4,2.65
2026-09-21 01:30:25.151168,LINE-2-PACKAGING,87.41,2.19
2026-09-21 01:31:25.151168,LINE-2-PACKAGING,84.57,2.3
2026-09-21 01:32:25.151168,LINE-2-PACKAGING,86.64,2.33
2026-09-21 01:33:25.151168,LINE-2-PACKAGING,86.37,2.17
2026-09-21 01:34:25.151168,LINE-2-PACKAGING,85.14,2.13
2026-09-21 01:35:25.151168,LINE-2-PACKAGING,87.01,2.59
2026-09-21 01:36:25.151168,LINE-2-PACKAGING,85.57,2.73
2026-09-21 01:37:25.151168,LINE-2-PACKAGING,86.39,2.19
2026-09-21 01:38:25.151168,LINE-2-PACKAGING,86.24,2.45
2026-09-21 01:39:25.151168,LINE-2-PACKAGING,86.52,2.25
2026-09-21 01:40:25.151168,LINE-2-PACKAGING,85.9,2.3
2026-09-21 01:41:25.151168,LINE-2-PACKAGING,85.92,2.83
2026-09-21 01:42:25.151168,LINE-2-PACKAGING,86.92,2.11
2026-09-21 01:43:25.151168,LINE-2-PACKAGING,86.04,2.49
2026-09-21 01:44:25.151168,LINE-2-PACKAGING,86.96,2.47
2026-09-21 01:45:25.151168,LINE-2-PACKAGING,87.28,2.51
2026-09-21 01:46:25.151168,LINE-2-PACKAGING,86.54,2.48
2026-09-21 01:47:25.151168,LINE-2-PACKAGING,87.7,2.36
2026-09-21 01:48:25.151168,LINE-2-PACKAGING,86.77,2.54
2026-09-21 01:49:25.151168,LINE-2-PACKAGING,86.28,2.61
2026-09-21 01:50:25.151168,LINE-2-PACKAGING,86.86,2.42
2026-09-21 01:51:25.151168,LINE-2-PACKAGING,84.04,2.03
2026-09-21 01:52:25.151168,LINE-2-PACKAGING,88.25,2.39
2026-09-21 01:53:25.151168,LINE-2-PACKAGING,84.82,2.35
2026-09-21 01:54:25.151168,LINE-2-PACKAGING,86.78,2.36
2026-09-21 01:55:25.151168,LINE-2-PACKAGING,86.03,2.15
2026-09-21 01:56:25.151168,LINE-2-PACKAGING,84.6,2.12
2026-09-21 01:57:25.151168,LINE-2-PACKAGING,86.9,2.72
2026-09-21 01:58:25.151168,LINE-2-PACKAGING,85.79,2.44
2026-09-21 01:59:25.151168,LINE-2-PACKAGING,86.54,2.24
2026-09-21 02:00:25.151168,LINE-2-PACKAGING,86.31,2.4
2026-09-21 02:01:25.151168,LINE-2-PACKAGING,86.17,2.3
2026-09-21 02:02:25.151168,LINE-2-PACKAGING,85.45,2.52
2026-09-21 02:03:25.151168,LINE-2-PACKAGING,85.63,2.23
2026-09-21 02:04:25.151168,LINE-2-PACKAGING,86.88,2.37
2026-09-21 02:05:25.151168,LINE-2-PACKAGING,85.75,2.34
2026-09-21 02:06:25.151168,LINE-2-PACKAGING,86.25,2.44
2026-09-21 02:07:25.151168,LINE-2-PACKAGING,86.31,2.4
2026-09-21 02:08:25.151168,LINE-2-PACKAGING,88.43,2.43
2026-09-21 02:09:25.151168,LINE-2-PACKAGING,87.19,2.39
2026-09-21 02:10:25.151168,LINE-2-PACKAGING,86.32,2.41
2026-09-21 02:11:25.151168,LINE-2-PACKAGING,86.13,2.54
2026-09-21 02:12:25.151168,LINE-2-PACKAGING,86.36,2.3
2026-09-21 02:13:25.151168,LINE-2-PACKAGING,84.93,2.63
2026-09-21 02:14:25.151168,LINE-2-PACKAGING,85.21,2.44
2026-09-21 02:15:25.151168,LINE-2-PACKAGING,86.29,2.32
2026-09-21 02:16:25.151168,LINE-2-PACKAGING,85.8,2.22
2026-09-21 02:17:25.151168,LINE-2-PACKAGING,84.39,2.43
2026-09-21 02:18:25.151168,LINE-2-PACKAGING,85.9,2.51
2026-09-21 02:19:25.151168,LINE-2-PACKAGING,86.91,2.42
2026-09-21 02:20:25.151168,LINE-2-PACKAGING,86.11,2.76
2026-09-21 02:21:25.151168,LINE-2-PACKAGING,85.25,2.15
2026-09-21 02:22:25.151168,LINE-2-PACKAGING,84.76,2.24
2026-09-21 02:23:25.151168,LINE-2-PACKAGING,87.1,2.47
2026-09-21 02:24:25.151168,LINE-2-PACKAGING,84.66,2.22
2026-09-21 02:25:25.151168,LINE-2-PACKAGING,88.3,2.04
2026-09-21 02:26:25.151168,LINE-2-PACKAGING,86.36,2.24
2026-09-21 02:27:25.151168,LINE-2-PACKAGING,85.53,2.29
2026-09-21 02:28:25.151168,LINE-2-PACKAGING,84.13,2.35
2026-09-21 02:29:25.151168,LINE-2-PACKAGING,86.4,2.6
2026-09-21 02:30:25.151168,LINE-2-PACKAGING,88.45,2.12
2026-09-21 02:31:25.151168,LINE-2-PACKAGING,85.58,2.43
2026-09-21 02:32:25.151168,LINE-2-PACKAGING,85.93,2.36
2026-09-21 02:33:25.151168,LINE-2-PACKAGING,87.57,2.39
2026-09-21 02:34:25.151168,LINE-2-PACKAGING,85.49,2.23
2026-09-21 02:35:25.151168,LINE-2-PACKAGING,87.1,2.21
2026-09-21 02:36:25.151168,LINE-2-PACKAGING,86.6,2.35
2026-09-21 02:37:25.151168,LINE-2-PACKAGING,86.79,2.41
2026-09-21 02:38:25.151168,LINE-2-PACKAGING,84.94,2.42
2026-09-21 02:39:25.151168,LINE-2-PACKAGING,86.06,2.5
2026-09-21 02:40:25.151168,LINE-2-PACKAGING,85.62,2.61
2026-09-21 02:41:25.151168,LINE-2-PACKAGING,86.27,2.24
2026-09-21 02:42:25.151168,LINE-2-PACKAGING,85.83,2.5
2026-09-21 02:43:25.151168,LINE-2-PACKAGING,84.46,2.45
2026-09-21 02:44:25.151168,LINE-2-PACKAGING,85.02,2.45
2026-09-21 02:45:25.151168,LINE-2-PACKAGING,87.52,2.49
2026-09-21 02:46:25.151168,LINE-2-PACKAGING,86.35,2.36
2026-09-21 02:47:25.151168,LINE-2-PACKAGING,87.03,2.71
2026-09-21 02:48:25.151168,LINE-2-PACKAGING,85.74,2.37
2026-09-21 02:49:25.151168,LINE-2-PACKAGING,85.58,2.3
2026-09-21 02:50:25.151168,LINE-2-PACKAGING,87.42,2.32
2026-09-21 02:51:25.151168,LINE-2-PACKAGING,86.91,2.49
2026-09-21 02:52:25.151168,LINE-2-PACKAGING,87.63,2.53
2026-09-21 02:53:25.151168,LINE-2-PACKAGING,86.65,2.56
2026-09-21 02:54:25.151168,LINE-2-PACKAGING,86.93,2.42
2026-09-21 02:55:25.151168,LINE-2-PACKAGING,87.21,2.42
2026-09-21 02:56:25.151168,LINE-2-PACKAGING,85.54,2.28
2026-09-21 02:57:25.151168,LINE-2-PACKAGING,86.22,2.24
2026-09-21 02:58:25.151168,LINE-2-PACKAGING,85.32,2.44
2026-09-21 02:59:25.151168,LINE-2-PACKAGING,87.55,2.11
2026-09-21 03:00:25.151168,LINE-2-PACKAGING,86.55,2.5
2026-09-21 03:01:25.151168,LINE-2-PACKAGING,86.5,2.32
2026-09-21 03:02:25.151168,LINE-2-PACKAGING,85.61,2.5
2026-09-21 03:03:25.151168,LINE-2-PACKAGING,85.65,2.54
2026-09-21 03:04:25.151168,LINE-2-PACKAGING,85.93,2.66
2026-09-21 03:05:25.151168,LINE-2-PACKAGING,87.16,2.72
2026-09-21 03:06:25.151168,LINE-2-PACKAGING,85.34,2.17
2026-09-21 03:07:25.151168,LINE-2-PACKAGING,86.82,2.49
2026-09-21 03:08:25.151168,LINE-2-PACKAGING,87.68,2.57
2026-09-21 03:09:25.151168,LINE-2-PACKAGING,87.32,2.29
2026-09-21 03:10:25.151168,LINE-2-PACKAGING,86.96,2.33
2026-09-21 03:11:25.151168,LINE-2-PACKAGING,85.86,2.36
2026-09-21 03:12:25.151168,LINE-2-PACKAGING,86.04,2.42
2026-09-21 03:13:25.151168,LINE-2-PACKAGING,85.98,2.18
2026-09-21 03:14:25.151168,LINE-2-PACKAGING,85.85,2.29
2026-09-21 03:15:25.151168,LINE-2-PACKAGING,88.09,2.25
2026-09-21 03:16:25.151168,LINE-2-PACKAGING,85.42,2.36
2026-09-21 03:17:25.151168,LINE-2-PACKAGING,86.78,2.47
2026-09-21 03:18:25.151168,LINE-2-PACKAGING,86.98,2.68
2026-09-21 03:19:25.151168,LINE-2-PACKAGING,87.08,2.46
2026-09-21 03:20:25.151168,LINE-2-PACKAGING,86.8,2.37
2026-09-21 03:21:25.151168,LINE-2-PACKAGING,85.06,2.35
2026-09-21 03:22:25.151168,LINE-2-PACKAGING,85.72,2.41
2026-09-21 03:23:25.151168,LINE-2-PACKAGING,86.39,2.65
2026-09-21 03:24:25.151168,LINE-2-PACKAGING,87.03,2.12
2026-09-21 03:25:25.151168,LINE-2-PACKAGING,86.17,2.7
2026-09-21 03:26:25.151168,LINE-2-PACKAGING,86.92,2.46
2026-09-21 03:27:25.151168,LINE-2-PACKAGING,87.69,2.43
2026-09-21 03:28:25.151168,LINE-2-PACKAGING,87.48,2.58
2026-09-21 03:29:25.151168,LINE-2-PACKAGING,85.02,2.46
2026-09-21 03:30:25.151168,LINE-2-PACKAGING,86.92,2.54
2026-09-21 03:31:25.151168,LINE-2-PACKAGING,85.89,2.65
2026-09-21 03:32:25.151168,LINE-2-PACKAGING,87.15,2.39
2026-09-21 03:33:25.151168,LINE-2-PACKAGING,86.79,2.35
2026-09-21 03:34:25.151168,LINE-2-PACKAGING,86.35,2.02
2026-09-21 03:35:25.151168,LINE-2-PACKAGING,84.91,2.46
2026-09-21 03:36:25.151168,LINE-2-PACKAGING,84.42,2.48
2026-09-21 03:37:25.151168,LINE-2-PACKAGING,85.9,2.53
2026-09-21 03:38:25.151168,LINE-2-PACKAGING,87.4,2.72
2026-09-21 03:39:25.151168,LINE-2-PACKAGING,86.02,2.49
2026-09-21 03:40:25.151168,LINE-2-PACKAGING,84.83,2.35
2026-09-21 03:41:25.151168,LINE-2-PACKAGING,85.55,2.26
2026-09-21 03:42:25.151168,LINE-2-PACKAGING,87.2,2.16
2026-09-21 03:43:25.151168,LINE-2-PACKAGING,86.23,2.44
2026-09-21 03:44:25.151168,LINE-2-PACKAGING,85.64,2.33
2026-09-21 03:45:25.151168,LINE-2-PACKAGING,85.74,2.44
2026-09-21 03:46:25.151168,LINE-2-PACKAGING,87.56,2.51
2026-09-21 03:47:25.151168,LINE-2-PACKAGING,85.3,2.65
2026-09-21 03:48:25.151168,LINE-2-PACKAGING,83.99,2.37
2026-09-21 03:49:25.151168,LINE-2-PACKAGING,84.01,2.36
2026-09-21 03:50:25.151168,LINE-2-PACKAGING,86.77,2.51
2026-09-21 03:51:25.151168,LINE-2-PACKAGING,86.42,2.41
2026-09-21 03:52:25.151168,LINE-2-PACKAGING,87.0,2.43
2026-09-21 03:53:25.151168,LINE-2-PACKAGING,85.93,2.44
2026-09-21 03:54:25.151168,LINE-2-PACKAGING,87.47,2.53
2026-09-21 03:55:25.151168,LINE-2-PACKAGING,85.46,2.41
2026-09-21 03:56:25.151168,LINE-2-PACKAGING,88.65,2.24
2026-09-21 03:57:25.151168,LINE-2-PACKAGING,85.99,2.13
2026-09-21 03:58:25.151168,LINE-2-PACKAGING,86.96,2.4
2026-09-21 03:59:25.151168,LINE-2-PACKAGING,84.84,2.18
2026-09-21 04:00:25.151168,LINE-2-PACKAGING,87.58,2.48
2026-09-21 04:01:25.151168,LINE-2-PACKAGING,87.38,2.53
2026-09-21 04:02:25.151168,LINE-2-PACKAGING,87.86,2.5
2026-09-21 04:03:25.151168,LINE-2-PACKAGING,87.45,2.31
2026-09-21 04:04:25.151168,LINE-2-PACKAGING,87.16,2.13
2026-09-21 04:05:25.151168,LINE-2-PACKAGING,85.34,2.34
2026-09-21 04:06:25.151168,LINE-2-PACKAGING,86.93,2.5
2026-09-21 04:07:25.151168,LINE-2-PACKAGING,84.95,2.43
2026-09-21 04:08:25.151168,LINE-2-PACKAGING,85.42,2.59
2026-09-21 04:09:25.151168,LINE-2-PACKAGING,86.34,2.7
2026-09-21 04:10:25.151168,LINE-2-PACKAGING,87.59,2.15
2026-09-21 04:11:25.151168,LINE-2-PACKAGING,85.96,2.43
2026-09-21 04:12:25.151168,LINE-2-PACKAGING,87.15,2.47
2026-09-21 04:13:25.151168,LINE-2-PACKAGING,87.03,2.23
2026-09-21 04:14:25.151168,LINE-2-PACKAGING,84.05,2.31
2026-09-21 04:15:25.151168,LINE-2-PACKAGING,84.59,2.43
2026-09-21 04:16:25.151168,LINE-2-PACKAGING,74.7,1.85
2026-09-21 04:17:25.151168,LINE-2-PACKAGING,75.22,1.94
2026-09-21 04:18:25.151168,LINE-2-PACKAGING,75.63,1.59
2026-09-21 04:19:25.151168,LINE-2-PACKAGING,72.95,2.09
2026-09-21 04:20:25.151168,LINE-2-PACKAGING,74.22,1.99
2026-09-21 04:21:25.151168,LINE-2-PACKAGING,74.7,2.02
2026-09-21 04:22:25.151168,LINE-2-PACKAGING,75.55,1.97
2026-09-21 04:23:25.151168,LINE-2-PACKAGING,74.83,2.16
2026-09-21 04:24:25.151168,LINE-2-PACKAGING,73.78,2.03
2026-09-21 04:25:25.151168,LINE-2-PACKAGING,75.25,2.16
2026-09-21 04:26:25.151168,LINE-2-PACKAGING,75.41,2.01
2026-09-21 04:27:25.151168,LINE-2-PACKAGING,74.61,1.96
2026-09-21 04:28:25.151168,LINE-2-PACKAGING,75.73,1.78
2026-09-21 04:29:25.151168,LINE-2-PACKAGING,74.37,1.95
2026-09-21 04:30:25.151168,LINE-2-PACKAGING,75.22,2.03
2026-09-21 04:31:25.151168,LINE-2-PACKAGING,75.89,2.02
2026-09-21 04:32:25.151168,LINE-2-PACKAGING,76.33,1.94
2026-09-21 04:33:25.151168,LINE-2-PACKAGING,75.37,1.72
2026-09-21 04:34:25.151168,LINE-2-PACKAGING,75.31,1.7
2026-09-21 04:35:25.151168,LINE-2-PACKAGING,75.65,2.0
2026-09-21 04:36:25.151168,LINE-2-PACKAGING,74.12,2.01
2026-09-21 04:37:25.151168,LINE-2-PACKAGING,75.17,1.88
2026-09-21 04:38:25.151168,LINE-2-PACKAGING,76.71,2.19
2026-09-21 04:39:25.151168,LINE-2-PACKAGING,75.82,2.06
2026-09-21 04:40:25.151168,LINE-2-PACKAGING,75.46,1.8
2026-09-21 04:41:25.151168,LINE-2-PACKAGING,76.13,2.1
2026-09-21 04:42:25.151168,LINE-2-PACKAGING,74.67,2.01
2026-09-21 04:43:25.151168,LINE-2-PACKAGING,76.32,2.13
2026-09-21 04:44:25.151168,LINE-2-PACKAGING,76.58,1.88
2026-09-21 04:45:25.151168,LINE-2-PACKAGING,76.0,1.99
2026-09-21 04:46:25.151168,LINE-2-PACKAGING,75.49,2.2
2026-09-21 04:47:25.151168,LINE-2-PACKAGING,73.43,2.1
2026-09-21 04:48:25.151168,LINE-2-PACKAGING,76.75,1.82
2026-09-21 04:49:25.151168,LINE-2-PACKAGING,75.08,2.16
2026-09-21 04:50:25.151168,LINE-2-PACKAGING,76.45,1.94
2026-09-21 04:51:25.151168,LINE-2-PACKAGING,77.21,1.95
2026-09-21 04:52:25.151168,LINE-2-PACKAGING,75.84,1.98
2026-09-21 04:53:25.151168,LINE-2-PACKAGING,75.86,1.95
2026-09-21 04:54:25.151168,LINE-2-PACKAGING,73.96,1.99
2026-09-21 04:55:25.151168,LINE-2-PACKAGING,74.16,2.23
2026-09-21 04:56:25.151168,LINE-2-PACKAGING,75.09,1.8
2026-09-21 04:57:25.151168,LINE-2-PACKAGING,75.03,1.7
2026-09-21 04:58:25.151168,LINE-2-PACKAGING,73.88,1.79
2026-09-21 04:59:25.151168,LINE-2-PACKAGING,73.66,2.16
2026-09-21 05:00:25.151168,LINE-2-PACKAGING,73.32,1.91
2026-09-21 05:01:25.151168,LINE-2-PACKAGING,78.02,2.1
2026-09-21 05:02:25.151168,LINE-2-PACKAGING,75.18,1.77
2026-09-21 05:03:25.151168,LINE-2-PACKAGING,75.21,2.0
2026-09-21 05:04:25.151168,LINE-2-PACKAGING,73.82,1.94
2026-09-21 05:05:25.151168,LINE-2-PACKAGING,76.24,2.11
2026-09-21 05:06:25.151168,LINE-2-PACKAGING,72.65,1.82
2026-09-21 05:07:25.151168,LINE-2-PACKAGING,73.45,1.85
2026-09-21 05:08:25.151168,LINE-2-PACKAGING,75.27,1.87
2026-09-21 05:09:25.151168,LINE-2-PACKAGING,74.27,1.99
2026-09-21 05:10:25.151168,LINE-2-PACKAGING,74.54,1.92
2026-09-21 05:11:25.151168,LINE-2-PACKAGING,74.42,1.97
2026-09-21 05:12:25.151168,LINE-2-PACKAGING,73.42,2.14
2026-09-21 05:13:25.151168,LINE-2-PACKAGING,73.04,1.84
2026-09-21 05:14:25.151168,LINE-2-PACKAGING,75.62,1.83
2026-09-21 05:15:25.151168,LINE-2-PACKAGING,75.43,2.1
2026-09-21 05:16:25.151168,LINE-2-PACKAGING,74.98,1.9
2026-09-21 05:17:25.151168,LINE-2-PACKAGING,75.57,1.82
2026-09-21 05:18:25.151168,LINE-2-PACKAGING,75.29,2.03
2026-09-21 05:19:25.151168,LINE-2-PACKAGING,75.22,1.88
2026-09-21 05:20:25.151168,LINE-2-PACKAGING,76.07,1.98
2026-09-21 05:21:25.151168,LINE-2-PACKAGING,75.84,1.89
2026-09-21 05:22:25.151168,LINE-2-PACKAGING,75.73,2.04
2026-09-21 05:23:25.151168,LINE-2-PACKAGING,74.56,1.99
2026-09-21 05:24:25.151168,LINE-2-PACKAGING,76.92,2.04
2026-09-21 05:25:25.151168,LINE-2-PACKAGING,74.75,2.02
2026-09-21 05:26:25.151168,LINE-2-PACKAGING,74.2,1.91
2026-09-21 05:27:25.151168,LINE-2-PACKAGING,75.29,2.24
2026-09-21 05:28:25.151168,LINE-2-PACKAGING,74.53,1.84
2026-09-21 05:29:25.151168,LINE-2-PACKAGING,75.69,2.15
2026-09-21 05:30:25.151168,LINE-2-PACKAGING,75.12,1.93
2026-09-21 05:31:25.151168,LINE-2-PACKAGING,73.88,2.07
2026-09-21 05:32:25.151168,LINE-2-PACKAGING,75.06,2.04
2026-09-21 05:33:25.151168,LINE-2-PACKAGING,75.24,2.04
2026-09-21 05:34:25.151168,LINE-2-PACKAGING,75.28,1.98
2026-09-21 05:35:25.151168,LINE-2-PACKAGING,74.92,1.91
2026-09-21 05:36:25.151168,LINE-2-PACKAGING,73.55,1.95
2026-09-21 05:37:25.151168,LINE-2-PACKAGING,75.64,1.96
2026-09-21 05:38:25.151168,LINE-2-PACKAGING,75.3,1.89
2026-09-21 05:39:25.151168,LINE-2-PACKAGING,76.71,2.06
2026-09-21 05:40:25.151168,LINE-2-PACKAGING,75.14,2.1
2026-09-21 05:41:25.151168,LINE-2-PACKAGING,73.72,2.14
2026-09-21 05:42:25.151168,LINE-2-PACKAGING,74.71,2.07
2026-09-21 05:43:25.151168,LINE-2-PACKAGING,75.1,2.04
2026-09-21 05:44:25.151168,LINE-2-PACKAGING,74.96,1.86
2026-09-21 05:45:25.151168,LINE-2-PACKAGING,74.21,1.84
2026-09-21 05:46:25.151168,LINE-2-PACKAGING,75.28,1.88
2026-09-21 05:47:25.151168,LINE-2-PACKAGING,73.37,2.09
2026-09-21 05:48:25.151168,LINE-2-PACKAGING,74.37,2.08
2026-09-21 05:49:25.151168,LINE-2-PACKAGING,74.55,1.93
2026-09-21 05:50:25.151168,LINE-2-PACKAGING,74.71,2.05
2026-09-21 05:51:25.151168,LINE-2-PACKAGING,74.8,2.19
2026-09-21 05:52:25.151168,LINE-2-PACKAGING,74.92,1.83
2026-09-21 05:53:25.151168,LINE-2-PACKAGING,76.3,1.86
2026-09-21 05:54:25.151168,LINE-2-PACKAGING,73.74,1.94
2026-09-21 05:55:25.151168,LINE-2-PACKAGING,75.12,2.29
2026-09-21 05:56:25.151168,LINE-2-PACKAGING,74.74,1.95
2026-09-21 05:57:25.151168,LINE-2-PACKAGING,76.27,2.04
2026-09-21 05:58:25.151168,LINE-2-PACKAGING,75.96,2.11
2026-09-21 05:59:25.151168,LINE-2-PACKAGING,75.3,2.25
2026-09-21 06:00:25.151168,LINE-2-PACKAGING,72.15,2.14
2026-09-21 06:01:25.151168,LINE-2-PACKAGING,72.23,2.21
2026-09-21 06:02:25.151168,LINE-2-PACKAGING,74.49,1.92
2026-09-21 06:03:25.151168,LINE-2-PACKAGING,75.81,2.04
2026-09-21 06:04:25.151168,LINE-2-PACKAGING,75.54,1.98
2026-09-21 06:05:25.151168,LINE-2-PACKAGING,72.91,1.85
2026-09-21 06:06:25.151168,LINE-2-PACKAGING,73.73,1.86
2026-09-21 06:07:25.151168,LINE-2-PACKAGING,75.0,2.21
2026-09-21 06:08:25.151168,LINE-2-PACKAGING,75.16,1.92
2026-09-21 06:09:25.151168,LINE-2-PACKAGING,76.23,1.95
2026-09-21 06:10:25.151168,LINE-2-PACKAGING,73.98,2.01
2026-09-21 06:11:25.151168,LINE-2-PACKAGING,75.08,1.94
2026-09-21 06:12:25.151168,LINE-2-PACKAGING,74.46,2.09
2026-09-21 06:13:25.151168,LINE-2-PACKAGING,75.12,2.1
2026-09-21 06:14:25.151168,LINE-2-PACKAGING,75.3,1.93
2026-09-21 06:15:25.151168,LINE-2-PACKAGING,75.11,2.02
2026-09-21 06:16:25.151168,LINE-2-PACKAGING,74.6,1.94
2026-09-21 06:17:25.151168,LINE-2-PACKAGING,74.88,1.81
2026-09-21 06:18:25.151168,LINE-2-PACKAGING,73.59,2.22
2026-09-21 06:19:25.151168,LINE-2-PACKAGING,73.82,1.93
2026-09-21 06:20:25.151168,LINE-2-PACKAGING,77.35,2.14
2026-09-21 06:21:25.151168,LINE-2-PACKAGING,75.11,2.11
2026-09-21 06:22:25.151168,LINE-2-PACKAGING,75.77,2.24
2026-09-21 06:23:25.151168,LINE-2-PACKAGING,75.77,1.82
2026-09-21 06:24:25.151168,LINE-2-PACKAGING,73.99,1.92
2026-09-21 06:25:25.151168,LINE-2-PACKAGING,76.11,2.13
2026-09-21 06:26:25.151168,LINE-2-PACKAGING,74.98,1.97
2026-09-21 06:27:25.151168,LINE-2-PACKAGING,76.05,1.82
2026-09-21 06:28:25.151168,LINE-2-PACKAGING,74.57,1.84
2026-09-21 06:29:25.151168,LINE-2-PACKAGING,75.4,1.92
2026-09-21 06:30:25.151168,LINE-2-PACKAGING,74.88,1.92
2026-09-21 06:31:25.151168,LINE-2-PACKAGING,73.7,1.95
2026-09-21 06:32:25.151168,LINE-2-PACKAGING,75.06,1.98
2026-09-21 06:33:25.151168,LINE-2-PACKAGING,76.89,2.06
2026-09-21 06:34:25.151168,LINE-2-PACKAGING,75.15,1.91
2026-09-21 06:35:25.151168,LINE-2-PACKAGING,73.67,2.27
2026-09-21 06:36:25.151168,LINE-2-PACKAGING,75.11,1.94
2026-09-21 06:37:25.151168,LINE-2-PACKAGING,77.38,2.17
2026-09-21 06:38:25.151168,LINE-2-PACKAGING,73.14,1.91
2026-09-21 06:39:25.151168,LINE-2-PACKAGING,75.66,1.98
2026-09-21 06:40:25.151168,LINE-2-PACKAGING,75.74,1.92
2026-09-21 06:41:25.151168,LINE-2-PACKAGING,74.99,1.93
2026-09-21 06:42:25.151168,LINE-2-PACKAGING,75.08,2.1
2026-09-21 06:43:25.151168,LINE-2-PACKAGING,75.89,1.81
2026-09-21 06:44:25.151168,LINE-2-PACKAGING,73.82,2.05
2026-09-21 06:45:25.151168,LINE-2-PACKAGING,74.6,1.93
2026-09-21 06:46:25.151168,LINE-2-PACKAGING,74.43,1.93
2026-09-21 06:47:25.151168,LINE-2-PACKAGING,74.25,2.04
2026-09-21 06:48:25.151168,LINE-2-PACKAGING,74.5,1.71
2026-09-21 06:49:25.151168,LINE-2-PACKAGING,75.3,2.09
2026-09-21 06:50:25.151168,LINE-2-PACKAGING,74.56,2.03
2026-09-21 06:51:25.151168,LINE-2-PACKAGING,75.68,2.0
2026-09-21 06:52:25.151168,LINE-2-PACKAGING,73.46,2.04
2026-09-21 06:53:25.151168,LINE-2-PACKAGING,74.32,2.24
2026-09-21 06:54:25.151168,LINE-2-PACKAGING,74.7,1.65
2026-09-21 06:55:25.151168,LINE-2-PACKAGING,75.78,2.22
2026-09-21 06:56:25.151168,LINE-2-PACKAGING,74.99,1.97
2026-09-21 06:57:25.151168,LINE-2-PACKAGING,74.33,2.3
2026-09-21 06:58:25.151168,LINE-2-PACKAGING,75.52,2.18
2026-09-21 06:59:25.151168,LINE-2-PACKAGING,74.94,2.08
2026-09-21 07:00:25.151168,LINE-2-PACKAGING,75.65,2.17
2026-09-21 07:01:25.151168,LINE-2-PACKAGING,75.85,2.02
2026-09-21 07:02:25.151168,LINE-2-PACKAGING,74.69,1.97
2026-09-21 07:03:25.151168,LINE-2-PACKAGING,75.49,1.99
2026-09-21 07:04:25.151168,LINE-2-PACKAGING,74.82,1.98
2026-09-21 07:05:25.151168,LINE-2-PACKAGING,74.88,1.85
2026-09-21 07:06:25.151168,LINE-2-PACKAGING,73.96,2.17
2026-09-21 07:07:25.151168,LINE-2-PACKAGING,74.1,1.79
2026-09-21 07:08:25.151168,LINE-2-PACKAGING,76.46,2.08
2026-09-21 07:09:25.151168,LINE-2-PACKAGING,74.36,2.0
2026-09-21 07:10:25.151168,LINE-2-PACKAGING,74.8,2.12
2026-09-21 07:11:25.151168,LINE-2-PACKAGING,74.72,1.92
2026-09-21 07:12:25.151168,LINE-2-PACKAGING,74.52,1.93
2026-09-21 07:13:25.151168,LINE-2-PACKAGING,75.63,2.18
2026-09-21 07:14:25.151168,LINE-2-PACKAGING,76.09,2.14
2026-09-21 07:15:25.151168,LINE-2-PACKAGING,73.8,2.17
2026-09-21 07:16:25.151168,LINE-2-PACKAGING,75.75,2.08
2026-09-21 07:17:25.151168,LINE-2-PACKAGING,73.12,1.98
2026-09-21 07:18:25.151168,LINE-2-PACKAGING,75.43,1.88
2026-09-21 07:19:25.151168,LINE-2-PACKAGING,76.43,2.12
2026-09-21 07:20:25.151168,LINE-2-PACKAGING,74.88,2.05
2026-09-21 07:21:25.151168,LINE-2-PACKAGING,74.22,1.82
2026-09-21 07:22:25.151168,LINE-2-PACKAGING,74.71,2.04
2026-09-21 07:23:25.151168,LINE-2-PACKAGING,74.0,1.76
2026-09-21 07:24:25.151168,LINE-2-PACKAGING,75.53,2.09
2026-09-21 07:25:25.151168,LINE-2-PACKAGING,75.12,2.0
2026-09-21 07:26:25.151168,LINE-2-PACKAGING,75.84,2.08
2026-09-21 07:27:25.151168,LINE-2-PACKAGING,75.21,2.04
2026-09-21 07:28:25.151168,LINE-2-PACKAGING,75.19,2.15
2026-09-21 07:29:25.151168,LINE-2-PACKAGING,74.82,2.02
2026-09-21 07:30:25.151168,LINE-2-PACKAGING,74.67,1.77
2026-09-21 07:31:25.151168,LINE-2-PACKAGING,75.05,2.01
2026-09-21 07:32:25.151168,LINE-2-PACKAGING,74.79,2.0
2026-09-21 07:33:25.151168,LINE-2-PACKAGING,75.69,1.92
2026-09-21 07:34:25.151168,LINE-2-PACKAGING,75.22,2.0
2026-09-21 07:35:25.151168,LINE-2-PACKAGING,74.96,2.06
2026-09-21 07:36:25.151168,LINE-2-PACKAGING,76.49,1.92
2026-09-21 07:37:25.151168,LINE-2-PACKAGING,74.07,2.16
2026-09-21 07:38:25.151168,LINE-2-PACKAGING,76.16,2.08
2026-09-21 07:39:25.151168,LINE-2-PACKAGING,74.44,1.91
2026-09-21 07:40:25.151168,LINE-2-PACKAGING,75.85,2.01
2026-09-21 07:41:25.151168,LINE-2-PACKAGING,74.49,1.82
2026-09-21 07:42:25.151168,LINE-2-PACKAGING,75.58,1.94
2026-09-21 07:43:25.151168,LINE-2-PACKAGING,75.8,1.77
2026-09-21 07:44:25.151168,LINE-2-PACKAGING,74.71,2.03
2026-09-21 07:45:25.151168,LINE-2-PACKAGING,74.54,2.17
2026-09-21 07:46:25.151168,LINE-2-PACKAGING,77.26,2.19
2026-09-21 07:47:25.151168,LINE-2-PACKAGING,74.99,2.03
2026-09-21 07:48:25.151168,LINE-2-PACKAGING,75.41,1.95
2026-09-21 07:49:25.151168,LINE-2-PACKAGING,75.47,2.13
2026-09-21 07:50:25.151168,LINE-2-PACKAGING,74.7,1.89
2026-09-21 07:51:25.151168,LINE-2-PACKAGING,74.57,2.16
2026-09-21 07:52:25.151168,LINE-2-PACKAGING,76.43,2.06
2026-09-21 07:53:25.151168,LINE-2-PACKAGING,77.33,1.85
2026-09-21 07:54:25.151168,LINE-2-PACKAGING,75.97,1.82
2026-09-21 07:55:25.151168,LINE-2-PACKAGING,77.16,2.19
2026-09-21 07:56:25.151168,LINE-2-PACKAGING,75.97,2.28
2026-09-21 07:57:25.151168,LINE-2-PACKAGING,74.37,1.8
2026-09-21 07:58:25.151168,LINE-2-PACKAGING,76.28,2.31
2026-09-21 07:59:25.151168,LINE-2-PACKAGING,77.62,1.94
2026-09-21 08:00:25.151168,LINE-2-PACKAGING,74.4,1.81
2026-09-21 08:01:25.151168,LINE-2-PACKAGING,75.17,2.07
2026-09-21 08:02:25.151168,LINE-2-PACKAGING,75.07,2.12
2026-09-21 08:03:25.151168,LINE-2-PACKAGING,76.13,2.09
2026-09-21 08:04:25.151168,LINE-2-PACKAGING,74.44,1.92
2026-09-21 08:05:25.151168,LINE-2-PACKAGING,74.98,1.97
2026-09-21 08:06:25.151168,LINE-2-PACKAGING,75.76,1.91
2026-09-21 08:07:25.151168,LINE-2-PACKAGING,75.94,2.28
2026-09-21 08:08:25.151168,LINE-2-PACKAGING,75.43,2.2
2026-09-21 08:09:25.151168,LINE-2-PACKAGING,77.43,1.92
2026-09-21 08:10:25.151168,LINE-2-PACKAGING,76.74,1.99
2026-09-21 08:11:25.151168,LINE-2-PACKAGING,74.76,2.16
2026-09-21 08:12:25.151168,LINE-2-PACKAGING,75.77,2.0
2026-09-21 08:13:25.151168,LINE-2-PACKAGING,75.56,1.96
2026-09-21 08:14:25.151168,LINE-2-PACKAGING,75.14,1.69
2026-09-21 08:15:25.151168,LINE-2-PACKAGING,74.92,2.13
2026-09-21 08:16:25.151168,LINE-2-PACKAGING,75.17,1.98
2026-09-21 08:17:25.151168,LINE-2-PACKAGING,72.35,1.95
2026-09-21 08:18:25.151168,LINE-2-PACKAGING,75.28,1.95
2026-09-21 08:19:25.151168,LINE-2-PACKAGING,73.98,1.98
2026-09-21 08:20:25.151168,LINE-2-PACKAGING,75.78,1.73
2026-09-21 08:21:25.151168,LINE-2-PACKAGING,74.86,2.1
2026-09-21 08:22:25.151168,LINE-2-PACKAGING,74.62,1.94
2026-09-21 08:23:25.151168,LINE-2-PACKAGING,74.75,2.04
2026-09-21 08:24:25.151168,LINE-2-PACKAGING,74.68,1.95
2026-09-21 08:25:25.151168,LINE-2-PACKAGING,74.58,1.93
2026-09-21 08:26:25.151168,LINE-2-PACKAGING,73.07,2.13
2026-09-21 08:27:25.151168,LINE-2-PACKAGING,74.12,1.7
2026-09-21 08:28:25.151168,LINE-2-PACKAGING,74.6,2.21
2026-09-21 08:29:25.151168,LINE-2-PACKAGING,73.16,1.97
2026-09-21 08:30:25.151168,LINE-2-PACKAGING,75.5,1.74
2026-09-21 08:31:25.151168,LINE-2-PACKAGING,75.92,1.99
2026-09-21 08:32:25.151168,LINE-2-PACKAGING,73.92,2.05
2026-09-21 08:33:25.151168,LINE-2-PACKAGING,74.89,1.99
2026-09-21 08:34:25.151168,LINE-2-PACKAGING,72.81,1.77
2026-09-21 08:35:25.151168,LINE-2-PACKAGING,74.7,2.06
2026-09-21 08:36:25.151168,LINE-2-PACKAGING,73.44,2.19
2026-09-21 08:37:25.151168,LINE-2-PACKAGING,74.38,1.96
2026-09-21 08:38:25.151168,LINE-2-PACKAGING,75.32,2.04
2026-09-21 08:39:25.151168,LINE-2-PACKAGING,75.56,1.92
2026-09-21 08:40:25.151168,LINE-2-PACKAGING,74.8,2.01
2026-09-21 08:41:25.151168,LINE-2-PACKAGING,75.07,2.16
2026-09-21 08:42:25.151168,LINE-2-PACKAGING,76.74,2.06
2026-09-21 08:43:25.151168,LINE-2-PACKAGING,73.96,1.89
2026-09-21 08:44:25.151168,LINE-2-PACKAGING,74.27,1.91
2026-09-21 08:45:25.151168,LINE-2-PACKAGING,74.63,2.06
2026-09-21 08:46:25.151168,LINE-2-PACKAGING,76.92,2.13
2026-09-21 08:47:25.151168,LINE-2-PACKAGING,73.57,2.17
2026-09-21 08:48:25.151168,LINE-2-PACKAGING,73.8,1.92
2026-09-21 08:49:25.151168,LINE-2-PACKAGING,74.55,2.13
2026-09-21 08:50:25.151168,LINE-2-PACKAGING,73.79,2.03
2026-09-21 08:51:25.151168,LINE-2-PACKAGING,73.42,2.0
2026-09-21 08:52:25.151168,LINE-2-PACKAGING,74.05,1.75
2026-09-21 08:53:25.151168,LINE-2-PACKAGING,73.52,1.99
2026-09-21 08:54:25.151168,LINE-2-PACKAGING,74.94,1.95
2026-09-21 08:55:25.151168,LINE-2-PACKAGING,74.6,2.01
2026-09-21 08:56:25.151168,LINE-2-PACKAGING,72.66,2.0
2026-09-21 08:57:25.151168,LINE-2-PACKAGING,75.87,1.85
2026-09-21 08:58:25.151168,LINE-2-PACKAGING,75.94,1.89
2026-09-21 08:59:25.151168,LINE-2-PACKAGING,72.09,1.93
2026-09-21 09:00:25.151168,LINE-2-PACKAGING,73.77,2.0
2026-09-21 09:01:25.151168,LINE-2-PACKAGING,74.12,1.97
2026-09-21 09:02:25.151168,LINE-2-PACKAGING,76.11,1.81
2026-09-21 09:03:25.151168,LINE-2-PACKAGING,74.28,2.08
2026-09-21 09:04:25.151168,LINE-2-PACKAGING,75.72,2.03
2026-09-21 09:05:25.151168,LINE-2-PACKAGING,73.69,1.8
2026-09-21 09:06:25.151168,LINE-2-PACKAGING,74.32,1.87
2026-09-21 09:07:25.151168,LINE-2-PACKAGING,73.29,2.03
2026-09-21 09:08:25.151168,LINE-2-PACKAGING,75.19,1.93
2026-09-21 09:09:25.151168,LINE-2-PACKAGING,76.31,1.94
2026-09-21 09:10:25.151168,LINE-2-PACKAGING,74.7,1.87
2026-09-21 09:11:25.151168,LINE-2-PACKAGING,73.77,2.07
2026-09-21 09:12:25.151168,LINE-2-PACKAGING,75.07,1.83
2026-09-21 09:13:25.151168,LINE-2-PACKAGING,75.92,1.95
2026-09-21 09:14:25.151168,LINE-2-PACKAGING,74.57,1.78
2026-09-21 09:15:25.151168,LINE-2-PACKAGING,75.27,1.89
2026-09-21 09:16:25.151168,LINE-2-PACKAGING,75.67,2.21
2026-09-21 09:17:25.151168,LINE-2-PACKAGING,75.03,1.96
2026-09-21 09:18:25.151168,LINE-2-PACKAGING,75.63,1.83
2026-09-21 09:19:25.151168,LINE-2-PACKAGING,73.99,1.92
2026-09-21 09:20:25.151168,LINE-2-PACKAGING,75.07,1.99
2026-09-21 09:21:25.151168,LINE-2-PACKAGING,76.5,2.0
2026-09-21 09:22:25.151168,LINE-2-PACKAGING,73.94,2.04
2026-09-21 09:23:25.151168,LINE-2-PACKAGING,74.1,1.96
2026-09-21 09:24:25.151168,LINE-2-PACKAGING,73.21,2.32
2026-09-21 09:25:25.151168,LINE-2-PACKAGING,73.51,1.94
2026-09-21 09:26:25.151168,LINE-2-PACKAGING,75.31,2.15
2026-09-21 09:27:25.151168,LINE-2-PACKAGING,76.01,1.96
2026-09-21 09:28:25.151168,LINE-2-PACKAGING,76.23,2.05
2026-09-21 09:29:25.151168,LINE-2-PACKAGING,75.46,2.0
2026-09-21 09:30:25.151168,LINE-2-PACKAGING,74.79,2.03
2026-09-21 09:31:25.151168,LINE-2-PACKAGING,74.39,1.88
2026-09-21 09:32:25.151168,LINE-2-PACKAGING,76.02,1.89
2026-09-21 09:33:25.151168,LINE-2-PACKAGING,75.83,1.78
2026-09-21 09:34:25.151168,LINE-2-PACKAGING,75.79,1.76
2026-09-21 09:35:25.151168,LINE-2-PACKAGING,73.05,1.72
2026-09-21 09:36:25.151168,LINE-2-PACKAGING,74.72,1.74
2026-09-21 09:37:25.151168,LINE-2-PACKAGING,73.97,2.22
2026-09-21 09:38:25.151168,LINE-2-PACKAGING,74.92,2.01
2026-09-21 09:39:25.151168,LINE-2-PACKAGING,75.29,1.98
2026-09-21 09:40:25.151168,LINE-2-PACKAGING,74.86,1.88
2026-09-21 09:41:25.151168,LINE-2-PACKAGING,75.02,2.05
2026-09-21 09:42:25.151168,LINE-2-PACKAGING,75.85,2.13
2026-09-21 09:43:25.151168,LINE-2-PACKAGING,74.51,2.25
2026-09-21 09:44:25.151168,LINE-2-PACKAGING,75.67,2.02
2026-09-21 09:45:25.151168,LINE-2-PACKAGING,76.01,2.0
2026-09-21 09:46:25.151168,LINE-2-PACKAGING,74.02,2.07
2026-09-21 09:47:25.151168,LINE-2-PACKAGING,75.39,2.03
2026-09-21 09:48:25.151168,LINE-2-PACKAGING,75.14,2.14
2026-09-21 09:49:25.151168,LINE-2-PACKAGING,74.54,2.22
2026-09-21 09:50:25.151168,LINE-2-PACKAGING,71.68,1.97
2026-09-21 09:51:25.151168,LINE-2-PACKAGING,75.55,1.9
2026-09-21 09:52:25.151168,LINE-2-PACKAGING,74.81,2.16
2026-09-21 09:53:25.151168,LINE-2-PACKAGING,74.21,1.96
2026-09-21 09:54:25.151168,LINE-2-PACKAGING,75.08,1.9
2026-09-21 09:55:25.151168,LINE-2-PACKAGING,75.8,2.02
2026-09-21 09:56:25.151168,LINE-2-PACKAGING,72.64,1.92
2026-09-21 09:57:25.151168,LINE-2-PACKAGING,74.17,2.03
2026-09-21 09:58:25.151168,LINE-2-PACKAGING,76.44,1.99
2026-09-21 09:59:25.151168,LINE-2-PACKAGING,75.05,2.02
2026-09-21 10:00:25.151168,LINE-2-PACKAGING,74.36,1.9
2026-09-21 10:01:25.151168,LINE-2-PACKAGING,74.49,2.11
2026-09-21 10:02:25.151168,LINE-2-PACKAGING,76.62,1.69
2026-09-21 10:03:25.151168,LINE-2-PACKAGING,76.4,2.39
2026-09-21 10:04:25.151168,LINE-2-PACKAGING,77.09,1.98
2026-09-21 10:05:25.151168,LINE-2-PACKAGING,76.78,1.7
2026-09-21 10:06:25.151168,LINE-2-PACKAGING,75.68,1.94
2026-09-21 10:07:25.151168,LINE-2-PACKAGING,74.16,1.98
2026-09-21 10:08:25.151168,LINE-2-PACKAGING,74.95,1.71
2026-09-21 10:09:25.151168,LINE-2-PACKAGING,75.37,1.74
2026-09-21 10:10:25.151168,LINE-2-PACKAGING,76.6,1.9
2026-09-21 10:11:25.151168,LINE-2-PACKAGING,75.64,2.08
2026-09-21 10:12:25.151168,LINE-2-PACKAGING,75.28,2.07
2026-09-21 10:13:25.151168,LINE-2-PACKAGING,73.83,2.28
2026-09-21 10:14:25.151168,LINE-2-PACKAGING,76.16,2.04
2026-09-21 10:15:25.151168,LINE-2-PACKAGING,71.72,2.08
2026-09-21 10:16:25.151168,LINE-2-PACKAGING,74.72,2.08
2026-09-21 10:17:25.151168,LINE-2-PACKAGING,75.39,1.91
2026-09-21 10:18:25.151168,LINE-2-PACKAGING,75.1,2.04
2026-09-21 10:19:25.151168,LINE-2-PACKAGING,74.91,1.94
2026-09-21 10:20:25.151168,LINE-2-PACKAGING,74.9,1.86
2026-09-21 10:21:25.151168,LINE-2-PACKAGING,75.5,1.88
2026-09-21 10:22:25.151168,LINE-2-PACKAGING,74.49,2.15
2026-09-21 10:23:25.151168,LINE-2-PACKAGING,73.65,2.01
2026-09-21 10:24:25.151168,LINE-2-PACKAGING,73.71,1.9
2026-09-21 10:25:25.151168,LINE-2-PACKAGING,73.4,1.97
2026-09-21 10:26:25.151168,LINE-2-PACKAGING,74.51,1.98
2026-09-21 10:27:25.151168,LINE-2-PACKAGING,75.98,1.86
2026-09-21 10:28:25.151168,LINE-2-PACKAGING,75.93,2.17
2026-09-21 10:29:25.151168,LINE-2-PACKAGING,76.4,2.04
2026-09-21 10:30:25.151168,LINE-2-PACKAGING,76.22,2.23
2026-09-21 10:31:25.151168,LINE-2-PACKAGING,73.8,1.99
2026-09-21 10:32:25.151168,LINE-2-PACKAGING,75.91,2.0
2026-09-21 10:33:25.151168,LINE-2-PACKAGING,74.24,1.79
2026-09-21 10:34:25.151168,LINE-2-PACKAGING,75.66,2.07
2026-09-21 10:35:25.151168,LINE-2-PACKAGING,74.36,2.08
2026-09-21 10:36:25.151168,LINE-2-PACKAGING,75.11,1.84
2026-09-21 10:37:25.151168,LINE-2-PACKAGING,75.31,2.09
2026-09-21 10:38:25.151168,LINE-2-PACKAGING,75.66,2.03
2026-09-21 10:39:25.151168,LINE-2-PACKAGING,74.79,2.01
2026-09-21 10:40:25.151168,LINE-2-PACKAGING,75.37,1.83
2026-09-21 10:41:25.151168,LINE-2-PACKAGING,75.31,1.95
2026-09-21 10:42:25.151168,LINE-2-PACKAGING,73.93,2.13
2026-09-21 10:43:25.151168,LINE-2-PACKAGING,75.1,1.94
2026-09-21 10:44:25.151168,LINE-2-PACKAGING,75.02,2.03
2026-09-21 10:45:25.151168,LINE-2-PACKAGING,74.82,1.98
2026-09-21 10:46:25.151168,LINE-2-PACKAGING,73.63,1.76
2026-09-21 10:47:25.151168,LINE-2-PACKAGING,76.18,1.75
2026-09-21 10:48:25.151168,LINE-2-PACKAGING,74.68,2.03
2026-09-21 10:49:25.151168,LINE-2-PACKAGING,75.94,2.15
2026-09-21 10:50:25.151168,LINE-2-PACKAGING,76.62,1.69
2026-09-21 10:51:25.151168,LINE-2-PACKAGING,74.79,1.99
2026-09-21 10:52:25.151168,LINE-2-PACKAGING,74.55,1.97
2026-09-21 10:53:25.151168,LINE-2-PACKAGING,75.12,2.08
2026-09-21 10:54:25.151168,LINE-2-PACKAGING,74.85,1.99
2026-09-21 10:55:25.151168,LINE-2-PACKAGING,75.59,1.97
2026-09-21 10:56:25.151168,LINE-2-PACKAGING,75.47,2.14
2026-09-21 10:57:25.151168,LINE-2-PACKAGING,75.9,1.85
2026-09-21 10:58:25.151168,LINE-2-PACKAGING,74.48,1.78
2026-09-21 10:59:25.151168,LINE-2-PACKAGING,76.67,1.85
2026-09-21 11:00:25.151168,LINE-2-PACKAGING,75.13,2.18
2026-09-21 11:01:25.151168,LINE-2-PACKAGING,75.86,1.8
2026-09-21 11:02:25.151168,LINE-2-PACKAGING,72.78,1.98
2026-09-21 11:03:25.151168,LINE-2-PACKAGING,75.8,2.03
2026-09-21 11:04:25.151168,LINE-2-PACKAGING,76.37,2.0
2026-09-21 11:05:25.151168,LINE-2-PACKAGING,75.37,1.81
2026-09-21 11:06:25.151168,LINE-2-PACKAGING,74.66,2.01
2026-09-21 11:07:25.151168,LINE-2-PACKAGING,74.59,1.72
2026-09-21 11:08:25.151168,LINE-2-PACKAGING,74.81,1.9
2026-09-21 11:09:25.151168,LINE-2-PACKAGING,77.0,2.13
2026-09-21 11:10:25.151168,LINE-2-PACKAGING,74.68,1.92
2026-09-21 11:11:25.151168,LINE-2-PACKAGING,74.62,1.99
2026-09-21 11:12:25.151168,LINE-2-PACKAGING,75.87,1.91
2026-09-21 11:13:25.151168,LINE-2-PACKAGING,75.86,1.97
2026-09-21 11:14:25.151168,LINE-2-PACKAGING,76.15,1.89
2026-09-21 11:15:25.151168,LINE-2-PACKAGING,73.04,1.95
2026-09-21 11:16:25.151168,LINE-2-PACKAGING,73.91,1.9
2026-09-21 11:17:25.151168,LINE-2-PACKAGING,73.82,2.18
2026-09-21 11:18:25.151168,LINE-2-PACKAGING,76.92,2.29
2026-09-21 11:19:25.151168,LINE-2-PACKAGING,75.51,1.94
2026-09-21 11:20:25.151168,LINE-2-PACKAGING,73.89,2.16
2026-09-21 11:21:25.151168,LINE-2-PACKAGING,76.12,2.11
2026-09-21 11:22:25.151168,LINE-2-PACKAGING,75.68,1.85
2026-09-21 11:23:25.151168,LINE-2-PACKAGING,77.33,1.97
2026-09-21 11:24:25.151168,LINE-2-PACKAGING,75.3,2.15
2026-09-21 11:25:25.151168,LINE-2-PACKAGING,73.71,2.24
2026-09-21 11:26:25.151168,LINE-2-PACKAGING,75.1,2.13
2026-09-21 11:27:25.151168,LINE-2-PACKAGING,72.71,1.95
2026-09-21 11:28:25.151168,LINE-2-PACKAGING,74.07,1.98
2026-09-21 11:29:25.151168,LINE-2-PACKAGING,74.87,1.83
2026-09-21 11:30:25.151168,LINE-2-PACKAGING,76.23,1.77
2026-09-21 11:31:25.151168,LINE-2-PACKAGING,75.77,1.98
2026-09-21 11:32:25.151168,LINE-2-PACKAGING,74.48,2.07
2026-09-21 11:33:25.151168,LINE-2-PACKAGING,76.87,2.28
2026-09-21 11:34:25.151168,LINE-2-PACKAGING,75.96,1.95
2026-09-21 11:35:25.151168,LINE-2-PACKAGING,74.54,2.01
2026-09-21 11:36:25.151168,LINE-2-PACKAGING,76.01,2.04
2026-09-21 11:37:25.151168,LINE-2-PACKAGING,75.33,2.15
2026-09-21 11:38:25.151168,LINE-2-PACKAGING,75.39,1.97
2026-09-21 11:39:25.151168,LINE-2-PACKAGING,73.44,1.88
2026-09-21 11:40:25.151168,LINE-2-PACKAGING,75.2,2.11
2026-09-21 11:41:25.151168,LINE-2-PACKAGING,74.94,1.89
2026-09-21 11:42:25.151168,LINE-2-PACKAGING,76.13,1.87
2026-09-21 11:43:25.151168,LINE-2-PACKAGING,75.32,2.03
2026-09-21 11:44:25.151168,LINE-2-PACKAGING,73.1,2.13
2026-09-21 11:45:25.151168,LINE-2-PACKAGING,76.15,2.3
2026-09-21 11:46:25.151168,LINE-2-PACKAGING,75.12,1.94
2026-09-21 11:47:25.151168,LINE-2-PACKAGING,75.47,1.97
2026-09-21 11:48:25.151168,LINE-2-PACKAGING,74.56,2.06
2026-09-21 11:49:25.151168,LINE-2-PACKAGING,75.94,2.08
2026-09-21 11:50:25.151168,LINE-2-PACKAGING,75.47,1.92
2026-09-21 11:51:25.151168,LINE-2-PACKAGING,75.07,2.16
2026-09-21 11:52:25.151168,LINE-2-PACKAGING,74.42,1.95
2026-09-21 11:53:25.151168,LINE-2-PACKAGING,73.64,1.9
2026-09-21 11:54:25.151168,LINE-2-PACKAGING,75.48,1.98
2026-09-21 11:55:25.151168,LINE-2-PACKAGING,74.51,2.12
2026-09-21 11:56:25.151168,LINE-2-PACKAGING,76.01,2.26
2026-09-21 11:57:25.151168,LINE-2-PACKAGING,74.85,2.06
2026-09-21 11:58:25.151168,LINE-2-PACKAGING,75.03,1.88
2026-09-21 11:59:25.151168,LINE-2-PACKAGING,73.42,2.33
2026-09-21 12:00:25.151168,LINE-2-PACKAGING,77.03,1.54
2026-09-21 12:01:25.151168,LINE-2-PACKAGING,74.99,2.03
2026-09-21 12:02:25.151168,LINE-2-PACKAGING,74.35,2.17
2026-09-21 12:03:25.151168,LINE-2-PACKAGING,75.55,2.3
2026-09-21 12:04:25.151168,LINE-2-PACKAGING,75.69,2.11
2026-09-21 12:05:25.151168,LINE-2-PACKAGING,74.67,1.98
2026-09-21 12:06:25.151168,LINE-2-PACKAGING,75.11,1.93
2026-09-21 12:07:25.151168,LINE-2-PACKAGING,75.18,2.06
2026-09-21 12:08:25.151168,LINE-2-PACKAGING,74.51,2.05
2026-09-21 12:09:25.151168,LINE-2-PACKAGING,73.62,1.88
2026-09-21 12:10:25.151168,LINE-2-PACKAGING,74.15,2.04
2026-09-21 12:11:25.151168,LINE-2-PACKAGING,74.85,1.91
2026-09-21 12:12:25.151168,LINE-2-PACKAGING,73.75,2.12
2026-09-21 12:13:25.151168,LINE-2-PACKAGING,75.79,2.22
2026-09-21 12:14:25.151168,LINE-2-PACKAGING,76.74,2.04
2026-09-21 12:15:25.151168,LINE-2-PACKAGING,75.7,2.14
2026-09-21 12:16:25.151168,LINE-2-PACKAGING,73.78,2.12
2026-09-21 12:17:25.151168,LINE-2-PACKAGING,73.59,1.69
2026-09-21 12:18:25.151168,LINE-2-PACKAGING,74.98,2.01
2026-09-21 12:19:25.151168,LINE-2-PACKAGING,74.47,1.88
2026-09-21 12:20:25.151168,LINE-2-PACKAGING,73.25,1.93
2026-09-21 12:21:25.151168,LINE-2-PACKAGING,74.67,1.98
2026-09-21 12:22:25.151168,LINE-2-PACKAGING,74.75,1.99
2026-09-21 12:23:25.151168,LINE-2-PACKAGING,76.14,1.92
2026-09-21 12:24:25.151168,LINE-2-PACKAGING,75.49,1.81
2026-09-21 12:25:25.151168,LINE-2-PACKAGING,75.09,2.3
2026-09-21 12:26:25.151168,LINE-2-PACKAGING,75.86,1.69
2026-09-21 12:27:25.151168,LINE-2-PACKAGING,74.88,2.02
2026-09-21 12:28:25.151168,LINE-2-PACKAGING,74.39,2.29
2026-09-21 12:29:25.151168,LINE-2-PACKAGING,73.38,1.88
2026-09-21 12:30:25.151168,LINE-2-PACKAGING,74.41,2.33
2026-09-21 12:31:25.151168,LINE-2-PACKAGING,74.91,2.03
2026-09-21 12:32:25.151168,LINE-2-PACKAGING,76.51,1.98
2026-09-21 12:33:25.151168,LINE-2-PACKAGING,74.9,2.3
2026-09-21 12:34:25.151168,LINE-2-PACKAGING,76.45,2.0
2026-09-21 12:35:25.151168,LINE-2-PACKAGING,74.86,2.12
2026-09-21 12:36:25.151168,LINE-2-PACKAGING,75.07,1.99
2026-09-21 12:37:25.151168,LINE-2-PACKAGING,75.43,1.87
2026-09-21 12:38:25.151168,LINE-2-PACKAGING,75.02,1.9
2026-09-21 12:39:25.151168,LINE-2-PACKAGING,73.47,2.15
2026-09-21 12:40:25.151168,LINE-2-PACKAGING,75.46,1.97
2026-09-21 12:41:25.151168,LINE-2-PACKAGING,76.01,1.79
2026-09-21 12:42:25.151168,LINE-2-PACKAGING,73.83,2.09
2026-09-21 12:43:25.151168,LINE-2-PACKAGING,74.88,2.0
2026-09-21 12:44:25.151168,LINE-2-PACKAGING,74.3,2.03
2026-09-21 12:45:25.151168,LINE-2-PACKAGING,75.28,2.11
2026-09-21 12:46:25.151168,LINE-2-PACKAGING,73.94,1.89
2026-09-21 12:47:25.151168,LINE-2-PACKAGING,75.35,1.92
2026-09-21 12:48:25.151168,LINE-2-PACKAGING,73.98,1.83
2026-09-21 12:49:25.151168,LINE-2-PACKAGING,76.42,2.11
2026-09-21 12:50:25.151168,LINE-2-PACKAGING,75.17,1.84
2026-09-21 12:51:25.151168,LINE-2-PACKAGING,75.34,1.9
2026-09-21 12:52:25.151168,LINE-2-PACKAGING,73.17,2.06
2026-09-21 12:53:25.151168,LINE-2-PACKAGING,75.66,2.11
2026-09-21 12:54:25.151168,LINE-2-PACKAGING,76.29,1.98
2026-09-21 12:55:25.151168,LINE-2-PACKAGING,74.69,1.97
2026-09-21 12:56:25.151168,LINE-2-PACKAGING,74.96,1.91
2026-09-21 12:57:25.151168,LINE-2-PACKAGING,75.57,2.08
2026-09-21 12:58:25.151168,LINE-2-PACKAGING,74.45,1.88
2026-09-21 12:59:25.151168,LINE-2-PACKAGING,75.57,2.14
2026-09-21 13:00:25.151168,LINE-2-PACKAGING,74.79,2.11
2026-09-21 13:01:25.151168,LINE-2-PACKAGING,74.49,2.11
2026-09-21 13:02:25.151168,LINE-2-PACKAGING,76.62,2.01
2026-09-21 13:03:25.151168,LINE-2-PACKAGING,74.75,1.96
2026-09-21 13:04:25.151168,LINE-2-PACKAGING,74.95,2.19
2026-09-21 13:05:25.151168,LINE-2-PACKAGING,75.45,2.02
2026-09-21 13:06:25.151168,LINE-2-PACKAGING,75.49,2.2
2026-09-21 13:07:25.151168,LINE-2-PACKAGING,73.94,2.18
2026-09-21 13:08:25.151168,LINE-2-PACKAGING,74.77,1.91
2026-09-21 13:09:25.151168,LINE-2-PACKAGING,76.04,1.73
2026-09-21 13:10:25.151168,LINE-2-PACKAGING,75.35,1.93
2026-09-21 13:11:25.151168,LINE-2-PACKAGING,75.85,2.08
2026-09-21 13:12:25.151168,LINE-2-PACKAGING,74.08,1.78
2026-09-21 13:13:25.151168,LINE-2-PACKAGING,74.79,2.23
2026-09-21 13:14:25.151168,LINE-2-PACKAGING,75.94,2.13
2026-09-21 13:15:25.151168,LINE-2-PACKAGING,74.6,1.95
2026-09-21 13:16:25.151168,LINE-2-PACKAGING,76.63,2.02
2026-09-21 13:17:25.151168,LINE-2-PACKAGING,76.91,2.05
2026-09-21 13:18:25.151168,LINE-2-PACKAGING,74.83,2.12
2026-09-21 13:19:25.151168,LINE-2-PACKAGING,75.24,2.13
2026-09-21 13:20:25.151168,LINE-2-PACKAGING,74.77,2.0
2026-09-21 13:21:25.151168,LINE-2-PACKAGING,74.56,1.8
2026-09-21 13:22:25.151168,LINE-2-PACKAGING,73.3,1.66
2026-09-21 13:23:25.151168,LINE-2-PACKAGING,74.22,1.83
2026-09-21 13:24:25.151168,LINE-2-PACKAGING,74.0,2.03
2026-09-21 13:25:25.151168,LINE-2-PACKAGING,75.6,1.97
2026-09-21 13:26:25.151168,LINE-2-PACKAGING,75.27,1.7
2026-09-21 13:27:25.151168,LINE-2-PACKAGING,76.4,2.05
2026-09-21 13:28:25.151168,LINE-2-PACKAGING,73.64,1.98
2026-09-21 13:29:25.151168,LINE-2-PACKAGING,75.67,1.99
2026-09-21 13:30:25.151168,LINE-2-PACKAGING,74.47,2.09
2026-09-21 13:31:25.151168,LINE-2-PACKAGING,74.89,1.73
2026-09-21 13:32:25.151168,LINE-2-PACKAGING,76.42,2.07
2026-09-21 13:33:25.151168,LINE-2-PACKAGING,74.74,1.82
2026-09-21 13:34:25.151168,LINE-2-PACKAGING,74.13,1.97
2026-09-21 13:35:25.151168,LINE-2-PACKAGING,74.49,2.03
2026-09-21 13:36:25.151168,LINE-2-PACKAGING,75.85,1.92
2026-09-21 13:37:25.151168,LINE-2-PACKAGING,75.9,1.86
2026-09-21 13:38:25.151168,LINE-2-PACKAGING,75.88,1.78
2026-09-21 13:39:25.151168,LINE-2-PACKAGING,75.92,2.05
2026-09-21 13:40:25.151168,LINE-2-PACKAGING,75.67,1.86
2026-09-21 13:41:25.151168,LINE-2-PACKAGING,75.2,2.06
2026-09-21 13:42:25.151168,LINE-2-PACKAGING,74.65,1.88
2026-09-21 13:43:25.151168,LINE-2-PACKAGING,76.17,1.91
2026-09-21 13:44:25.151168,LINE-2-PACKAGING,74.57,2.0
2026-09-21 13:45:25.151168,LINE-2-PACKAGING,74.02,1.93
2026-09-21 13:46:25.151168,LINE-2-PACKAGING,72.94,2.23
2026-09-21 13:47:25.151168,LINE-2-PACKAGING,76.12,2.0
2026-09-21 13:48:25.151168,LINE-2-PACKAGING,75.74,2.1
2026-09-21 13:49:25.151168,LINE-2-PACKAGING,74.63,1.98
2026-09-21 13:50:25.151168,LINE-2-PACKAGING,76.82,2.1
2026-09-21 13:51:25.151168,LINE-2-PACKAGING,75.02,2.0
2026-09-21 13:52:25.151168,LINE-2-PACKAGING,73.88,1.96
2026-09-21 13:53:25.151168,LINE-2-PACKAGING,75.97,2.21
2026-09-21 13:54:25.151168,LINE-2-PACKAGING,74.25,1.64
2026-09-21 13:55:25.151168,LINE-2-PACKAGING,76.71,1.93
2026-09-21 13:56:25.151168,LINE-2-PACKAGING,76.37,2.03
2026-09-21 13:57:25.151168,LINE-2-PACKAGING,76.34,2.13
2026-09-21 13:58:25.151168,LINE-2-PACKAGING,74.66,1.98
2026-09-21 13:59:25.151168,LINE-2-PACKAGING,76.26,1.99
2026-09-21 14:00:25.151168,LINE-2-PACKAGING,72.19,2.23
2026-09-21 14:01:25.151168,LINE-2-PACKAGING,74.53,1.83
2026-09-21 14:02:25.151168,LINE-2-PACKAGING,74.05,1.72
2026-09-21 14:03:25.151168,LINE-2-PACKAGING,76.23,1.91
2026-09-21 14:04:25.151168,LINE-2-PACKAGING,75.2,2.08
2026-09-21 14:05:25.151168,LINE-2-PACKAGING,75.31,2.27
2026-09-21 14:06:25.151168,LINE-2-PACKAGING,75.88,1.93
2026-09-21 14:07:25.151168,LINE-2-PACKAGING,75.29,2.02
2026-09-21 14:08:25.151168,LINE-2-PACKAGING,76.1,2.0
2026-09-21 14:09:25.151168,LINE-2-PACKAGING,74.28,2.05
2026-09-21 14:10:25.151168,LINE-2-PACKAGING,73.42,2.11
2026-09-21 14:11:25.151168,LINE-2-PACKAGING,74.69,2.06
2026-09-21 14:12:25.151168,LINE-2-PACKAGING,75.26,1.65
2026-09-21 14:13:25.151168,LINE-2-PACKAGING,74.84,2.08
2026-09-21 14:14:25.151168,LINE-2-PACKAGING,76.01,1.98
2026-09-21 14:15:25.151168,LINE-2-PACKAGING,74.85,1.91
2026-09-21 14:16:25.151168,LINE-2-PACKAGING,74.34,1.91
2026-09-21 14:17:25.151168,LINE-2-PACKAGING,74.4,2.12
2026-09-21 14:18:25.151168,LINE-2-PACKAGING,75.15,2.1
2026-09-21 14:19:25.151168,LINE-2-PACKAGING,74.01,1.9
2026-09-21 14:20:25.151168,LINE-2-PACKAGING,75.24,2.09
2026-09-21 14:21:25.151168,LINE-2-PACKAGING,75.02,2.02
2026-09-21 14:22:25.151168,LINE-2-PACKAGING,75.01,1.99
2026-09-21 14:23:25.151168,LINE-2-PACKAGING,77.34,2.08
2026-09-21 14:24:25.151168,LINE-2-PACKAGING,77.01,2.33
2026-09-21 14:25:25.151168,LINE-2-PACKAGING,74.98,1.83
2026-09-21 14:26:25.151168,LINE-2-PACKAGING,75.33,2.02
2026-09-21 14:27:25.151168,LINE-2-PACKAGING,75.76,2.03
2026-09-21 14:28:25.151168,LINE-2-PACKAGING,73.75,1.81
2026-09-21 14:29:25.151168,LINE-2-PACKAGING,73.15,2.09
2026-09-21 14:30:25.151168,LINE-2-PACKAGING,74.06,2.12
2026-09-21 14:31:25.151168,LINE-2-PACKAGING,74.92,2.05
2026-09-21 14:32:25.151168,LINE-2-PACKAGING,76.26,1.89
2026-09-21 14:33:25.151168,LINE-2-PACKAGING,75.24,1.76
2026-09-21 14:34:25.151168,LINE-2-PACKAGING,75.1,2.03
2026-09-21 14:35:25.151168,LINE-2-PACKAGING,75.19,1.8
2026-09-21 14:36:25.151168,LINE-2-PACKAGING,74.86,1.83
2026-09-21 14:37:25.151168,LINE-2-PACKAGING,73.45,2.01
2026-09-21 14:38:25.151168,LINE-2-PACKAGING,74.95,1.99
2026-09-21 14:39:25.151168,LINE-2-PACKAGING,74.89,1.92
2026-09-21 14:40:25.151168,LINE-2-PACKAGING,72.68,1.9
2026-09-21 14:41:25.151168,LINE-2-PACKAGING,74.55,1.93
2026-09-21 14:42:25.151168,LINE-2-PACKAGING,75.57,1.97
2026-09-21 14:43:25.151168,LINE-2-PACKAGING,75.47,1.98
2026-09-21 14:44:25.151168,LINE-2-PACKAGING,76.49,1.94
2026-09-21 14:45:25.151168,LINE-2-PACKAGING,74.48,1.91
2026-09-21 14:46:25.151168,LINE-2-PACKAGING,74.68,1.98
2026-09-21 14:47:25.151168,LINE-2-PACKAGING,74.46,2.0
2026-09-21 14:48:25.151168,LINE-2-PACKAGING,74.81,1.87
2026-09-21 14:49:25.151168,LINE-2-PACKAGING,74.15,2.03
2026-09-21 14:50:25.151168,LINE-2-PACKAGING,74.35,2.08
2026-09-21 14:51:25.151168,LINE-2-PACKAGING,74.65,1.85
2026-09-21 14:52:25.151168,LINE-2-PACKAGING,76.84,1.84
2026-09-21 14:53:25.151168,LINE-2-PACKAGING,74.83,2.07
2026-09-21 14:54:25.151168,LINE-2-PACKAGING,76.02,2.11
2026-09-21 14:55:25.151168,LINE-2-PACKAGING,75.06,2.09
2026-09-21 14:56:25.151168,LINE-2-PACKAGING,75.61,2.01
2026-09-21 14:57:25.151168,LINE-2-PACKAGING,75.19,1.98
2026-09-21 14:58:25.151168,LINE-2-PACKAGING,75.27,1.96
2026-09-21 14:59:25.151168,LINE-2-PACKAGING,73.98,1.92
2026-09-21 15:00:25.151168,LINE-2-PACKAGING,75.41,1.94
2026-09-21 15:01:25.151168,LINE-2-PACKAGING,73.96,2.03
2026-09-21 15:02:25.151168,LINE-2-PACKAGING,74.92,1.99
2026-09-21 15:03:25.151168,LINE-2-PACKAGING,73.07,1.83
2026-09-21 15:04:25.151168,LINE-2-PACKAGING,74.44,2.19
2026-09-21 15:05:25.151168,LINE-2-PACKAGING,74.92,2.13
2026-09-21 15:06:25.151168,LINE-2-PACKAGING,74.68,2.06
2026-09-21 15:07:25.151168,LINE-2-PACKAGING,74.81,1.92
2026-09-21 15:08:25.151168,LINE-2-PACKAGING,76.65,2.17
2026-09-21 15:09:25.151168,LINE-2-PACKAGING,74.18,2.0
2026-09-21 15:10:25.151168,LINE-2-PACKAGING,74.29,2.06
2026-09-21 15:11:25.151168,LINE-2-PACKAGING,75.67,1.99
2026-09-21 15:12:25.151168,LINE-2-PACKAGING,75.51,2.19
2026-09-21 15:13:25.151168,LINE-2-PACKAGING,73.62,1.79
2026-09-21 15:14:25.151168,LINE-2-PACKAGING,74.3,1.93
2026-09-21 15:15:25.151168,LINE-2-PACKAGING,75.84,2.15
2026-09-21 15:16:25.151168,LINE-2-PACKAGING,75.18,1.91
2026-09-21 15:17:25.151168,LINE-2-PACKAGING,76.06,1.73
2026-09-21 15:18:25.151168,LINE-2-PACKAGING,76.4,2.0
2026-09-21 15:19:25.151168,LINE-2-PACKAGING,73.86,1.83
2026-09-21 15:20:25.151168,LINE-2-PACKAGING,72.8,2.25
2026-09-21 15:21:25.151168,LINE-2-PACKAGING,77.2,2.05
2026-09-21 15:22:25.151168,LINE-2-PACKAGING,76.79,1.98
2026-09-21 15:23:25.151168,LINE-2-PACKAGING,76.12,2.0
2026-09-21 15:24:25.151168,LINE-2-PACKAGING,76.04,1.87
2026-09-21 15:25:25.151168,LINE-2-PACKAGING,74.5,2.03
2026-09-21 15:26:25.151168,LINE-2-PACKAGING,76.3,1.8
2026-09-21 15:27:25.151168,LINE-2-PACKAGING,73.22,1.85
2026-09-21 15:28:25.151168,LINE-2-PACKAGING,74.82,2.05
2026-09-21 15:29:25.151168,LINE-2-PACKAGING,74.79,1.87
2026-09-21 15:30:25.151168,LINE-2-PACKAGING,73.2,2.06
2026-09-21 15:31:25.151168,LINE-2-PACKAGING,75.86,1.93
2026-09-21 15:32:25.151168,LINE-2-PACKAGING,73.49,1.85
2026-09-21 15:33:25.151168,LINE-2-PACKAGING,75.89,2.09
2026-09-21 15:34:25.151168,LINE-2-PACKAGING,76.26,2.03
2026-09-21 15:35:25.151168,LINE-2-PACKAGING,74.57,1.95
2026-09-21 15:36:25.151168,LINE-2-PACKAGING,76.11,1.81
2026-09-21 15:37:25.151168,LINE-2-PACKAGING,74.75,2.03
2026-09-21 15:38:25.151168,LINE-2-PACKAGING,74.75,2.01
2026-09-21 15:39:25.151168,LINE-2-PACKAGING,75.89,1.9
2026-09-21 15:40:25.151168,LINE-2-PACKAGING,74.3,2.09
2026-09-21 15:41:25.151168,LINE-2-PACKAGING,76.79,1.96
2026-09-21 15:42:25.151168,LINE-2-PACKAGING,73.47,1.88
2026-09-21 15:43:25.151168,LINE-2-PACKAGING,75.7,1.85
2026-09-21 15:44:25.151168,LINE-2-PACKAGING,76.6,2.13
2026-09-21 15:45:25.151168,LINE-2-PACKAGING,75.04,2.01
2026-09-21 15:46:25.151168,LINE-2-PACKAGING,75.52,1.72
2026-09-21 15:47:25.151168,LINE-2-PACKAGING,74.96,1.89
2026-09-21 15:48:25.151168,LINE-2-PACKAGING,76.03,1.97
2026-09-21 15:49:25.151168,LINE-2-PACKAGING,74.21,1.96
2026-09-21 15:50:25.151168,LINE-2-PACKAGING,75.92,1.96
2026-09-21 15:51:25.151168,LINE-2-PACKAGING,74.06,2.23
2026-09-21 15:52:25.151168,LINE-2-PACKAGING,73.84,2.11
2026-09-21 15:53:25.151168,LINE-2-PACKAGING,74.82,2.2
2026-09-21 15:54:25.151168,LINE-2-PACKAGING,77.0,2.0
2026-09-21 15:55:25.151168,LINE-2-PACKAGING,75.46,2.02
2026-09-21 15:56:25.151168,LINE-2-PACKAGING,75.56,2.15
2026-09-21 15:57:25.151168,LINE-2-PACKAGING,74.91,2.09
2026-09-21 15:58:25.151168,LINE-2-PACKAGING,74.79,2.07
2026-09-21 15:59:25.151168,LINE-2-PACKAGING,75.32,2.05
2026-09-21 16:00:25.151168,LINE-2-PACKAGING,75.65,2.09
2026-09-21 16:01:25.151168,LINE-2-PACKAGING,72.77,2.21
2026-09-21 16:02:25.151168,LINE-2-PACKAGING,74.44,2.13
2026-09-21 16:03:25.151168,LINE-2-PACKAGING,74.13,1.69
2026-09-21 16:04:25.151168,LINE-2-PACKAGING,74.74,1.91
2026-09-21 16:05:25.151168,LINE-2-PACKAGING,73.67,2.11
2026-09-21 16:06:25.151168,LINE-2-PACKAGING,76.39,2.15
2026-09-21 16:07:25.151168,LINE-2-PACKAGING,76.44,1.98
2026-09-21 16:08:25.151168,LINE-2-PACKAGING,74.57,2.07
2026-09-21 16:09:25.151168,LINE-2-PACKAGING,74.06,2.05
2026-09-21 16:10:25.151168,LINE-2-PACKAGING,74.21,1.77
2026-09-21 16:11:25.151168,LINE-2-PACKAGING,72.61,2.11
2026-09-21 16:12:25.151168,LINE-2-PACKAGING,75.4,2.14
2026-09-21 16:13:25.151168,LINE-2-PACKAGING,74.21,2.14
2026-09-21 16:14:25.151168,LINE-2-PACKAGING,73.81,2.09
2026-09-21 16:15:25.151168,LINE-2-PACKAGING,75.19,2.06
2026-09-21 16:16:25.151168,LINE-2-PACKAGING,73.97,1.88
2026-09-21 16:17:25.151168,LINE-2-PACKAGING,75.78,1.97
2026-09-21 16:18:25.151168,LINE-2-PACKAGING,75.23,2.2
2026-09-21 16:19:25.151168,LINE-2-PACKAGING,76.67,1.96
2026-09-21 16:20:25.151168,LINE-2-PACKAGING,75.65,2.1
2026-09-21 16:21:25.151168,LINE-2-PACKAGING,75.0,1.78
2026-09-21 16:22:25.151168,LINE-2-PACKAGING,75.29,2.1
2026-09-21 16:23:25.151168,LINE-2-PACKAGING,73.36,1.89
2026-09-21 16:24:25.151168,LINE-2-PACKAGING,75.19,2.14
2026-09-21 16:25:25.151168,LINE-2-PACKAGING,74.55,1.76
2026-09-21 16:26:25.151168,LINE-2-PACKAGING,75.86,2.31
2026-09-21 16:27:25.151168,LINE-2-PACKAGING,74.27,1.96
2026-09-21 16:28:25.151168,LINE-2-PACKAGING,75.11,1.76
2026-09-21 16:29:25.151168,LINE-2-PACKAGING,75.04,2.27
2026-09-21 16:30:25.151168,LINE-2-PACKAGING,76.44,2.04
2026-09-21 16:31:25.151168,LINE-2-PACKAGING,75.11,1.97
2026-09-21 16:32:25.151168,LINE-2-PACKAGING,75.4,2.1
2026-09-21 16:33:25.151168,LINE-2-PACKAGING,75.09,1.96
2026-09-21 16:34:25.151168,LINE-2-PACKAGING,74.28,1.87
2026-09-21 16:35:25.151168,LINE-2-PACKAGING,75.46,1.86
2026-09-21 16:36:25.151168,LINE-2-PACKAGING,74.85,1.94
2026-09-21 16:37:25.151168,LINE-2-PACKAGING,75.11,1.93
2026-09-21 16:38:25.151168,LINE-2-PACKAGING,73.66,2.07
2026-09-21 16:39:25.151168,LINE-2-PACKAGING,74.77,2.15
2026-09-21 16:40:25.151168,LINE-2-PACKAGING,75.94,2.04
2026-09-21 16:41:25.151168,LINE-2-PACKAGING,75.03,2.22
2026-09-21 16:42:25.151168,LINE-2-PACKAGING,75.25,2.04
2026-09-21 16:43:25.151168,LINE-2-PACKAGING,75.01,2.38
2026-09-21 16:44:25.151168,LINE-2-PACKAGING,76.03,1.82
2026-09-21 16:45:25.151168,LINE-2-PACKAGING,85.0,2.34
2026-09-21 16:46:25.151168,LINE-2-PACKAGING,86.27,2.24
2026-09-21 16:47:25.151168,LINE-2-PACKAGING,85.14,2.44
2026-09-21 16:48:25.151168,LINE-2-PACKAGING,87.1,2.28
2026-09-21 16:49:25.151168,LINE-2-PACKAGING,87.12,2.34
2026-09-21 16:50:25.151168,LINE-2-PACKAGING,86.84,2.19
2026-09-21 16:51:25.151168,LINE-2-PACKAGING,87.06,2.41
2026-09-21 16:52:25.151168,LINE-2-PACKAGING,88.22,2.12
2026-09-21 16:53:25.151168,LINE-2-PACKAGING,85.65,2.52
2026-09-21 16:54:25.151168,LINE-2-PACKAGING,84.75,2.47
2026-09-21 16:55:25.151168,LINE-2-PACKAGING,87.36,2.81
2026-09-21 16:56:25.151168,LINE-2-PACKAGING,88.58,2.43
2026-09-21 16:57:25.151168,LINE-2-PACKAGING,86.16,2.43
2026-09-21 16:58:25.151168,LINE-2-PACKAGING,87.56,2.44
2026-09-21 16:59:25.151168,LINE-2-PACKAGING,85.63,2.34
2026-09-21 17:00:25.151168,LINE-2-PACKAGING,86.16,2.27
2026-09-21 17:01:25.151168,LINE-2-PACKAGING,86.14,2.61
2026-09-21 17:02:25.151168,LINE-2-PACKAGING,87.67,2.23
2026-09-21 17:03:25.151168,LINE-2-PACKAGING,87.64,2.18
2026-09-21 17:04:25.151168,LINE-2-PACKAGING,85.92,2.45
2026-09-21 17:05:25.151168,LINE-2-PACKAGING,86.62,2.27
2026-09-21 17:06:25.151168,LINE-2-PACKAGING,85.76,2.47
2026-09-21 17:07:25.151168,LINE-2-PACKAGING,83.52,2.46
2026-09-21 17:08:25.151168,LINE-2-PACKAGING,85.84,2.3
2026-09-21 17:09:25.151168,LINE-2-PACKAGING,87.63,2.42
2026-09-21 17:10:25.151168,LINE-2-PACKAGING,85.59,2.34
2026-09-21 17:11:25.151168,LINE-2-PACKAGING,86.75,2.36
2026-09-21 17:12:25.151168,LINE-2-PACKAGING,84.62,2.07
2026-09-21 17:13:25.151168,LINE-2-PACKAGING,85.68,2.52
2026-09-21 17:14:25.151168,LINE-2-PACKAGING,86.58,2.37
2026-09-21 17:15:25.151168,LINE-2-PACKAGING,85.39,2.39
2026-09-21 17:16:25.151168,LINE-2-PACKAGING,86.79,2.38
2026-09-21 17:17:25.151168,LINE-2-PACKAGING,85.63,2.6
2026-09-21 17:18:25.151168,LINE-2-PACKAGING,86.3,2.39
2026-09-21 17:19:25.151168,LINE-2-PACKAGING,87.15,2.15
2026-09-21 17:20:25.151168,LINE-2-PACKAGING,84.75,2.2
2026-09-21 17:21:25.151168,LINE-2-PACKAGING,84.93,2.62
2026-09-21 17:22:25.151168,LINE-2-PACKAGING,85.95,2.57
2026-09-21 17:23:25.151168,LINE-2-PACKAGING,85.65,2.49
2026-09-21 17:24:25.151168,LINE-2-PACKAGING,87.85,2.09
2026-09-21 17:25:25.151168,LINE-2-PACKAGING,85.29,2.39
2026-09-21 17:26:25.151168,LINE-2-PACKAGING,85.42,2.22
2026-09-21 17:27:25.151168,LINE-2-PACKAGING,87.54,2.42
2026-09-21 17:28:25.151168,LINE-2-PACKAGING,85.59,2.66
2026-09-21 17:29:25.151168,LINE-2-PACKAGING,87.45,2.53
2026-09-21 17:30:25.151168,LINE-2-PACKAGING,86.82,2.5
2026-09-21 17:31:25.151168,LINE-2-PACKAGING,86.4,2.43
2026-09-21 17:32:25.151168,LINE-2-PACKAGING,85.59,2.59
2026-09-21 17:33:25.151168,LINE-2-PACKAGING,85.03,2.3
2026-09-21 17:34:25.151168,LINE-2-PACKAGING,87.33,2.39
2026-09-21 17:35:25.151168,LINE-2-PACKAGING,85.61,2.45
2026-09-21 17:36:25.151168,LINE-2-PACKAGING,86.76,2.65
2026-09-21 17:37:25.151168,LINE-2-PACKAGING,86.48,2.36
2026-09-21 17:38:25.151168,LINE-2-PACKAGING,86.2,2.35
2026-09-21 17:39:25.151168,LINE-2-PACKAGING,88.1,2.32
2026-09-21 17:40:25.151168,LINE-2-PACKAGING,86.72,2.39
2026-09-21 17:41:25.151168,LINE-2-PACKAGING,85.57,2.45
2026-09-21 17:42:25.151168,LINE-2-PACKAGING,85.48,2.53
2026-09-21 17:43:25.151168,LINE-2-PACKAGING,85.58,2.55
2026-09-21 17:44:25.151168,LINE-2-PACKAGING,85.58,2.36
2026-09-21 17:45:25.151168,LINE-2-PACKAGING,86.36,2.56
2026-09-21 17:46:25.151168,LINE-2-PACKAGING,85.0,2.43
2026-09-21 17:47:25.151168,LINE-2-PACKAGING,85.27,2.41
2026-09-21 17:48:25.151168,LINE-2-PACKAGING,85.28,2.37
2026-09-21 17:49:25.151168,LINE-2-PACKAGING,85.93,2.24
2026-09-21 17:50:25.151168,LINE-2-PACKAGING,83.8,2.4
2026-09-21 17:51:25.151168,LINE-2-PACKAGING,85.88,2.1
2026-09-21 17:52:25.151168,LINE-2-PACKAGING,87.67,2.32
2026-09-21 17:53:25.151168,LINE-2-PACKAGING,85.36,2.47
2026-09-21 17:54:25.151168,LINE-2-PACKAGING,85.14,2.44
2026-09-21 17:55:25.151168,LINE-2-PACKAGING,85.24,2.55
2026-09-21 17:56:25.151168,LINE-2-PACKAGING,85.06,2.71
2026-09-21 17:57:25.151168,LINE-2-PACKAGING,84.63,2.74
2026-09-21 17:58:25.151168,LINE-2-PACKAGING,86.79,2.41
2026-09-21 17:59:25.151168,LINE-2-PACKAGING,86.05,2.5
2026-09-21 18:00:25.151168,LINE-2-PACKAGING,87.35,2.56
2026-09-21 18:01:25.151168,LINE-2-PACKAGING,86.19,2.22
2026-09-21 18:02:25.151168,LINE-2-PACKAGING,86.23,2.25
2026-09-21 18:03:25.151168,LINE-2-PACKAGING,85.34,2.29
2026-09-21 18:04:25.151168,LINE-2-PACKAGING,84.49,2.28
2026-09-21 18:05:25.151168,LINE-2-PACKAGING,86.85,2.22
2026-09-21 18:06:25.151168,LINE-2-PACKAGING,87.82,2.46
2026-09-21 18:07:25.151168,LINE-2-PACKAGING,86.31,2.72
2026-09-21 18:08:25.151168,LINE-2-PACKAGING,85.38,2.49
2026-09-21 18:09:25.151168,LINE-2-PACKAGING,87.45,2.02
2026-09-21 18:10:25.151168,LINE-2-PACKAGING,85.89,2.42
2026-09-21 18:11:25.151168,LINE-2-PACKAGING,85.89,2.29
2026-09-21 18:12:25.151168,LINE-2-PACKAGING,85.37,2.42
2026-09-21 18:13:25.151168,LINE-2-PACKAGING,88.12,2.3
2026-09-21 18:14:25.151168,LINE-2-PACKAGING,85.2,2.19
2026-09-21 18:15:25.151168,LINE-2-PACKAGING,86.25,2.28
2026-09-21 18:16:25.151168,LINE-2-PACKAGING,86.73,2.26
2026-09-21 18:17:25.151168,LINE-2-PACKAGING,87.17,2.58
2026-09-21 18:18:25.151168,LINE-2-PACKAGING,85.74,2.49
2026-09-21 18:19:25.151168,LINE-2-PACKAGING,85.7,2.39
2026-09-21 18:20:25.151168,LINE-2-PACKAGING,86.86,2.25
2026-09-21 18:21:25.151168,LINE-2-PACKAGING,85.24,2.27
2026-09-21 18:22:25.151168,LINE-2-PACKAGING,85.62,2.52
2026-09-21 18:23:25.151168,LINE-2-PACKAGING,87.06,2.6
2026-09-21 18:24:25.151168,LINE-2-PACKAGING,86.54,2.77
2026-09-21 18:25:25.151168,LINE-2-PACKAGING,86.27,2.34
2026-09-21 18:26:25.151168,LINE-2-PACKAGING,85.99,2.25
2026-09-21 18:27:25.151168,LINE-2-PACKAGING,86.59,2.56
2026-09-21 18:28:25.151168,LINE-2-PACKAGING,86.88,2.6
2026-09-21 18:29:25.151168,LINE-2-PACKAGING,86.77,2.43
2026-09-21 18:30:25.151168,LINE-2-PACKAGING,88.24,2.33
2026-09-21 18:31:25.151168,LINE-2-PACKAGING,85.33,2.38
2026-09-21 18:32:25.151168,LINE-2-PACKAGING,87.5,2.24
2026-09-21 18:33:25.151168,LINE-2-PACKAGING,86.37,2.36
2026-09-21 18:34:25.151168,LINE-2-PACKAGING,83.74,2.44
2026-09-21 18:35:25.151168,LINE-2-PACKAGING,88.12,2.37
2026-09-21 18:36:25.151168,LINE-2-PACKAGING,84.67,2.53
2026-09-21 18:37:25.151168,LINE-2-PACKAGING,85.47,2.03
2026-09-21 18:38:25.151168,LINE-2-PACKAGING,85.57,2.4
2026-09-21 18:39:25.151168,LINE-2-PACKAGING,86.64,2.49
2026-09-21 18:40:25.151168,LINE-2-PACKAGING,87.77,2.76
2026-09-21 18:41:25.151168,LINE-2-PACKAGING,87.54,2.34
2026-09-21 18:42:25.151168,LINE-2-PACKAGING,85.63,2.35
2026-09-21 18:43:25.151168,LINE-2-PACKAGING,84.18,2.39
2026-09-21 18:44:25.151168,LINE-2-PACKAGING,87.54,2.7
2026-09-21 18:45:25.151168,LINE-2-PACKAGING,85.05,2.65
2026-09-21 18:46:25.151168,LINE-2-PACKAGING,76.12,1.85
2026-09-21 18:47:25.151168,LINE-2-PACKAGING,75.11,1.99
2026-09-21 18:48:25.151168,LINE-2-PACKAGING,74.35,1.9
2026-09-21 18:49:25.151168,LINE-2-PACKAGING,73.58,1.87
2026-09-21 18:50:25.151168,LINE-2-PACKAGING,74.45,2.28
2026-09-21 18:51:25.151168,LINE-2-PACKAGING,75.49,2.07
2026-09-21 18:52:25.151168,LINE-2-PACKAGING,77.14,2.19
2026-09-21 18:53:25.151168,LINE-2-PACKAGING,74.6,2.36
2026-09-21 18:54:25.151168,LINE-2-PACKAGING,75.35,1.92
2026-09-21 18:55:25.151168,LINE-2-PACKAGING,74.33,2.06
2026-09-21 18:56:25.151168,LINE-2-PACKAGING,74.35,2.06
2026-09-21 18:57:25.151168,LINE-2-PACKAGING,75.92,2.11
2026-09-21 18:58:25.151168,LINE-2-PACKAGING,75.92,2.14
2026-09-21 18:59:25.151168,LINE-2-PACKAGING,74.53,2.13
2026-09-21 19:00:25.151168,LINE-2-PACKAGING,75.59,2.04
2026-09-21 19:01:25.151168,LINE-2-PACKAGING,75.03,1.82
2026-09-21 19:02:25.151168,LINE-2-PACKAGING,75.21,1.87
2026-09-21 19:03:25.151168,LINE-2-PACKAGING,74.63,2.01
2026-09-21 19:04:25.151168,LINE-2-PACKAGING,74.82,1.74
2026-09-21 19:05:25.151168,LINE-2-PACKAGING,74.47,1.9
2026-09-21 19:06:25.151168,LINE-2-PACKAGING,76.46,2.4
2026-09-21 19:07:25.151168,LINE-2-PACKAGING,75.57,2.13
2026-09-21 19:08:25.151168,LINE-2-PACKAGING,74.4,1.9
2026-09-21 19:09:25.151168,LINE-2-PACKAGING,73.92,1.8
2026-09-21 19:10:25.151168,LINE-2-PACKAGING,76.48,2.01
2026-09-21 19:11:25.151168,LINE-2-PACKAGING,75.67,2.2
2026-09-21 19:12:25.151168,LINE-2-PACKAGING,77.52,2.17
2026-09-21 19:13:25.151168,LINE-2-PACKAGING,75.28,1.92
2026-09-21 19:14:25.151168,LINE-2-PACKAGING,77.05,1.65
2026-09-21 19:15:25.151168,LINE-2-PACKAGING,75.54,1.98
2026-09-21 19:16:25.151168,LINE-2-PACKAGING,75.82,2.07
2026-09-21 19:17:25.151168,LINE-2-PACKAGING,74.9,2.03
2026-09-21 19:18:25.151168,LINE-2-PACKAGING,74.1,2.06
2026-09-21 19:19:25.151168,LINE-2-PACKAGING,76.84,1.85
2026-09-21 19:20:25.151168,LINE-2-PACKAGING,75.08,2.09
2026-09-21 19:21:25.151168,LINE-2-PACKAGING,75.54,2.07
2026-09-21 19:22:25.151168,LINE-2-PACKAGING,75.5,2.03
2026-09-21 19:23:25.151168,LINE-2-PACKAGING,77.0,1.74
2026-09-21 19:24:25.151168,LINE-2-PACKAGING,73.15,2.09
2026-09-21 19:25:25.151168,LINE-2-PACKAGING,74.08,2.05
2026-09-21 19:26:25.151168,LINE-2-PACKAGING,76.75,1.96
2026-09-21 19:27:25.151168,LINE-2-PACKAGING,74.08,2.04
2026-09-21 19:28:25.151168,LINE-2-PACKAGING,74.29,2.04
2026-09-21 19:29:25.151168,LINE-2-PACKAGING,74.82,2.09
2026-09-21 19:30:25.151168,LINE-2-PACKAGING,73.26,2.02
2026-09-21 19:31:25.151168,LINE-2-PACKAGING,75.15,2.29
2026-09-21 19:32:25.151168,LINE-2-PACKAGING,74.21,2.13
2026-09-21 19:33:25.151168,LINE-2-PACKAGING,74.63,1.95
2026-09-21 19:34:25.151168,LINE-2-PACKAGING,73.82,1.9
2026-09-21 19:35:25.151168,LINE-2-PACKAGING,75.39,2.22
2026-09-21 19:36:25.151168,LINE-2-PACKAGING,75.24,1.94
2026-09-21 19:37:25.151168,LINE-2-PACKAGING,74.9,1.73
2026-09-21 19:38:25.151168,LINE-2-PACKAGING,73.86,2.28
2026-09-21 19:39:25.151168,LINE-2-PACKAGING,75.8,2.07
2026-09-21 19:40:25.151168,LINE-2-PACKAGING,74.55,2.0
2026-09-21 19:41:25.151168,LINE-2-PACKAGING,75.91,1.92
2026-09-21 19:42:25.151168,LINE-2-PACKAGING,74.95,1.71
2026-09-21 19:43:25.151168,LINE-2-PACKAGING,73.57,2.07
2026-09-21 19:44:25.151168,LINE-2-PACKAGING,74.9,2.03
2026-09-21 19:45:25.151168,LINE-2-PACKAGING,75.09,1.95
2026-09-21 19:46:25.151168,LINE-2-PACKAGING,75.85,2.14
2026-09-21 19:47:25.151168,LINE-2-PACKAGING,73.25,1.79
2026-09-21 19:48:25.151168,LINE-2-PACKAGING,75.17,2.2
2026-09-21 19:49:25.151168,LINE-2-PACKAGING,74.8,2.14
2026-09-21 19:50:25.151168,LINE-2-PACKAGING,76.48,1.94
2026-09-21 19:51:25.151168,LINE-2-PACKAGING,75.23,2.02
2026-09-21 19:52:25.151168,LINE-2-PACKAGING,74.33,2.31
2026-09-21 19:53:25.151168,LINE-2-PACKAGING,74.71,2.04
2026-09-21 19:54:25.151168,LINE-2-PACKAGING,75.17,2.24
2026-09-21 19:55:25.151168,LINE-2-PACKAGING,74.56,1.94
2026-09-21 19:56:25.151168,LINE-2-PACKAGING,74.64,2.13
2026-09-21 19:57:25.151168,LINE-2-PACKAGING,73.34,1.98
2026-09-21 19:58:25.151168,LINE-2-PACKAGING,75.71,2.14
2026-09-21 19:59:25.151168,LINE-2-PACKAGING,74.73,2.3
2026-09-21 20:00:25.151168,LINE-2-PACKAGING,75.11,1.81
2026-09-21 20:01:25.151168,LINE-2-PACKAGING,76.78,1.91
2026-09-21 20:02:25.151168,LINE-2-PACKAGING,75.24,2.01
2026-09-21 20:03:25.151168,LINE-2-PACKAGING,75.8,1.92
2026-09-21 20:04:25.151168,LINE-2-PACKAGING,74.32,2.11
2026-09-21 20:05:25.151168,LINE-2-PACKAGING,76.38,1.93
2026-09-21 20:06:25.151168,LINE-2-PACKAGING,73.84,2.14
2026-09-21 20:07:25.151168,LINE-2-PACKAGING,76.04,1.74
2026-09-21 20:08:25.151168,LINE-2-PACKAGING,74.08,2.2
2026-09-21 20:09:25.151168,LINE-2-PACKAGING,75.22,2.19
2026-09-21 20:10:25.151168,LINE-2-PACKAGING,74.54,2.02
2026-09-21 20:11:25.151168,LINE-2-PACKAGING,74.45,1.93
2026-09-21 20:12:25.151168,LINE-2-PACKAGING,74.93,2.15
2026-09-21 20:13:25.151168,LINE-2-PACKAGING,74.45,1.94
2026-09-21 20:14:25.151168,LINE-2-PACKAGING,76.69,1.9
2026-09-21 20:15:25.151168,LINE-2-PACKAGING,73.32,1.9
2026-09-21 20:16:25.151168,LINE-2-PACKAGING,75.5,1.96
2026-09-21 20:17:25.151168,LINE-2-PACKAGING,73.36,2.1
2026-09-21 20:18:25.151168,LINE-2-PACKAGING,75.13,1.97
2026-09-21 20:19:25.151168,LINE-2-PACKAGING,75.69,1.96
2026-09-21 20:20:25.151168,LINE-2-PACKAGING,75.46,1.97
2026-09-21 20:21:25.151168,LINE-2-PACKAGING,75.49,2.04
2026-09-21 20:22:25.151168,LINE-2-PACKAGING,76.44,2.13
2026-09-21 20:23:25.151168,LINE-2-PACKAGING,76.83,2.25
2026-09-21 20:24:25.151168,LINE-2-PACKAGING,74.41,2.01
2026-09-21 20:25:25.151168,LINE-2-PACKAGING,74.45,2.26
2026-09-21 20:26:25.151168,LINE-2-PACKAGING,75.77,1.77
2026-09-21 20:27:25.151168,LINE-2-PACKAGING,73.78,2.0
2026-09-21 20:28:25.151168,LINE-2-PACKAGING,75.09,1.75
2026-09-21 20:29:25.151168,LINE-2-PACKAGING,74.91,2.31
2026-09-21 20:30:25.151168,LINE-2-PACKAGING,75.99,1.66
2026-09-21 20:31:25.151168,LINE-2-PACKAGING,74.51,2.12
2026-09-21 20:32:25.151168,LINE-2-PACKAGING,75.92,2.08
2026-09-21 20:33:25.151168,LINE-2-PACKAGING,76.14,1.98
2026-09-21 20:34:25.151168,LINE-2-PACKAGING,74.93,2.04
2026-09-21 20:35:25.151168,LINE-2-PACKAGING,74.27,1.79
2026-09-21 20:36:25.151168,LINE-2-PACKAGING,74.57,2.04
2026-09-21 20:37:25.151168,LINE-2-PACKAGING,74.13,2.02
2026-09-21 20:38:25.151168,LINE-2-PACKAGING,75.49,1.89
2026-09-21 20:39:25.151168,LINE-2-PACKAGING,75.01,2.2
2026-09-21 20:40:25.151168,LINE-2-PACKAGING,74.11,1.71
2026-09-21 20:41:25.151168,LINE-2-PACKAGING,74.39,2.06
2026-09-21 20:42:25.151168,LINE-2-PACKAGING,72.78,2.31
2026-09-21 20:43:25.151168,LINE-2-PACKAGING,75.49,2.19
2026-09-21 20:44:25.151168,LINE-2-PACKAGING,76.0,1.97
2026-09-21 20:45:25.151168,LINE-2-PACKAGING,75.01,2.14
2026-09-21 20:46:25.151168,LINE-2-PACKAGING,74.8,1.95
2026-09-21 20:47:25.151168,LINE-2-PACKAGING,75.96,1.97
2026-09-21 20:48:25.151168,LINE-2-PACKAGING,75.25,1.99
2026-09-21 20:49:25.151168,LINE-2-PACKAGING,74.87,1.83
2026-09-21 20:50:25.151168,LINE-2-PACKAGING,74.03,2.07
2026-09-21 20:51:25.151168,LINE-2-PACKAGING,75.49,1.91
2026-09-21 20:52:25.151168,LINE-2-PACKAGING,75.29,1.88
2026-09-21 20:53:25.151168,LINE-2-PACKAGING,75.74,2.19
2026-09-21 20:54:25.151168,LINE-2-PACKAGING,75.49,1.87
2026-09-21 20:55:25.151168,LINE-2-PACKAGING,74.98,1.96
2026-09-21 20:56:25.151168,LINE-2-PACKAGING,75.52,2.08
2026-09-21 20:57:25.151168,LINE-2-PACKAGING,74.46,1.78
2026-09-21 20:58:25.151168,LINE-2-PACKAGING,74.26,2.05
2026-09-21 20:59:25.151168,LINE-2-PACKAGING,76.61,2.0
2026-09-21 21:00:25.151168,LINE-2-PACKAGING,76.27,1.82
2026-09-21 21:01:25.151168,LINE-2-PACKAGING,75.76,1.82
2026-09-21 21:02:25.151168,LINE-2-PACKAGING,74.74,2.42
2026-09-21 21:03:25.151168,LINE-2-PACKAGING,75.08,1.91
2026-09-21 21:04:25.151168,LINE-2-PACKAGING,76.04,1.9
2026-09-21 21:05:25.151168,LINE-2-PACKAGING,76.31,1.89
2026-09-21 21:06:25.151168,LINE-2-PACKAGING,75.62,2.0
2026-09-21 21:07:25.151168,LINE-2-PACKAGING,74.51,2.01
2026-09-21 21:08:25.151168,LINE-2-PACKAGING,75.37,1.95
2026-09-21 21:09:25.151168,LINE-2-PACKAGING,75.99,1.83
2026-09-21 21:10:25.151168,LINE-2-PACKAGING,75.0,2.02
2026-09-21 21:11:25.151168,LINE-2-PACKAGING,76.69,2.35
2026-09-21 21:12:25.151168,LINE-2-PACKAGING,74.64,2.07
2026-09-21 21:13:25.151168,LINE-2-PACKAGING,73.33,1.99
2026-09-21 21:14:25.151168,LINE-2-PACKAGING,75.04,1.95
2026-09-21 21:15:25.151168,LINE-2-PACKAGING,75.67,2.08
2026-09-21 21:16:25.151168,LINE-2-PACKAGING,75.71,2.04
2026-09-21 21:17:25.151168,LINE-2-PACKAGING,75.16,2.06
2026-09-21 21:18:25.151168,LINE-2-PACKAGING,74.05,1.99
2026-09-21 21:19:25.151168,LINE-2-PACKAGING,75.15,1.95
2026-09-21 21:20:25.151168,LINE-2-PACKAGING,75.35,1.99
2026-09-21 21:21:25.151168,LINE-2-PACKAGING,74.15,2.17
2026-09-21 21:22:25.151168,LINE-2-PACKAGING,77.02,1.88
2026-09-21 21:23:25.151168,LINE-2-PACKAGING,75.05,1.92
2026-09-21 21:24:25.151168,LINE-2-PACKAGING,76.26,1.74
2026-09-21 21:25:25.151168,LINE-2-PACKAGING,74.75,2.05
2026-09-21 21:26:25.151168,LINE-2-PACKAGING,75.89,1.97
2026-09-21 21:27:25.151168,LINE-2-PACKAGING,75.23,2.39
2026-09-21 21:28:25.151168,LINE-2-PACKAGING,74.87,2.03
2026-09-21 21:29:25.151168,LINE-2-PACKAGING,76.46,2.07
2026-09-21 21:30:25.151168,LINE-2-PACKAGING,75.6,1.96
2026-09-21 21:31:25.151168,LINE-2-PACKAGING,75.56,2.11
2026-09-21 21:32:25.151168,LINE-2-PACKAGING,76.32,1.98
2026-09-21 21:33:25.151168,LINE-2-PACKAGING,73.72,2.01
2026-09-21 21:34:25.151168,LINE-2-PACKAGING,73.96,1.98
2026-09-21 21:35:25.151168,LINE-2-PACKAGING,74.64,2.11
2026-09-21 21:36:25.151168,LINE-2-PACKAGING,74.91,2.16
2026-09-21 21:37:25.151168,LINE-2-PACKAGING,73.48,1.94
2026-09-21 21:38:25.151168,LINE-2-PACKAGING,76.07,1.82
2026-09-21 21:39:25.151168,LINE-2-PACKAGING,73.54,1.98
2026-09-21 21:40:25.151168,LINE-2-PACKAGING,75.65,1.93
2026-09-21 21:41:25.151168,LINE-2-PACKAGING,75.31,1.78
2026-09-21 21:42:25.151168,LINE-2-PACKAGING,76.08,2.05
2026-09-21 21:43:25.151168,LINE-2-PACKAGING,76.33,2.0
2026-09-21 21:44:25.151168,LINE-2-PACKAGING,73.29,2.01
2026-09-21 21:45:25.151168,LINE-2-PACKAGING,75.36,1.89
2026-09-21 21:46:25.151168,LINE-2-PACKAGING,75.11,1.99
2026-09-21 21:47:25.151168,LINE-2-PACKAGING,74.64,2.12
2026-09-21 21:48:25.151168,LINE-2-PACKAGING,73.96,2.41
2026-09-21 21:49:25.151168,LINE-2-PACKAGING,74.61,2.05
2026-09-21 21:50:25.151168,LINE-2-PACKAGING,74.92,1.93
2026-09-21 21:51:25.151168,LINE-2-PACKAGING,74.7,2.24
2026-09-21 21:52:25.151168,LINE-2-PACKAGING,74.74,1.83
2026-09-21 21:53:25.151168,LINE-2-PACKAGING,74.62,1.8
2026-09-21 21:54:25.151168,LINE-2-PACKAGING,75.67,2.16
2026-09-21 21:55:25.151168,LINE-2-PACKAGING,74.78,1.99
2026-09-21 21:56:25.151168,LINE-2-PACKAGING,74.19,2.18
2026-09-21 21:57:25.151168,LINE-2-PACKAGING,74.7,2.06
2026-09-21 21:58:25.151168,LINE-2-PACKAGING,74.21,2.2
2026-09-21 21:59:25.151168,LINE-2-PACKAGING,73.67,2.16
2026-09-21 22:00:25.151168,LINE-2-PACKAGING,74.45,1.92
2026-09-21 22:01:25.151168,LINE-2-PACKAGING,73.85,2.06
2026-09-21 22:02:25.151168,LINE-2-PACKAGING,77.02,1.74
2026-09-21 22:03:25.151168,LINE-2-PACKAGING,75.19,1.91
2026-09-21 22:04:25.151168,LINE-2-PACKAGING,74.34,1.94
2026-09-21 22:05:25.151168,LINE-2-PACKAGING,74.55,2.19
2026-09-21 22:06:25.151168,LINE-2-PACKAGING,74.96,2.12
2026-09-21 22:07:25.151168,LINE-2-PACKAGING,75.21,2.17
2026-09-21 22:08:25.151168,LINE-2-PACKAGING,73.69,1.87
2026-09-21 22:09:25.151168,LINE-2-PACKAGING,74.19,2.28
2026-09-21 22:10:25.151168,LINE-2-PACKAGING,75.36,1.8
2026-09-21 22:11:25.151168,LINE-2-PACKAGING,75.35,1.9
2026-09-21 22:12:25.151168,LINE-2-PACKAGING,74.46,2.16
2026-09-21 22:13:25.151168,LINE-2-PACKAGING,75.78,2.09
2026-09-21 22:14:25.151168,LINE-2-PACKAGING,75.31,2.08
2026-09-21 22:15:25.151168,LINE-2-PACKAGING,73.38,1.97
2026-09-21 22:16:25.151168,LINE-2-PACKAGING,76.61,1.86
2026-09-21 22:17:25.151168,LINE-2-PACKAGING,75.99,2.12
2026-09-21 22:18:25.151168,LINE-2-PACKAGING,74.3,2.23
2026-09-21 22:19:25.151168,LINE-2-PACKAGING,72.78,1.69
2026-09-21 22:20:25.151168,LINE-2-PACKAGING,73.71,1.86
2026-09-21 22:21:25.151168,LINE-2-PACKAGING,76.52,1.93
2026-09-21 22:22:25.151168,LINE-2-PACKAGING,75.33,2.06
2026-09-21 22:23:25.151168,LINE-2-PACKAGING,74.78,2.08
2026-09-21 22:24:25.151168,LINE-2-PACKAGING,76.6,2.25
2026-09-21 22:25:25.151168,LINE-2-PACKAGING,74.54,2.1
2026-09-21 22:26:25.151168,LINE-2-PACKAGING,73.77,2.22
2026-09-21 22:27:25.151168,LINE-2-PACKAGING,73.56,1.97
2026-09-21 22:28:25.151168,LINE-2-PACKAGING,74.08,2.34
2026-09-21 22:29:25.151168,LINE-2-PACKAGING,75.52,1.84
2026-09-21 22:30:25.151168,LINE-2-PACKAGING,75.11,1.76
2026-09-21 22:31:25.151168,LINE-2-PACKAGING,76.54,2.01
2026-09-21 22:32:25.151168,LINE-2-PACKAGING,74.21,1.89
2026-09-21 22:33:25.151168,LINE-2-PACKAGING,75.0,1.84
2026-09-21 22:34:25.151168,LINE-2-PACKAGING,74.94,2.32
2026-09-21 22:35:25.151168,LINE-2-PACKAGING,75.79,1.66
2026-09-21 22:36:25.151168,LINE-2-PACKAGING,74.8,1.81
2026-09-21 22:37:25.151168,LINE-2-PACKAGING,72.8,2.17
2026-09-21 22:38:25.151168,LINE-2-PACKAGING,75.73,1.81
2026-09-21 22:39:25.151168,LINE-2-PACKAGING,76.05,2.07
2026-09-21 22:40:25.151168,LINE-2-PACKAGING,74.88,2.04
2026-09-21 22:41:25.151168,LINE-2-PACKAGING,73.76,1.99
2026-09-21 22:42:25.151168,LINE-2-PACKAGING,75.54,1.99
2026-09-21 22:43:25.151168,LINE-2-PACKAGING,76.15,2.11
2026-09-21 22:44:25.151168,LINE-2-PACKAGING,73.89,2.22
2026-09-21 22:45:25.151168,LINE-2-PACKAGING,75.45,1.63
2026-09-21 22:46:25.151168,LINE-2-PACKAGING,74.42,2.34
2026-09-21 22:47:25.151168,LINE-2-PACKAGING,75.44,1.97
2026-09-21 22:48:25.151168,LINE-2-PACKAGING,75.59,1.98
2026-09-21 22:49:25.151168,LINE-2-PACKAGING,74.93,2.02
2026-09-21 22:50:25.151168,LINE-2-PACKAGING,75.26,1.9
2026-09-21 22:51:25.151168,LINE-2-PACKAGING,76.53,2.09
2026-09-21 22:52:25.151168,LINE-2-PACKAGING,74.94,2.06
2026-09-21 22:53:25.151168,LINE-2-PACKAGING,76.26,1.86
2026-09-21 22:54:25.151168,LINE-2-PACKAGING,73.71,2.09
2026-09-21 22:55:25.151168,LINE-2-PACKAGING,74.42,2.11
2026-09-21 22:56:25.151168,LINE-2-PACKAGING,76.04,2.2
2026-09-21 22:57:25.151168,LINE-2-PACKAGING,75.28,2.17
2026-09-21 22:58:25.151168,LINE-2-PACKAGING,75.21,2.46
2026-09-21 22:59:25.151168,LINE-2-PACKAGING,75.46,1.95
2026-09-21 23:00:25.151168,LINE-2-PACKAGING,75.2,2.0
2026-09-21 23:01:25.151168,LINE-2-PACKAGING,74.18,2.06
2026-09-21 23:02:25.151168,LINE-2-PACKAGING,74.93,1.98
2026-09-21 23:03:25.151168,LINE-2-PACKAGING,76.54,1.9
2026-09-21 23:04:25.151168,LINE-2-PACKAGING,74.51,1.97
2026-09-21 23:05:25.151168,LINE-2-PACKAGING,75.54,1.9
2026-09-21 23:06:25.151168,LINE-2-PACKAGING,73.23,1.89
2026-09-21 23:07:25.151168,LINE-2-PACKAGING,74.87,2.13
2026-09-21 23:08:25.151168,LINE-2-PACKAGING,75.29,1.86
2026-09-21 23:09:25.151168,LINE-2-PACKAGING,75.83,1.93
2026-09-21 23:10:25.151168,LINE-2-PACKAGING,73.9,2.03
2026-09-21 23:11:25.151168,LINE-2-PACKAGING,73.81,2.15
2026-09-21 23:12:25.151168,LINE-2-PACKAGING,76.61,1.73
2026-09-21 23:13:25.151168,LINE-2-PACKAGING,74.24,1.93
2026-09-21 23:14:25.151168,LINE-2-PACKAGING,75.04,2.16
2026-09-21 23:15:25.151168,LINE-2-PACKAGING,75.29,1.59
2026-09-21 23:16:25.151168,LINE-2-PACKAGING,74.72,1.86
2026-09-21 23:17:25.151168,LINE-2-PACKAGING,75.15,2.06
2026-09-21 23:18:25.151168,LINE-2-PACKAGING,73.79,2.04
2026-09-21 23:19:25.151168,LINE-2-PACKAGING,75.53,1.93
2026-09-21 23:20:25.151168,LINE-2-PACKAGING,76.41,2.11
2026-09-21 23:21:25.151168,LINE-2-PACKAGING,76.57,2.12
2026-09-21 23:22:25.151168,LINE-2-PACKAGING,77.47,2.13
2026-09-21 23:23:25.151168,LINE-2-PACKAGING,72.85,2.02
2026-09-21 23:24:25.151168,LINE-2-PACKAGING,75.51,1.85
2026-09-21 23:25:25.151168,LINE-2-PACKAGING,75.32,2.2
2026-09-21 23:26:25.151168,LINE-2-PACKAGING,75.68,2.27
2026-09-21 23:27:25.151168,LINE-2-PACKAGING,75.93,2.04
2026-09-21 23:28:25.151168,LINE-2-PACKAGING,74.12,1.97
2026-09-21 23:29:25.151168,LINE-2-PACKAGING,75.92,1.93
2026-09-21 23:30:25.151168,LINE-2-PACKAGING,73.03,1.71
2026-09-21 23:31:25.151168,LINE-2-PACKAGING,76.66,1.88
2026-09-21 23:32:25.151168,LINE-2-PACKAGING,73.87,1.75
2026-09-21 23:33:25.151168,LINE-2-PACKAGING,75.87,2.01
2026-09-21 23:34:25.151168,LINE-2-PACKAGING,76.24,2.04
2026-09-21 23:35:25.151168,LINE-2-PACKAGING,75.58,1.89
2026-09-21 23:36:25.151168,LINE-2-PACKAGING,75.46,1.92
2026-09-21 23:37:25.151168,LINE-2-PACKAGING,76.48,2.01
2026-09-21 23:38:25.151168,LINE-2-PACKAGING,76.72,2.1
2026-09-21 23:39:25.151168,LINE-2-PACKAGING,75.87,2.15
2026-09-21 23:40:25.151168,LINE-2-PACKAGING,74.61,1.93
2026-09-21 23:41:25.151168,LINE-2-PACKAGING,75.18,1.79
2026-09-21 23:42:25.151168,LINE-2-PACKAGING,76.26,2.18
2026-09-21 23:43:25.151168,LINE-2-PACKAGING,75.39,1.96
2026-09-21 23:44:25.151168,LINE-2-PACKAGING,74.87,2.03
2026-09-21 23:45:25.151168,LINE-2-PACKAGING,74.75,1.97
2026-09-21 23:46:25.151168,LINE-2-PACKAGING,74.34,1.85
2026-09-21 23:47:25.151168,LINE-2-PACKAGING,74.66,2.27
2026-09-21 23:48:25.151168,LINE-2-PACKAGING,77.86,1.97
2026-09-21 23:49:25.151168,LINE-2-PACKAGING,73.85,2.08
2026-09-21 23:50:25.151168,LINE-2-PACKAGING,74.39,1.87
2026-09-21 23:51:25.151168,LINE-2-PACKAGING,74.98,1.99
2026-09-21 23:52:25.151168,LINE-2-PACKAGING,76.49,1.91
2026-09-21 23:53:25.151168,LINE-2-PACKAGING,76.11,1.92
2026-09-21 23:54:25.151168,LINE-2-PACKAGING,76.07,1.92
2026-09-21 23:55:25.151168,LINE-2-PACKAGING,74.48,1.93
2026-09-21 23:56:25.151168,LINE-2-PACKAGING,75.75,2.01
2026-09-21 23:57:25.151168,LINE-2-PACKAGING,75.26,2.02
2026-09-21 23:58:25.151168,LINE-2-PACKAGING,74.43,1.7
2026-09-21 23:59:25.151168,LINE-2-PACKAGING,74.04,1.96
2026-09-22 00:00:25.151168,LINE-2-PACKAGING,75.18,1.86
2026-09-22 00:01:25.151168,LINE-2-PACKAGING,72.94,2.03
2026-09-22 00:02:25.151168,LINE-2-PACKAGING,76.16,2.15
2026-09-22 00:03:25.151168,LINE-2-PACKAGING,74.02,1.76
2026-09-22 00:04:25.151168,LINE-2-PACKAGING,75.38,1.89
2026-09-22 00:05:25.151168,LINE-2-PACKAGING,74.58,2.0
2026-09-22 00:06:25.151168,LINE-2-PACKAGING,75.36,1.98
2026-09-22 00:07:25.151168,LINE-2-PACKAGING,75.29,2.05
2026-09-22 00:08:25.151168,LINE-2-PACKAGING,74.35,1.8
2026-09-22 00:09:25.151168,LINE-2-PACKAGING,74.81,2.03
2026-09-22 00:10:25.151168,LINE-2-PACKAGING,77.0,2.18
2026-09-22 00:11:25.151168,LINE-2-PACKAGING,74.4,1.87
2026-09-22 00:12:25.151168,LINE-2-PACKAGING,73.9,1.56
2026-09-22 00:13:25.151168,LINE-2-PACKAGING,74.99,1.97
2026-09-22 00:14:25.151168,LINE-2-PACKAGING,75.71,1.74
2026-09-22 00:15:25.151168,LINE-2-PACKAGING,75.87,2.01
2026-09-22 00:16:25.151168,LINE-2-PACKAGING,76.59,2.01
2026-09-22 00:17:25.151168,LINE-2-PACKAGING,74.51,1.98
2026-09-22 00:18:25.151168,LINE-2-PACKAGING,76.31,1.81
2026-09-22 00:19:25.151168,LINE-2-PACKAGING,74.65,1.92
2026-09-22 00:20:25.151168,LINE-2-PACKAGING,74.64,1.93
2026-09-22 00:21:25.151168,LINE-2-PACKAGING,74.7,1.87
2026-09-22 00:22:25.151168,LINE-2-PACKAGING,74.49,1.92
2026-09-22 00:23:25.151168,LINE-2-PACKAGING,73.69,1.92
2026-09-22 00:24:25.151168,LINE-2-PACKAGING,74.53,2.16
2026-09-22 00:25:25.151168,LINE-2-PACKAGING,74.62,2.09
2026-09-22 00:26:25.151168,LINE-2-PACKAGING,75.62,1.96
2026-09-22 00:27:25.151168,LINE-2-PACKAGING,74.29,2.04
2026-09-22 00:28:25.151168,LINE-2-PACKAGING,75.31,2.16
2026-09-22 00:29:25.151168,LINE-2-PACKAGING,74.85,2.21
2026-09-22 00:30:25.151168,LINE-2-PACKAGING,76.72,1.78
2026-09-22 00:31:25.151168,LINE-2-PACKAGING,74.15,2.05
2026-09-22 00:32:25.151168,LINE-2-PACKAGING,75.65,2.27
2026-09-22 00:33:25.151168,LINE-2-PACKAGING,78.41,2.04
2026-09-22 00:34:25.151168,LINE-2-PACKAGING,75.4,1.9
2026-09-22 00:35:25.151168,LINE-2-PACKAGING,73.83,2.1
2026-09-22 00:36:25.151168,LINE-2-PACKAGING,74.33,2.1
2026-09-22 00:37:25.151168,LINE-2-PACKAGING,75.25,1.99
2026-09-22 00:38:25.151168,LINE-2-PACKAGING,75.03,1.98
2026-09-22 00:39:25.151168,LINE-2-PACKAGING,75.47,2.08
2026-09-22 00:40:25.151168,LINE-2-PACKAGING,74.76,2.22
2026-09-22 00:41:25.151168,LINE-2-PACKAGING,75.04,2.09
2026-09-22 00:42:25.151168,LINE-2-PACKAGING,75.15,1.76
2026-09-22 00:43:25.151168,LINE-2-PACKAGING,73.83,2.14
2026-09-22 00:44:25.151168,LINE-2-PACKAGING,75.29,1.95
2026-09-22 00:45:25.151168,LINE-2-PACKAGING,75.62,1.95
2026-09-22 00:46:25.151168,LINE-2-PACKAGING,75.32,2.01
2026-09-22 00:47:25.151168,LINE-2-PACKAGING,75.95,2.0
2026-09-22 00:48:25.151168,LINE-2-PACKAGING,73.61,1.93
2026-09-22 00:49:25.151168,LINE-2-PACKAGING,76.04,2.2
2026-09-22 00:50:25.151168,LINE-2-PACKAGING,72.89,2.02
2026-09-22 00:51:25.151168,LINE-2-PACKAGING,75.9,1.95
2026-09-22 00:52:25.151168,LINE-2-PACKAGING,75.53,2.21
2026-09-22 00:53:25.151168,LINE-2-PACKAGING,76.42,2.01
2026-09-22 00:54:25.151168,LINE-2-PACKAGING,74.85,1.9
2026-09-22 00:55:25.151168,LINE-2-PACKAGING,73.21,1.83
2026-09-22 00:56:25.151168,LINE-2-PACKAGING,74.63,1.82
2026-09-22 00:57:25.151168,LINE-2-PACKAGING,73.95,1.84
2026-09-22 00:58:25.151168,LINE-2-PACKAGING,74.39,2.15
2026-09-22 00:59:25.151168,LINE-2-PACKAGING,75.07,2.05
2026-09-22 01:00:25.151168,LINE-2-PACKAGING,74.97,1.98
2026-09-22 01:01:25.151168,LINE-2-PACKAGING,76.42,1.84
2026-09-22 01:02:25.151168,LINE-2-PACKAGING,73.96,2.17
2026-09-22 01:03:25.151168,LINE-2-PACKAGING,76.04,1.99
2026-09-22 01:04:25.151168,LINE-2-PACKAGING,76.36,2.16
2026-09-22 01:05:25.151168,LINE-2-PACKAGING,73.3,2.08
2026-09-22 01:06:25.151168,LINE-2-PACKAGING,75.99,2.05
2026-09-22 01:07:25.151168,LINE-2-PACKAGING,73.35,2.06
2026-09-22 01:08:25.151168,LINE-2-PACKAGING,73.58,1.91
2026-09-22 01:09:25.151168,LINE-2-PACKAGING,74.24,1.96
2026-09-22 01:10:25.151168,LINE-2-PACKAGING,75.56,2.24
2026-09-22 01:11:25.151168,LINE-2-PACKAGING,75.14,1.81
2026-09-22 01:12:25.151168,LINE-2-PACKAGING,75.45,2.11
2026-09-22 01:13:25.151168,LINE-2-PACKAGING,73.96,1.89
2026-09-22 01:14:25.151168,LINE-2-PACKAGING,74.59,2.14
2026-09-22 01:15:25.151168,LINE-2-PACKAGING,75.28,1.88
2026-09-22 01:16:25.151168,LINE-2-PACKAGING,74.11,1.87
2026-09-22 01:17:25.151168,LINE-2-PACKAGING,73.73,1.97
2026-09-22 01:18:25.151168,LINE-2-PACKAGING,73.56,2.12
2026-09-22 01:19:25.151168,LINE-2-PACKAGING,74.73,1.95
2026-09-22 01:20:25.151168,LINE-2-PACKAGING,75.77,1.9
2026-09-22 01:21:25.151168,LINE-2-PACKAGING,73.03,1.91
2026-09-22 01:22:25.151168,LINE-2-PACKAGING,74.47,1.93
2026-09-22 01:23:25.151168,LINE-2-PACKAGING,75.24,2.01
2026-09-22 01:24:25.151168,LINE-2-PACKAGING,73.31,1.96
2026-09-22 01:25:25.151168,LINE-2-PACKAGING,74.45,2.04
2026-09-22 01:26:25.151168,LINE-2-PACKAGING,74.9,1.9
2026-09-22 01:27:25.151168,LINE-2-PACKAGING,74.8,1.83
2026-09-22 01:28:25.151168,LINE-2-PACKAGING,74.68,2.03
2026-09-22 01:29:25.151168,LINE-2-PACKAGING,75.73,1.8
2026-09-22 01:30:25.151168,LINE-2-PACKAGING,74.09,2.19
2026-09-22 01:31:25.151168,LINE-2-PACKAGING,72.67,1.89
2026-09-22 01:32:25.151168,LINE-2-PACKAGING,75.12,2.03
2026-09-22 01:33:25.151168,LINE-2-PACKAGING,73.99,1.85
2026-09-22 01:34:25.151168,LINE-2-PACKAGING,72.85,2.08
2026-09-22 01:35:25.151168,LINE-2-PACKAGING,75.4,2.08
2026-09-22 01:36:25.151168,LINE-2-PACKAGING,74.81,2.11
2026-09-22 01:37:25.151168,LINE-2-PACKAGING,75.79,2.05
2026-09-22 01:38:25.151168,LINE-2-PACKAGING,75.88,2.21
2026-09-22 01:39:25.151168,LINE-2-PACKAGING,74.23,2.13
2026-09-22 01:40:25.151168,LINE-2-PACKAGING,74.42,2.01
2026-09-22 01:41:25.151168,LINE-2-PACKAGING,74.39,1.73
2026-09-22 01:42:25.151168,LINE-2-PACKAGING,75.75,1.78
2026-09-22 01:43:25.151168,LINE-2-PACKAGING,73.14,2.1
2026-09-22 01:44:25.151168,LINE-2-PACKAGING,74.97,2.25
2026-09-22 01:45:25.151168,LINE-2-PACKAGING,75.29,2.29
2026-09-22 01:46:25.151168,LINE-2-PACKAGING,75.55,2.4
2026-09-22 01:47:25.151168,LINE-2-PACKAGING,75.36,2.04
2026-09-22 01:48:25.151168,LINE-2-PACKAGING,75.7,2.07
2026-09-22 01:49:25.151168,LINE-2-PACKAGING,74.86,2.06
2026-09-22 01:50:25.151168,LINE-2-PACKAGING,74.47,1.92
2026-09-22 01:51:25.151168,LINE-2-PACKAGING,74.1,2.01
2026-09-22 01:52:25.151168,LINE-2-PACKAGING,77.13,1.86
2026-09-22 01:53:25.151168,LINE-2-PACKAGING,75.06,2.13
2026-09-22 01:54:25.151168,LINE-2-PACKAGING,76.61,1.94
2026-09-22 01:55:25.151168,LINE-2-PACKAGING,73.88,1.96
2026-09-22 01:56:25.151168,LINE-2-PACKAGING,74.51,2.22
2026-09-22 01:57:25.151168,LINE-2-PACKAGING,75.71,2.19
2026-09-22 01:58:25.151168,LINE-2-PACKAGING,73.52,1.91
2026-09-22 01:59:25.151168,LINE-2-PACKAGING,74.87,1.95
2026-09-22 02:00:25.151168,LINE-2-PACKAGING,75.04,1.89
2026-09-22 02:01:25.151168,LINE-2-PACKAGING,75.51,1.69
2026-09-22 02:02:25.151168,LINE-2-PACKAGING,75.68,1.64
2026-09-22 02:03:25.151168,LINE-2-PACKAGING,74.7,1.97
2026-09-22 02:04:25.151168,LINE-2-PACKAGING,74.41,1.86
2026-09-22 02:05:25.151168,LINE-2-PACKAGING,74.44,1.97
2026-09-22 02:06:25.151168,LINE-2-PACKAGING,76.69,2.07
2026-09-22 02:07:25.151168,LINE-2-PACKAGING,75.4,1.69
2026-09-22 02:08:25.151168,LINE-2-PACKAGING,74.59,1.95
2026-09-22 02:09:25.151168,LINE-2-PACKAGING,75.07,2.02
2026-09-22 02:10:25.151168,LINE-2-PACKAGING,74.98,2.19
2026-09-22 02:11:25.151168,LINE-2-PACKAGING,73.26,2.09
2026-09-22 02:12:25.151168,LINE-2-PACKAGING,74.49,2.39
2026-09-22 02:13:25.151168,LINE-2-PACKAGING,75.76,2.01
2026-09-22 02:14:25.151168,LINE-2-PACKAGING,75.63,2.23
2026-09-22 02:15:25.151168,LINE-2-PACKAGING,75.03,1.89
2026-09-22 02:16:25.151168,LINE-2-PACKAGING,75.36,2.36
2026-09-22 02:17:25.151168,LINE-2-PACKAGING,74.01,1.97
2026-09-22 02:18:25.151168,LINE-2-PACKAGING,73.97,2.24
2026-09-22 02:19:25.151168,LINE-2-PACKAGING,76.29,2.02
2026-09-22 02:20:25.151168,LINE-2-PACKAGING,75.22,2.07
2026-09-22 02:21:25.151168,LINE-2-PACKAGING,75.77,1.84
2026-09-22 02:22:25.151168,LINE-2-PACKAGING,75.45,2.14
2026-09-22 02:23:25.151168,LINE-2-PACKAGING,75.12,2.04
2026-09-22 02:24:25.151168,LINE-2-PACKAGING,74.13,1.93
2026-09-22 02:25:25.151168,LINE-2-PACKAGING,73.74,2.01
2026-09-22 02:26:25.151168,LINE-2-PACKAGING,76.19,2.04
2026-09-22 02:27:25.151168,LINE-2-PACKAGING,76.12,2.04
2026-09-22 02:28:25.151168,LINE-2-PACKAGING,75.69,1.84
2026-09-22 02:29:25.151168,LINE-2-PACKAGING,73.87,1.89
2026-09-22 02:30:25.151168,LINE-2-PACKAGING,73.62,2.25
2026-09-22 02:31:25.151168,LINE-2-PACKAGING,71.8,1.9
2026-09-22 02:32:25.151168,LINE-2-PACKAGING,75.06,2.13
2026-09-22 02:33:25.151168,LINE-2-PACKAGING,74.88,2.11
2026-09-22 02:34:25.151168,LINE-2-PACKAGING,74.86,1.8
2026-09-22 02:35:25.151168,LINE-2-PACKAGING,75.5,1.84
2026-09-22 02:36:25.151168,LINE-2-PACKAGING,74.62,1.89
2026-09-22 02:37:25.151168,LINE-2-PACKAGING,74.33,1.97
2026-09-22 02:38:25.151168,LINE-2-PACKAGING,74.6,1.83
2026-09-22 02:39:25.151168,LINE-2-PACKAGING,75.58,1.93
2026-09-22 02:40:25.151168,LINE-2-PACKAGING,75.66,1.62
2026-09-22 02:41:25.151168,LINE-2-PACKAGING,74.95,2.2
2026-09-22 02:42:25.151168,LINE-2-PACKAGING,74.06,2.01
2026-09-22 02:43:25.151168,LINE-2-PACKAGING,74.8,1.79
2026-09-22 02:44:25.151168,LINE-2-PACKAGING,75.41,2.02
2026-09-22 02:45:25.151168,LINE-2-PACKAGING,74.75,2.02
2026-09-22 02:46:25.151168,LINE-2-PACKAGING,73.5,1.93
2026-09-22 02:47:25.151168,LINE-2-PACKAGING,76.11,2.02
2026-09-22 02:48:25.151168,LINE-2-PACKAGING,76.11,2.11
2026-09-22 02:49:25.151168,LINE-2-PACKAGING,75.42,2.25
2026-09-22 02:50:25.151168,LINE-2-PACKAGING,74.81,1.97
2026-09-22 02:51:25.151168,LINE-2-PACKAGING,74.08,1.8
2026-09-22 02:52:25.151168,LINE-2-PACKAGING,74.44,1.66
2026-09-22 02:53:25.151168,LINE-2-PACKAGING,74.96,2.04
2026-09-22 02:54:25.151168,LINE-2-PACKAGING,74.62,1.73
2026-09-22 02:55:25.151168,LINE-2-PACKAGING,74.74,2.06
2026-09-22 02:56:25.151168,LINE-2-PACKAGING,77.2,1.92
2026-09-22 02:57:25.151168,LINE-2-PACKAGING,73.54,1.82
2026-09-22 02:58:25.151168,LINE-2-PACKAGING,76.34,1.98
2026-09-22 02:59:25.151168,LINE-2-PACKAGING,75.01,1.73
2026-09-22 03:00:25.151168,LINE-2-PACKAGING,75.32,2.0
2026-09-22 03:01:25.151168,LINE-2-PACKAGING,74.27,2.16
2026-09-22 03:02:25.151168,LINE-2-PACKAGING,73.35,1.89
2026-09-22 03:03:25.151168,LINE-2-PACKAGING,75.71,2.0
2026-09-22 03:04:25.151168,LINE-2-PACKAGING,75.78,2.14
2026-09-22 03:05:25.151168,LINE-2-PACKAGING,75.37,2.0
2026-09-22 03:06:25.151168,LINE-2-PACKAGING,74.57,1.82
2026-09-22 03:07:25.151168,LINE-2-PACKAGING,74.88,1.77
2026-09-22 03:08:25.151168,LINE-2-PACKAGING,76.26,2.22
2026-09-22 03:09:25.151168,LINE-2-PACKAGING,75.7,1.84
2026-09-22 03:10:25.151168,LINE-2-PACKAGING,74.2,2.05
2026-09-22 03:11:25.151168,LINE-2-PACKAGING,75.6,1.91
2026-09-22 03:12:25.151168,LINE-2-PACKAGING,74.52,2.13
2026-09-22 03:13:25.151168,LINE-2-PACKAGING,74.11,1.98
2026-09-22 03:14:25.151168,LINE-2-PACKAGING,74.58,2.07
2026-09-22 03:15:25.151168,LINE-2-PACKAGING,73.86,2.21
2026-09-22 03:16:25.151168,LINE-2-PACKAGING,74.53,1.73
2026-09-22 03:17:25.151168,LINE-2-PACKAGING,73.71,1.94
2026-09-22 03:18:25.151168,LINE-2-PACKAGING,74.42,1.94
2026-09-22 03:19:25.151168,LINE-2-PACKAGING,73.85,2.02
2026-09-22 03:20:25.151168,LINE-2-PACKAGING,75.62,2.23
2026-09-22 03:21:25.151168,LINE-2-PACKAGING,75.61,2.21
2026-09-22 03:22:25.151168,LINE-2-PACKAGING,76.7,1.8
2026-09-22 03:23:25.151168,LINE-2-PACKAGING,75.47,1.96
2026-09-22 03:24:25.151168,LINE-2-PACKAGING,74.93,2.17
2026-09-22 03:25:25.151168,LINE-2-PACKAGING,75.47,1.95
2026-09-22 03:26:25.151168,LINE-2-PACKAGING,74.35,2.06
2026-09-22 03:27:25.151168,LINE-2-PACKAGING,73.73,1.86
2026-09-22 03:28:25.151168,LINE-2-PACKAGING,75.39,2.05
2026-09-22 03:29:25.151168,LINE-2-PACKAGING,75.71,1.89
2026-09-22 03:30:25.151168,LINE-2-PACKAGING,72.18,2.02
2026-09-22 03:31:25.151168,LINE-2-PACKAGING,74.72,1.84
2026-09-22 03:32:25.151168,LINE-2-PACKAGING,77.3,2.03
2026-09-22 03:33:25.151168,LINE-2-PACKAGING,74.71,1.96
2026-09-22 03:34:25.151168,LINE-2-PACKAGING,73.0,1.99
2026-09-22 03:35:25.151168,LINE-2-PACKAGING,74.71,2.05
2026-09-22 03:36:25.151168,LINE-2-PACKAGING,74.53,1.93
2026-09-22 03:37:25.151168,LINE-2-PACKAGING,75.23,2.04
2026-09-22 03:38:25.151168,LINE-2-PACKAGING,75.46,1.89
2026-09-22 03:39:25.151168,LINE-2-PACKAGING,76.45,1.87
2026-09-22 03:40:25.151168,LINE-2-PACKAGING,74.68,1.92
2026-09-22 03:41:25.151168,LINE-2-PACKAGING,75.73,2.2
2026-09-22 03:42:25.151168,LINE-2-PACKAGING,74.84,2.04
2026-09-22 03:43:25.151168,LINE-2-PACKAGING,74.33,2.02
2026-09-22 03:44:25.151168,LINE-2-PACKAGING,76.49,1.82
2026-09-22 03:45:25.151168,LINE-2-PACKAGING,73.65,1.74
2026-09-22 03:46:25.151168,LINE-2-PACKAGING,74.86,2.17
2026-09-22 03:47:25.151168,LINE-2-PACKAGING,76.16,1.9
2026-09-22 03:48:25.151168,LINE-2-PACKAGING,74.29,2.04
2026-09-22 03:49:25.151168,LINE-2-PACKAGING,75.43,1.96
2026-09-22 03:50:25.151168,LINE-2-PACKAGING,74.34,1.92
2026-09-22 03:51:25.151168,LINE-2-PACKAGING,74.68,2.02
2026-09-22 03:52:25.151168,LINE-2-PACKAGING,74.43,2.1
2026-09-22 03:53:25.151168,LINE-2-PACKAGING,73.07,2.05
2026-09-22 03:54:25.151168,LINE-2-PACKAGING,72.96,2.25
2026-09-22 03:55:25.151168,LINE-2-PACKAGING,75.01,1.96
2026-09-22 03:56:25.151168,LINE-2-PACKAGING,76.41,2.24
2026-09-22 03:57:25.151168,LINE-2-PACKAGING,75.78,2.16
2026-09-22 03:58:25.151168,LINE-2-PACKAGING,74.66,2.07
2026-09-22 03:59:25.151168,LINE-2-PACKAGING,76.15,1.89
2026-09-22 04:00:25.151168,LINE-2-PACKAGING,77.09,2.26
2026-09-22 04:01:25.151168,LINE-2-PACKAGING,76.49,1.94
2026-09-22 04:02:25.151168,LINE-2-PACKAGING,76.09,2.14
2026-09-22 04:03:25.151168,LINE-2-PACKAGING,74.56,2.05
2026-09-22 04:04:25.151168,LINE-2-PACKAGING,75.28,2.0
2026-09-22 04:05:25.151168,LINE-2-PACKAGING,76.25,2.12
2026-09-22 04:06:25.151168,LINE-2-PACKAGING,77.73,1.92
2026-09-22 04:07:25.151168,LINE-2-PACKAGING,74.79,2.01
2026-09-22 04:08:25.151168,LINE-2-PACKAGING,75.99,1.94
2026-09-22 04:09:25.151168,LINE-2-PACKAGING,76.44,2.07
2026-09-22 04:10:25.151168,LINE-2-PACKAGING,75.27,2.23
2026-09-22 04:11:25.151168,LINE-2-PACKAGING,78.03,1.87
2026-09-22 04:12:25.151168,LINE-2-PACKAGING,76.75,1.92
2026-09-22 04:13:25.151168,LINE-2-PACKAGING,75.32,2.15
2026-09-22 04:14:25.151168,LINE-2-PACKAGING,73.71,1.69
2026-09-22 04:15:25.151168,LINE-2-PACKAGING,75.1,2.04
2026-09-22 04:16:25.151168,LINE-2-PACKAGING,74.77,1.84
2026-09-22 04:17:25.151168,LINE-2-PACKAGING,75.13,2.13
2026-09-22 04:18:25.151168,LINE-2-PACKAGING,75.72,2.13
2026-09-22 04:19:25.151168,LINE-2-PACKAGING,75.58,1.84
2026-09-22 04:20:25.151168,LINE-2-PACKAGING,74.75,2.01
2026-09-22 04:21:25.151168,LINE-2-PACKAGING,74.22,1.92
2026-09-22 04:22:25.151168,LINE-2-PACKAGING,75.11,1.9
2026-09-22 04:23:25.151168,LINE-2-PACKAGING,73.93,1.89
2026-09-22 04:24:25.151168,LINE-2-PACKAGING,74.99,1.96
2026-09-22 04:25:25.151168,LINE-2-PACKAGING,75.3,1.78
2026-09-22 04:26:25.151168,LINE-2-PACKAGING,74.18,2.07
2026-09-22 04:27:25.151168,LINE-2-PACKAGING,74.94,1.93
2026-09-22 04:28:25.151168,LINE-2-PACKAGING,73.65,1.67
2026-09-22 04:29:25.151168,LINE-2-PACKAGING,75.26,1.79
2026-09-22 04:30:25.151168,LINE-2-PACKAGING,73.71,2.04
2026-09-22 04:31:25.151168,LINE-2-PACKAGING,73.11,2.1
2026-09-22 04:32:25.151168,LINE-2-PACKAGING,74.1,1.79
2026-09-22 04:33:25.151168,LINE-2-PACKAGING,74.64,1.87
2026-09-22 04:34:25.151168,LINE-2-PACKAGING,73.81,2.08
2026-09-22 04:35:25.151168,LINE-2-PACKAGING,75.36,1.9
2026-09-22 04:36:25.151168,LINE-2-PACKAGING,74.3,1.99
2026-09-22 04:37:25.151168,LINE-2-PACKAGING,73.66,2.12
2026-09-22 04:38:25.151168,LINE-2-PACKAGING,76.13,2.01
2026-09-22 04:39:25.151168,LINE-2-PACKAGING,75.08,1.98
2026-09-22 04:40:25.151168,LINE-2-PACKAGING,74.64,2.19
2026-09-22 04:41:25.151168,LINE-2-PACKAGING,74.92,2.08
2026-09-22 04:42:25.151168,LINE-2-PACKAGING,75.45,2.14
2026-09-22 04:43:25.151168,LINE-2-PACKAGING,75.82,2.32
2026-09-22 04:44:25.151168,LINE-2-PACKAGING,76.25,1.97
2026-09-22 04:45:25.151168,LINE-2-PACKAGING,74.33,1.94
2026-09-22 04:46:25.151168,LINE-2-PACKAGING,74.92,1.94
2026-09-22 04:47:25.151168,LINE-2-PACKAGING,74.25,2.12
2026-09-22 04:48:25.151168,LINE-2-PACKAGING,74.46,2.04
2026-09-22 04:49:25.151168,LINE-2-PACKAGING,76.46,2.13
2026-09-22 04:50:25.151168,LINE-2-PACKAGING,75.18,2.28
2026-09-22 04:51:25.151168,LINE-2-PACKAGING,73.65,1.74
2026-09-22 04:52:25.151168,LINE-2-PACKAGING,75.58,2.16
2026-09-22 04:53:25.151168,LINE-2-PACKAGING,76.03,2.2
2026-09-22 04:54:25.151168,LINE-2-PACKAGING,75.37,2.09
2026-09-22 04:55:25.151168,LINE-2-PACKAGING,73.85,1.9
2026-09-22 04:56:25.151168,LINE-2-PACKAGING,74.24,1.95
2026-09-22 04:57:25.151168,LINE-2-PACKAGING,74.91,1.98
2026-09-22 04:58:25.151168,LINE-2-PACKAGING,74.06,1.95
2026-09-22 04:59:25.151168,LINE-2-PACKAGING,74.0,2.0
2026-09-22 05:00:25.151168,LINE-2-PACKAGING,75.19,2.12
2026-09-22 05:01:25.151168,LINE-2-PACKAGING,74.75,1.97
2026-09-22 05:02:25.151168,LINE-2-PACKAGING,74.79,2.31
2026-09-22 05:03:25.151168,LINE-2-PACKAGING,75.17,1.97
2026-09-22 05:04:25.151168,LINE-2-PACKAGING,75.71,1.73
2026-09-22 05:05:25.151168,LINE-2-PACKAGING,74.75,1.84
2026-09-22 05:06:25.151168,LINE-2-PACKAGING,75.4,2.04
2026-09-22 05:07:25.151168,LINE-2-PACKAGING,73.71,1.95
2026-09-22 05:08:25.151168,LINE-2-PACKAGING,77.89,2.31
2026-09-22 05:09:25.151168,LINE-2-PACKAGING,75.29,2.08
2026-09-22 05:10:25.151168,LINE-2-PACKAGING,73.14,1.99
2026-09-22 05:11:25.151168,LINE-2-PACKAGING,74.73,1.99
2026-09-22 05:12:25.151168,LINE-2-PACKAGING,75.17,1.85
2026-09-22 05:13:25.151168,LINE-2-PACKAGING,75.16,2.22
2026-09-22 05:14:25.151168,LINE-2-PACKAGING,75.75,2.31
2026-09-22 05:15:25.151168,LINE-2-PACKAGING,75.33,1.92
2026-09-22 05:16:25.151168,LINE-2-PACKAGING,74.56,1.97
2026-09-22 05:17:25.151168,LINE-2-PACKAGING,76.06,2.11
2026-09-22 05:18:25.151168,LINE-2-PACKAGING,75.14,1.99
2026-09-22 05:19:25.151168,LINE-2-PACKAGING,72.9,2.15
2026-09-22 05:20:25.151168,LINE-2-PACKAGING,76.66,2.04
2026-09-22 05:21:25.151168,LINE-2-PACKAGING,73.29,2.17
2026-09-22 05:22:25.151168,LINE-2-PACKAGING,74.37,1.87
2026-09-22 05:23:25.151168,LINE-2-PACKAGING,74.25,2.06
2026-09-22 05:24:25.151168,LINE-2-PACKAGING,75.88,2.17
2026-09-22 05:25:25.151168,LINE-2-PACKAGING,75.33,2.12
2026-09-22 05:26:25.151168,LINE-2-PACKAGING,75.72,2.15
2026-09-22 05:27:25.151168,LINE-2-PACKAGING,75.17,2.08
2026-09-22 05:28:25.151168,LINE-2-PACKAGING,75.82,1.96
2026-09-22 05:29:25.151168,LINE-2-PACKAGING,75.47,1.75
2026-09-22 05:30:25.151168,LINE-2-PACKAGING,76.14,1.9
2026-09-22 05:31:25.151168,LINE-2-PACKAGING,73.32,2.04
2026-09-22 05:32:25.151168,LINE-2-PACKAGING,73.99,2.16
2026-09-22 05:33:25.151168,LINE-2-PACKAGING,75.34,1.77
2026-09-22 05:34:25.151168,LINE-2-PACKAGING,76.8,1.94
2026-09-22 05:35:25.151168,LINE-2-PACKAGING,75.59,1.77
2026-09-22 05:36:25.151168,LINE-2-PACKAGING,74.05,1.85
2026-09-22 05:37:25.151168,LINE-2-PACKAGING,75.46,2.16
2026-09-22 05:38:25.151168,LINE-2-PACKAGING,75.24,2.23
2026-09-22 05:39:25.151168,LINE-2-PACKAGING,73.86,2.19
2026-09-22 05:40:25.151168,LINE-2-PACKAGING,76.07,2.24
2026-09-22 05:41:25.151168,LINE-2-PACKAGING,73.83,1.99
2026-09-22 05:42:25.151168,LINE-2-PACKAGING,75.09,2.21
2026-09-22 05:43:25.151168,LINE-2-PACKAGING,74.09,1.87
2026-09-22 05:44:25.151168,LINE-2-PACKAGING,75.41,1.87
2026-09-22 05:45:25.151168,LINE-2-PACKAGING,75.46,1.92
2026-09-22 05:46:25.151168,LINE-2-PACKAGING,75.6,1.9
2026-09-22 05:47:25.151168,LINE-2-PACKAGING,73.01,2.18
2026-09-22 05:48:25.151168,LINE-2-PACKAGING,76.79,2.17
2026-09-22 05:49:25.151168,LINE-2-PACKAGING,74.66,2.22
2026-09-22 05:50:25.151168,LINE-2-PACKAGING,75.44,2.04
2026-09-22 05:51:25.151168,LINE-2-PACKAGING,73.99,2.12
2026-09-22 05:52:25.151168,LINE-2-PACKAGING,74.84,2.05
2026-09-22 05:53:25.151168,LINE-2-PACKAGING,72.69,1.94
2026-09-22 05:54:25.151168,LINE-2-PACKAGING,74.38,2.08
2026-09-22 05:55:25.151168,LINE-2-PACKAGING,75.49,1.6
2026-09-22 05:56:25.151168,LINE-2-PACKAGING,73.55,2.05
2026-09-22 05:57:25.151168,LINE-2-PACKAGING,75.32,1.81
2026-09-22 05:58:25.151168,LINE-2-PACKAGING,75.77,2.0
2026-09-22 05:59:25.151168,LINE-2-PACKAGING,75.95,1.79
2026-09-22 06:00:25.151168,LINE-2-PACKAGING,75.04,2.19
2026-09-22 06:01:25.151168,LINE-2-PACKAGING,75.41,2.0
2026-09-22 06:02:25.151168,LINE-2-PACKAGING,74.66,1.89
2026-09-22 06:03:25.151168,LINE-2-PACKAGING,75.34,2.28
2026-09-22 06:04:25.151168,LINE-2-PACKAGING,75.0,2.27
2026-09-22 06:05:25.151168,LINE-2-PACKAGING,73.25,1.87
2026-09-22 06:06:25.151168,LINE-2-PACKAGING,75.59,1.9
2026-09-22 06:07:25.151168,LINE-2-PACKAGING,73.75,2.06
2026-09-22 06:08:25.151168,LINE-2-PACKAGING,74.08,2.19
2026-09-22 06:09:25.151168,LINE-2-PACKAGING,75.58,1.98
2026-09-22 06:10:25.151168,LINE-2-PACKAGING,73.76,1.77
2026-09-22 06:11:25.151168,LINE-2-PACKAGING,73.74,2.19
2026-09-22 06:12:25.151168,LINE-2-PACKAGING,74.22,1.91
2026-09-22 06:13:25.151168,LINE-2-PACKAGING,74.44,2.2
2026-09-22 06:14:25.151168,LINE-2-PACKAGING,74.08,1.81
2026-09-22 06:15:25.151168,LINE-2-PACKAGING,74.63,2.03
2026-09-22 06:16:25.151168,LINE-2-PACKAGING,74.65,1.97
2026-09-22 06:17:25.151168,LINE-2-PACKAGING,75.18,2.03
2026-09-22 06:18:25.151168,LINE-2-PACKAGING,73.67,2.24
2026-09-22 06:19:25.151168,LINE-2-PACKAGING,75.63,1.93
2026-09-22 06:20:25.151168,LINE-2-PACKAGING,74.75,1.84
2026-09-22 06:21:25.151168,LINE-2-PACKAGING,76.78,2.28
2026-09-22 06:22:25.151168,LINE-2-PACKAGING,72.82,2.16
2026-09-22 06:23:25.151168,LINE-2-PACKAGING,74.4,1.76
2026-09-22 06:24:25.151168,LINE-2-PACKAGING,73.15,1.8
2026-09-22 06:25:25.151168,LINE-2-PACKAGING,74.98,2.22
2026-09-22 06:26:25.151168,LINE-2-PACKAGING,75.17,2.08
2026-09-22 06:27:25.151168,LINE-2-PACKAGING,76.95,2.14
2026-09-22 06:28:25.151168,LINE-2-PACKAGING,73.49,1.85
2026-09-22 06:29:25.151168,LINE-2-PACKAGING,72.96,1.77
2026-09-22 06:30:25.151168,LINE-2-PACKAGING,74.3,1.92
2026-09-22 06:31:25.151168,LINE-2-PACKAGING,75.53,2.15
2026-09-22 06:32:25.151168,LINE-2-PACKAGING,75.07,1.85
2026-09-22 06:33:25.151168,LINE-2-PACKAGING,75.28,1.67
2026-09-22 06:34:25.151168,LINE-2-PACKAGING,75.99,2.13
2026-09-22 06:35:25.151168,LINE-2-PACKAGING,74.06,2.12
2026-09-22 06:36:25.151168,LINE-2-PACKAGING,73.72,1.97
2026-09-22 06:37:25.151168,LINE-2-PACKAGING,74.95,2.13
2026-09-22 06:38:25.151168,LINE-2-PACKAGING,76.03,1.98
2026-09-22 06:39:25.151168,LINE-2-PACKAGING,73.86,1.86
2026-09-22 06:40:25.151168,LINE-2-PACKAGING,74.22,1.97
2026-09-22 06:41:25.151168,LINE-2-PACKAGING,76.02,2.01
2026-09-22 06:42:25.151168,LINE-2-PACKAGING,74.38,1.9
2026-09-22 06:43:25.151168,LINE-2-PACKAGING,74.17,2.03
2026-09-22 06:44:25.151168,LINE-2-PACKAGING,75.3,1.99
2026-09-22 06:45:25.151168,LINE-2-PACKAGING,73.6,1.92
2026-09-22 06:46:25.151168,LINE-2-PACKAGING,75.91,1.84
2026-09-22 06:47:25.151168,LINE-2-PACKAGING,74.74,1.89
2026-09-22 06:48:25.151168,LINE-2-PACKAGING,76.5,2.0
2026-09-22 06:49:25.151168,LINE-2-PACKAGING,74.3,2.01
2026-09-22 06:50:25.151168,LINE-2-PACKAGING,73.93,1.98
2026-09-22 06:51:25.151168,LINE-2-PACKAGING,74.86,2.03
2026-09-22 06:52:25.151168,LINE-2-PACKAGING,76.29,1.71
2026-09-22 06:53:25.151168,LINE-2-PACKAGING,75.99,1.83
2026-09-22 06:54:25.151168,LINE-2-PACKAGING,77.74,1.96
2026-09-22 06:55:25.151168,LINE-2-PACKAGING,74.95,2.12
2026-09-22 06:56:25.151168,LINE-2-PACKAGING,74.21,1.99
2026-09-22 06:57:25.151168,LINE-2-PACKAGING,74.91,1.99
2026-09-22 06:58:25.151168,LINE-2-PACKAGING,75.17,1.92
2026-09-22 06:59:25.151168,LINE-2-PACKAGING,74.44,2.02
2026-09-22 07:00:25.151168,LINE-2-PACKAGING,75.08,2.04
2026-09-22 07:01:25.151168,LINE-2-PACKAGING,76.16,2.14
2026-09-22 07:02:25.151168,LINE-2-PACKAGING,74.0,1.84
2026-09-22 07:03:25.151168,LINE-2-PACKAGING,75.72,2.2
2026-09-22 07:04:25.151168,LINE-2-PACKAGING,74.65,1.97
2026-09-22 07:05:25.151168,LINE-2-PACKAGING,76.24,1.85
2026-09-22 07:06:25.151168,LINE-2-PACKAGING,76.31,1.82
2026-09-22 07:07:25.151168,LINE-2-PACKAGING,75.3,1.82
2026-09-22 07:08:25.151168,LINE-2-PACKAGING,73.61,2.0
2026-09-22 07:09:25.151168,LINE-2-PACKAGING,77.62,1.9
2026-09-22 07:10:25.151168,LINE-2-PACKAGING,75.71,2.27
2026-09-22 07:11:25.151168,LINE-2-PACKAGING,74.02,1.88
2026-09-22 07:12:25.151168,LINE-2-PACKAGING,75.76,2.18
2026-09-22 07:13:25.151168,LINE-2-PACKAGING,76.3,2.01
2026-09-22 07:14:25.151168,LINE-2-PACKAGING,75.07,1.87
2026-09-22 07:15:25.151168,LINE-2-PACKAGING,75.3,1.94
2026-09-22 07:16:25.151168,LINE-2-PACKAGING,75.87,2.27
2026-09-22 07:17:25.151168,LINE-2-PACKAGING,74.38,2.06
2026-09-22 07:18:25.151168,LINE-2-PACKAGING,75.15,1.94
2026-09-22 07:19:25.151168,LINE-2-PACKAGING,74.71,1.99
2026-09-22 07:20:25.151168,LINE-2-PACKAGING,75.46,2.11
2026-09-22 07:21:25.151168,LINE-2-PACKAGING,74.75,2.14
2026-09-22 07:22:25.151168,LINE-2-PACKAGING,75.5,1.98
2026-09-22 07:23:25.151168,LINE-2-PACKAGING,75.36,1.64
2026-09-22 07:24:25.151168,LINE-2-PACKAGING,74.42,2.07
2026-09-22 07:25:25.151168,LINE-2-PACKAGING,74.47,1.73
2026-09-22 07:26:25.151168,LINE-2-PACKAGING,75.48,2.03
2026-09-22 07:27:25.151168,LINE-2-PACKAGING,75.45,2.03
2026-09-22 07:28:25.151168,LINE-2-PACKAGING,74.26,1.87
2026-09-22 07:29:25.151168,LINE-2-PACKAGING,75.86,1.91
2026-09-22 07:30:25.151168,LINE-2-PACKAGING,74.71,2.17
2026-09-22 07:31:25.151168,LINE-2-PACKAGING,74.52,1.83
2026-09-22 07:32:25.151168,LINE-2-PACKAGING,75.75,2.11
2026-09-22 07:33:25.151168,LINE-2-PACKAGING,73.83,1.93
2026-09-22 07:34:25.151168,LINE-2-PACKAGING,75.35,1.99
2026-09-22 07:35:25.151168,LINE-2-PACKAGING,76.79,2.01
2026-09-22 07:36:25.151168,LINE-2-PACKAGING,73.17,2.03
2026-09-22 07:37:25.151168,LINE-2-PACKAGING,76.16,2.14
2026-09-22 07:38:25.151168,LINE-2-PACKAGING,75.0,1.79
2026-09-22 07:39:25.151168,LINE-2-PACKAGING,75.56,1.98
2026-09-22 07:40:25.151168,LINE-2-PACKAGING,73.98,1.92
2026-09-22 07:41:25.151168,LINE-2-PACKAGING,74.11,1.97
2026-09-22 07:42:25.151168,LINE-2-PACKAGING,75.28,2.09
2026-09-22 07:43:25.151168,LINE-2-PACKAGING,75.4,2.05
2026-09-22 07:44:25.151168,LINE-2-PACKAGING,76.87,2.11
2026-09-22 07:45:25.151168,LINE-2-PACKAGING,74.02,2.16
2026-09-22 07:46:25.151168,LINE-2-PACKAGING,75.87,1.96
2026-09-22 07:47:25.151168,LINE-2-PACKAGING,74.16,2.17
2026-09-22 07:48:25.151168,LINE-2-PACKAGING,76.02,2.02
2026-09-22 07:49:25.151168,LINE-2-PACKAGING,74.25,2.13
2026-09-22 07:50:25.151168,LINE-2-PACKAGING,74.76,1.95
2026-09-22 07:51:25.151168,LINE-2-PACKAGING,76.7,2.03
2026-09-22 07:52:25.151168,LINE-2-PACKAGING,76.44,2.35
2026-09-22 07:53:25.151168,LINE-2-PACKAGING,75.16,2.15
2026-09-22 07:54:25.151168,LINE-2-PACKAGING,75.74,2.05
2026-09-22 07:55:25.151168,LINE-2-PACKAGING,75.48,1.97
2026-09-22 07:56:25.151168,LINE-2-PACKAGING,74.92,1.61
2026-09-22 07:57:25.151168,LINE-2-PACKAGING,73.14,2.19
2026-09-22 07:58:25.151168,LINE-2-PACKAGING,75.26,2.11
2026-09-22 07:59:25.151168,LINE-2-PACKAGING,75.46,2.26
2026-09-22 08:00:25.151168,LINE-2-PACKAGING,75.81,2.13
2026-09-22 08:01:25.151168,LINE-2-PACKAGING,75.56,1.77
2026-09-22 08:02:25.151168,LINE-2-PACKAGING,74.86,2.08
2026-09-22 08:03:25.151168,LINE-2-PACKAGING,75.11,2.0
2026-09-22 08:04:25.151168,LINE-2-PACKAGING,73.75,1.88
2026-09-22 08:05:25.151168,LINE-2-PACKAGING,73.9,2.02
2026-09-22 08:06:25.151168,LINE-2-PACKAGING,74.66,1.93
2026-09-22 08:07:25.151168,LINE-2-PACKAGING,75.24,1.87
2026-09-22 08:08:25.151168,LINE-2-PACKAGING,76.16,1.93
2026-09-22 08:09:25.151168,LINE-2-PACKAGING,75.84,2.11
2026-09-22 08:10:25.151168,LINE-2-PACKAGING,75.58,2.23
2026-09-22 08:11:25.151168,LINE-2-PACKAGING,75.56,2.05
2026-09-22 08:12:25.151168,LINE-2-PACKAGING,75.26,1.95
2026-09-22 08:13:25.151168,LINE-2-PACKAGING,75.9,2.05
2026-09-22 08:14:25.151168,LINE-2-PACKAGING,73.64,2.11
2026-09-22 08:15:25.151168,LINE-2-PACKAGING,75.05,2.1
2026-09-22 08:16:25.151168,LINE-2-PACKAGING,73.97,1.92
2026-09-22 08:17:25.151168,LINE-2-PACKAGING,75.68,1.68
2026-09-22 08:18:25.151168,LINE-2-PACKAGING,76.36,2.09
2026-09-22 08:19:25.151168,LINE-2-PACKAGING,73.76,2.05
2026-09-22 08:20:25.151168,LINE-2-PACKAGING,74.66,1.87
2026-09-22 08:21:25.151168,LINE-2-PACKAGING,75.39,2.08
2026-09-22 08:22:25.151168,LINE-2-PACKAGING,74.01,2.0
2026-09-22 08:23:25.151168,LINE-2-PACKAGING,75.36,2.07
2026-09-22 08:24:25.151168,LINE-2-PACKAGING,73.94,2.08
2026-09-22 08:25:25.151168,LINE-2-PACKAGING,75.49,2.1
2026-09-22 08:26:25.151168,LINE-2-PACKAGING,74.24,1.99
2026-09-22 08:27:25.151168,LINE-2-PACKAGING,74.59,1.97
2026-09-22 08:28:25.151168,LINE-2-PACKAGING,75.51,2.0
2026-09-22 08:29:25.151168,LINE-2-PACKAGING,75.19,2.08
2026-09-22 08:30:25.151168,LINE-2-PACKAGING,75.21,2.09
2026-09-22 08:31:25.151168,LINE-2-PACKAGING,76.04,2.11
2026-09-22 08:32:25.151168,LINE-2-PACKAGING,74.01,2.01
2026-09-22 08:33:25.151168,LINE-2-PACKAGING,75.89,2.08
2026-09-22 08:34:25.151168,LINE-2-PACKAGING,75.27,2.04
2026-09-22 08:35:25.151168,LINE-2-PACKAGING,75.28,1.86
2026-09-22 08:36:25.151168,LINE-2-PACKAGING,75.57,1.99
2026-09-22 08:37:25.151168,LINE-2-PACKAGING,74.88,1.99
2026-09-22 08:38:25.151168,LINE-2-PACKAGING,75.17,2.24
2026-09-22 08:39:25.151168,LINE-2-PACKAGING,74.33,1.85
2026-09-22 08:40:25.151168,LINE-2-PACKAGING,76.51,2.29
2026-09-22 08:41:25.151168,LINE-2-PACKAGING,76.37,1.89
2026-09-22 08:42:25.151168,LINE-2-PACKAGING,74.05,1.67
2026-09-22 08:43:25.151168,LINE-2-PACKAGING,73.6,2.02
2026-09-22 08:44:25.151168,LINE-2-PACKAGING,75.19,1.82
2026-09-22 08:45:25.151168,LINE-2-PACKAGING,75.27,2.0
2026-09-22 08:46:25.151168,LINE-2-PACKAGING,73.76,1.93
2026-09-22 08:47:25.151168,LINE-2-PACKAGING,75.5,1.83
2026-09-22 08:48:25.151168,LINE-2-PACKAGING,74.06,1.86
2026-09-22 08:49:25.151168,LINE-2-PACKAGING,78.06,1.68
2026-09-22 08:50:25.151168,LINE-2-PACKAGING,74.15,2.12
2026-09-22 08:51:25.151168,LINE-2-PACKAGING,72.27,1.85
2026-09-22 08:52:25.151168,LINE-2-PACKAGING,74.01,1.66
2026-09-22 08:53:25.151168,LINE-2-PACKAGING,74.71,2.13
2026-09-22 08:54:25.151168,LINE-2-PACKAGING,75.72,2.12
2026-09-22 08:55:25.151168,LINE-2-PACKAGING,74.2,1.91
2026-09-22 08:56:25.151168,LINE-2-PACKAGING,75.34,2.25
2026-09-22 08:57:25.151168,LINE-2-PACKAGING,74.39,2.06
2026-09-22 08:58:25.151168,LINE-2-PACKAGING,74.18,2.18
2026-09-22 08:59:25.151168,LINE-2-PACKAGING,75.91,1.94
2026-09-22 09:00:25.151168,LINE-2-PACKAGING,76.01,1.83
2026-09-22 09:01:25.151168,LINE-2-PACKAGING,74.98,1.94
2026-09-22 09:02:25.151168,LINE-2-PACKAGING,73.4,2.28
2026-09-22 09:03:25.151168,LINE-2-PACKAGING,74.93,1.97
2026-09-22 09:04:25.151168,LINE-2-PACKAGING,74.75,2.18
2026-09-22 09:05:25.151168,LINE-2-PACKAGING,73.84,2.06
2026-09-22 09:06:25.151168,LINE-2-PACKAGING,75.24,2.05
2026-09-22 09:07:25.151168,LINE-2-PACKAGING,74.94,2.13
2026-09-22 09:08:25.151168,LINE-2-PACKAGING,76.72,2.19
2026-09-22 09:09:25.151168,LINE-2-PACKAGING,75.11,1.91
2026-09-22 09:10:25.151168,LINE-2-PACKAGING,75.12,1.96
2026-09-22 09:11:25.151168,LINE-2-PACKAGING,75.83,2.05
2026-09-22 09:12:25.151168,LINE-2-PACKAGING,74.07,2.06
2026-09-22 09:13:25.151168,LINE-2-PACKAGING,73.57,1.94
2026-09-22 09:14:25.151168,LINE-2-PACKAGING,74.28,1.98
2026-09-22 09:15:25.151168,LINE-2-PACKAGING,74.36,2.18
2026-09-22 09:16:25.151168,LINE-2-PACKAGING,75.26,2.07
2026-09-22 09:17:25.151168,LINE-2-PACKAGING,74.45,2.02
2026-09-22 09:18:25.151168,LINE-2-PACKAGING,73.89,1.93
2026-09-22 09:19:25.151168,LINE-2-PACKAGING,74.47,2.05
2026-09-22 09:20:25.151168,LINE-2-PACKAGING,75.98,2.19
2026-09-22 09:21:25.151168,LINE-2-PACKAGING,74.8,1.85
2026-09-22 09:22:25.151168,LINE-2-PACKAGING,73.56,2.11
2026-09-22 09:23:25.151168,LINE-2-PACKAGING,76.65,1.99
2026-09-22 09:24:25.151168,LINE-2-PACKAGING,74.38,2.05
2026-09-22 09:25:25.151168,LINE-2-PACKAGING,74.12,1.81
2026-09-22 09:26:25.151168,LINE-2-PACKAGING,76.5,1.89
2026-09-22 09:27:25.151168,LINE-2-PACKAGING,74.96,2.34
2026-09-22 09:28:25.151168,LINE-2-PACKAGING,75.85,2.27
2026-09-22 09:29:25.151168,LINE-2-PACKAGING,76.29,2.05
2026-09-22 09:30:25.151168,LINE-2-PACKAGING,75.13,1.81
2026-09-22 09:31:25.151168,LINE-2-PACKAGING,75.89,2.28
2026-09-22 09:32:25.151168,LINE-2-PACKAGING,75.06,1.92
2026-09-22 09:33:25.151168,LINE-2-PACKAGING,75.67,1.87
2026-09-22 09:34:25.151168,LINE-2-PACKAGING,75.98,2.25
2026-09-22 09:35:25.151168,LINE-2-PACKAGING,75.39,2.14
2026-09-22 09:36:25.151168,LINE-2-PACKAGING,75.78,2.02
2026-09-22 09:37:25.151168,LINE-2-PACKAGING,73.91,2.03
2026-09-22 09:38:25.151168,LINE-2-PACKAGING,75.52,2.11
2026-09-22 09:39:25.151168,LINE-2-PACKAGING,74.84,1.72
2026-09-22 09:40:25.151168,LINE-2-PACKAGING,74.73,2.15
2026-09-22 09:41:25.151168,LINE-2-PACKAGING,75.61,1.98
2026-09-22 09:42:25.151168,LINE-2-PACKAGING,75.53,1.9
2026-09-22 09:43:25.151168,LINE-2-PACKAGING,75.08,2.09
2026-09-22 09:44:25.151168,LINE-2-PACKAGING,77.31,1.99
2026-09-22 09:45:25.151168,LINE-2-PACKAGING,74.38,2.03
2026-09-22 09:46:25.151168,LINE-2-PACKAGING,75.06,2.24
2026-09-22 09:47:25.151168,LINE-2-PACKAGING,74.05,1.91
2026-09-22 09:48:25.151168,LINE-2-PACKAGING,73.71,2.08
2026-09-22 09:49:25.151168,LINE-2-PACKAGING,74.97,2.24
2026-09-22 09:50:25.151168,LINE-2-PACKAGING,75.14,1.64
2026-09-22 09:51:25.151168,LINE-2-PACKAGING,74.51,1.87
2026-09-22 09:52:25.151168,LINE-2-PACKAGING,74.11,1.94
2026-09-22 09:53:25.151168,LINE-2-PACKAGING,74.64,2.03
2026-09-22 09:54:25.151168,LINE-2-PACKAGING,75.0,1.86
2026-09-22 09:55:25.151168,LINE-2-PACKAGING,74.92,2.03
2026-09-22 09:56:25.151168,LINE-2-PACKAGING,73.96,1.98
2026-09-22 09:57:25.151168,LINE-2-PACKAGING,75.38,1.89
2026-09-22 09:58:25.151168,LINE-2-PACKAGING,75.96,1.93
2026-09-22 09:59:25.151168,LINE-2-PACKAGING,74.95,1.8
2026-09-22 10:00:25.151168,LINE-2-PACKAGING,73.03,2.23
2026-09-22 10:01:25.151168,LINE-2-PACKAGING,76.2,2.13
2026-09-22 10:02:25.151168,LINE-2-PACKAGING,74.32,1.82
2026-09-22 10:03:25.151168,LINE-2-PACKAGING,75.02,1.87
2026-09-22 10:04:25.151168,LINE-2-PACKAGING,74.99,1.93
2026-09-22 10:05:25.151168,LINE-2-PACKAGING,74.31,1.84
2026-09-22 10:06:25.151168,LINE-2-PACKAGING,74.01,2.05
2026-09-22 10:07:25.151168,LINE-2-PACKAGING,74.18,1.9
2026-09-22 10:08:25.151168,LINE-2-PACKAGING,73.97,1.8
2026-09-22 10:09:25.151168,LINE-2-PACKAGING,73.7,2.22
2026-09-22 10:10:25.151168,LINE-2-PACKAGING,76.43,1.83
2026-09-22 10:11:25.151168,LINE-2-PACKAGING,75.74,1.9
2026-09-22 10:12:25.151168,LINE-2-PACKAGING,74.61,2.02
2026-09-22 10:13:25.151168,LINE-2-PACKAGING,73.49,2.05
2026-09-22 10:14:25.151168,LINE-2-PACKAGING,75.89,1.86
2026-09-22 10:15:25.151168,LINE-2-PACKAGING,74.25,1.77
2026-09-22 10:16:25.151168,LINE-2-PACKAGING,74.1,2.08
2026-09-22 10:17:25.151168,LINE-2-PACKAGING,74.39,1.98
2026-09-22 10:18:25.151168,LINE-2-PACKAGING,75.3,1.98
2026-09-22 10:19:25.151168,LINE-2-PACKAGING,74.95,1.98
2026-09-22 10:20:25.151168,LINE-2-PACKAGING,74.97,1.74
2026-09-22 10:21:25.151168,LINE-2-PACKAGING,75.46,1.96
2026-09-22 10:22:25.151168,LINE-2-PACKAGING,73.35,2.17
2026-09-22 10:23:25.151168,LINE-2-PACKAGING,73.02,2.04
2026-09-22 10:24:25.151168,LINE-2-PACKAGING,74.59,2.01
2026-09-22 10:25:25.151168,LINE-2-PACKAGING,74.24,2.18
2026-09-22 10:26:25.151168,LINE-2-PACKAGING,76.41,1.72
2026-09-22 10:27:25.151168,LINE-2-PACKAGING,77.66,1.69
2026-09-22 10:28:25.151168,LINE-2-PACKAGING,75.07,2.23
2026-09-22 10:29:25.151168,LINE-2-PACKAGING,75.22,2.12
2026-09-22 10:30:25.151168,LINE-2-PACKAGING,75.03,1.95
2026-09-22 10:31:25.151168,LINE-2-PACKAGING,75.69,2.13
2026-09-22 10:32:25.151168,LINE-2-PACKAGING,75.21,2.02
2026-09-22 10:33:25.151168,LINE-2-PACKAGING,75.55,1.96
2026-09-22 10:34:25.151168,LINE-2-PACKAGING,75.56,1.82
2026-09-22 10:35:25.151168,LINE-2-PACKAGING,75.43,2.25
2026-09-22 10:36:25.151168,LINE-2-PACKAGING,73.6,1.71
2026-09-22 10:37:25.151168,LINE-2-PACKAGING,74.11,1.86
2026-09-22 10:38:25.151168,LINE-2-PACKAGING,76.06,2.18
2026-09-22 10:39:25.151168,LINE-2-PACKAGING,75.18,2.08
2026-09-22 10:40:25.151168,LINE-2-PACKAGING,76.44,2.2
2026-09-22 10:41:25.151168,LINE-2-PACKAGING,74.53,2.16
2026-09-22 10:42:25.151168,LINE-2-PACKAGING,76.41,1.88
2026-09-22 10:43:25.151168,LINE-2-PACKAGING,75.63,1.88
2026-09-22 10:44:25.151168,LINE-2-PACKAGING,74.99,2.09
2026-09-22 10:45:25.151168,LINE-2-PACKAGING,75.76,1.84
2026-09-22 10:46:25.151168,LINE-2-PACKAGING,74.97,1.67
2026-09-22 10:47:25.151168,LINE-2-PACKAGING,74.45,1.78
2026-09-22 10:48:25.151168,LINE-2-PACKAGING,75.06,2.27
2026-09-22 10:49:25.151168,LINE-2-PACKAGING,74.51,2.04
2026-09-22 10:50:25.151168,LINE-2-PACKAGING,76.59,1.84
2026-09-22 10:51:25.151168,LINE-2-PACKAGING,74.31,2.24
2026-09-22 10:52:25.151168,LINE-2-PACKAGING,76.2,2.14
2026-09-22 10:53:25.151168,LINE-2-PACKAGING,74.26,1.76
2026-09-22 10:54:25.151168,LINE-2-PACKAGING,75.77,2.0
2026-09-22 10:55:25.151168,LINE-2-PACKAGING,73.7,1.85
2026-09-22 10:56:25.151168,LINE-2-PACKAGING,77.07,2.1
2026-09-22 10:57:25.151168,LINE-2-PACKAGING,74.79,2.04
2026-09-22 10:58:25.151168,LINE-2-PACKAGING,75.46,2.07
2026-09-22 10:59:25.151168,LINE-2-PACKAGING,75.59,2.25
2026-09-22 11:00:25.151168,LINE-2-PACKAGING,75.84,2.11
2026-09-22 11:01:25.151168,LINE-2-PACKAGING,73.36,2.1
2026-09-22 11:02:25.151168,LINE-2-PACKAGING,75.03,2.07
2026-09-22 11:03:25.151168,LINE-2-PACKAGING,75.83,2.12
2026-09-22 11:04:25.151168,LINE-2-PACKAGING,75.77,1.76
2026-09-22 11:05:25.151168,LINE-2-PACKAGING,75.7,2.19
2026-09-22 11:06:25.151168,LINE-2-PACKAGING,74.98,2.18
2026-09-22 11:07:25.151168,LINE-2-PACKAGING,74.06,2.01
2026-09-22 11:08:25.151168,LINE-2-PACKAGING,75.58,2.07
2026-09-22 11:09:25.151168,LINE-2-PACKAGING,74.45,1.98
2026-09-22 11:10:25.151168,LINE-2-PACKAGING,76.36,2.28
2026-09-22 11:11:25.151168,LINE-2-PACKAGING,72.93,2.24
2026-09-22 11:12:25.151168,LINE-2-PACKAGING,75.96,2.02
2026-09-22 11:13:25.151168,LINE-2-PACKAGING,74.96,1.98
2026-09-22 11:14:25.151168,LINE-2-PACKAGING,75.3,2.43
2026-09-22 11:15:25.151168,LINE-2-PACKAGING,74.75,2.03
2026-09-22 11:16:25.151168,LINE-2-PACKAGING,73.59,2.03
2026-09-22 11:17:25.151168,LINE-2-PACKAGING,76.59,2.05
2026-09-22 11:18:25.151168,LINE-2-PACKAGING,74.92,2.04
2026-09-22 11:19:25.151168,LINE-2-PACKAGING,74.17,2.15
2026-09-22 11:20:25.151168,LINE-2-PACKAGING,75.06,2.19
2026-09-22 11:21:25.151168,LINE-2-PACKAGING,74.52,2.23
2026-09-22 11:22:25.151168,LINE-2-PACKAGING,75.24,2.03
2026-09-22 11:23:25.151168,LINE-2-PACKAGING,76.99,1.92
2026-09-22 11:24:25.151168,LINE-2-PACKAGING,75.55,2.03
2026-09-22 11:25:25.151168,LINE-2-PACKAGING,74.07,1.93
2026-09-22 11:26:25.151168,LINE-2-PACKAGING,75.43,2.2
2026-09-22 11:27:25.151168,LINE-2-PACKAGING,74.3,2.07
2026-09-22 11:28:25.151168,LINE-2-PACKAGING,74.54,2.22
2026-09-22 11:29:25.151168,LINE-2-PACKAGING,76.39,1.91
2026-09-22 11:30:25.151168,LINE-2-PACKAGING,72.84,2.19
2026-09-22 11:31:25.151168,LINE-2-PACKAGING,74.51,2.02
2026-09-22 11:32:25.151168,LINE-2-PACKAGING,74.94,2.03
2026-09-22 11:33:25.151168,LINE-2-PACKAGING,74.01,1.86
2026-09-22 11:34:25.151168,LINE-2-PACKAGING,74.54,1.94
2026-09-22 11:35:25.151168,LINE-2-PACKAGING,74.89,2.06
2026-09-22 11:36:25.151168,LINE-2-PACKAGING,74.34,2.36
2026-09-22 11:37:25.151168,LINE-2-PACKAGING,74.11,1.78
2026-09-22 11:38:25.151168,LINE-2-PACKAGING,75.57,2.09
2026-09-22 11:39:25.151168,LINE-2-PACKAGING,75.98,2.05
2026-09-22 11:40:25.151168,LINE-2-PACKAGING,75.57,1.86
2026-09-22 11:41:25.151168,LINE-2-PACKAGING,74.59,2.07
2026-09-22 11:42:25.151168,LINE-2-PACKAGING,75.09,1.95
2026-09-22 11:43:25.151168,LINE-2-PACKAGING,76.83,2.15
2026-09-22 11:44:25.151168,LINE-2-PACKAGING,75.1,2.09
2026-09-22 11:45:25.151168,LINE-2-PACKAGING,75.42,1.99
2026-09-22 11:46:25.151168,LINE-2-PACKAGING,73.98,2.04
2026-09-22 11:47:25.151168,LINE-2-PACKAGING,75.45,2.01
2026-09-22 11:48:25.151168,LINE-2-PACKAGING,75.19,1.83
2026-09-22 11:49:25.151168,LINE-2-PACKAGING,75.55,2.05
2026-09-22 11:50:25.151168,LINE-2-PACKAGING,73.85,1.89
2026-09-22 11:51:25.151168,LINE-2-PACKAGING,74.89,1.75
2026-09-22 11:52:25.151168,LINE-2-PACKAGING,76.64,1.98
2026-09-22 11:53:25.151168,LINE-2-PACKAGING,73.64,1.99
2026-09-22 11:54:25.151168,LINE-2-PACKAGING,72.87,1.99
2026-09-22 11:55:25.151168,LINE-2-PACKAGING,73.42,1.96
2026-09-22 11:56:25.151168,LINE-2-PACKAGING,74.31,1.89
2026-09-22 11:57:25.151168,LINE-2-PACKAGING,74.89,1.96
2026-09-22 11:58:25.151168,LINE-2-PACKAGING,75.79,2.07
2026-09-22 11:59:25.151168,LINE-2-PACKAGING,75.69,1.92
2026-09-22 12:00:25.151168,LINE-2-PACKAGING,75.85,1.92
2026-09-22 12:01:25.151168,LINE-2-PACKAGING,75.18,1.99
2026-09-22 12:02:25.151168,LINE-2-PACKAGING,75.46,1.93
2026-09-22 12:03:25.151168,LINE-2-PACKAGING,72.87,1.98
2026-09-22 12:04:25.151168,LINE-2-PACKAGING,73.75,1.83
2026-09-22 12:05:25.151168,LINE-2-PACKAGING,75.66,2.12
2026-09-22 12:06:25.151168,LINE-2-PACKAGING,75.29,1.96
2026-09-22 12:07:25.151168,LINE-2-PACKAGING,73.95,1.94
2026-09-22 12:08:25.151168,LINE-2-PACKAGING,74.17,1.94
2026-09-22 12:09:25.151168,LINE-2-PACKAGING,75.93,1.92
2026-09-22 12:10:25.151168,LINE-2-PACKAGING,73.18,2.13
2026-09-22 12:11:25.151168,LINE-2-PACKAGING,73.75,2.14
2026-09-22 12:12:25.151168,LINE-2-PACKAGING,73.07,1.82
2026-09-22 12:13:25.151168,LINE-2-PACKAGING,74.3,1.81
2026-09-22 12:14:25.151168,LINE-2-PACKAGING,74.6,2.07
2026-09-22 12:15:25.151168,LINE-2-PACKAGING,74.64,1.88
2026-09-22 12:16:25.151168,LINE-2-PACKAGING,73.91,1.96
2026-09-22 12:17:25.151168,LINE-2-PACKAGING,74.82,1.9
2026-09-22 12:18:25.151168,LINE-2-PACKAGING,76.0,1.87
2026-09-22 12:19:25.151168,LINE-2-PACKAGING,76.04,2.12
2026-09-22 12:20:25.151168,LINE-2-PACKAGING,76.37,2.08
2026-09-22 12:21:25.151168,LINE-2-PACKAGING,73.52,1.98
2026-09-22 12:22:25.151168,LINE-2-PACKAGING,75.46,1.99
2026-09-22 12:23:25.151168,LINE-2-PACKAGING,74.32,2.12
2026-09-22 12:24:25.151168,LINE-2-PACKAGING,75.14,1.66
2026-09-22 12:25:25.151168,LINE-2-PACKAGING,73.84,1.95
2026-09-22 12:26:25.151168,LINE-2-PACKAGING,74.92,1.74
2026-09-22 12:27:25.151168,LINE-2-PACKAGING,76.26,1.84
2026-09-22 12:28:25.151168,LINE-2-PACKAGING,75.78,1.95
2026-09-22 12:29:25.151168,LINE-2-PACKAGING,74.88,1.96
2026-09-22 12:30:25.151168,LINE-2-PACKAGING,74.91,1.89
2026-09-22 12:31:25.151168,LINE-2-PACKAGING,74.42,1.94
2026-09-22 12:32:25.151168,LINE-2-PACKAGING,75.74,2.24
2026-09-22 12:33:25.151168,LINE-2-PACKAGING,74.21,1.94
2026-09-22 12:34:25.151168,LINE-2-PACKAGING,74.98,2.05
2026-09-22 12:35:25.151168,LINE-2-PACKAGING,72.57,1.63
2026-09-22 12:36:25.151168,LINE-2-PACKAGING,76.27,1.91
2026-09-22 12:37:25.151168,LINE-2-PACKAGING,75.4,1.92
2026-09-22 12:38:25.151168,LINE-2-PACKAGING,75.77,2.1
2026-09-22 12:39:25.151168,LINE-2-PACKAGING,73.98,1.85
2026-09-22 12:40:25.151168,LINE-2-PACKAGING,75.1,1.88
2026-09-22 12:41:25.151168,LINE-2-PACKAGING,75.05,2.03
2026-09-22 12:42:25.151168,LINE-2-PACKAGING,75.0,2.12
2026-09-22 12:43:25.151168,LINE-2-PACKAGING,75.44,2.08
2026-09-22 12:44:25.151168,LINE-2-PACKAGING,73.52,1.96
2026-09-22 12:45:25.151168,LINE-2-PACKAGING,75.29,2.2
2026-09-22 12:46:25.151168,LINE-2-PACKAGING,76.06,2.32
2026-09-22 12:47:25.151168,LINE-2-PACKAGING,74.73,2.1
2026-09-22 12:48:25.151168,LINE-2-PACKAGING,74.87,2.07
2026-09-22 12:49:25.151168,LINE-2-PACKAGING,75.7,2.08
2026-09-22 12:50:25.151168,LINE-2-PACKAGING,75.93,1.98
2026-09-22 12:51:25.151168,LINE-2-PACKAGING,76.51,1.91
2026-09-22 12:52:25.151168,LINE-2-PACKAGING,73.55,2.1
2026-09-22 12:53:25.151168,LINE-2-PACKAGING,76.86,1.79
2026-09-22 12:54:25.151168,LINE-2-PACKAGING,74.92,2.03
2026-09-22 12:55:25.151168,LINE-2-PACKAGING,74.85,1.93
2026-09-22 12:56:25.151168,LINE-2-PACKAGING,73.03,1.89
2026-09-22 12:57:25.151168,LINE-2-PACKAGING,75.12,1.88
2026-09-22 12:58:25.151168,LINE-2-PACKAGING,75.74,1.95
2026-09-22 12:59:25.151168,LINE-2-PACKAGING,75.77,1.9
2026-09-22 13:00:25.151168,LINE-2-PACKAGING,73.62,1.9
2026-09-22 13:01:25.151168,LINE-2-PACKAGING,75.82,1.99
2026-09-22 13:02:25.151168,LINE-2-PACKAGING,76.39,1.89
2026-09-22 13:03:25.151168,LINE-2-PACKAGING,75.28,1.79
2026-09-22 13:04:25.151168,LINE-2-PACKAGING,74.27,1.86
2026-09-22 13:05:25.151168,LINE-2-PACKAGING,73.02,1.97
2026-09-22 13:06:25.151168,LINE-2-PACKAGING,75.04,2.12
2026-09-22 13:07:25.151168,LINE-2-PACKAGING,74.72,1.98
2026-09-22 13:08:25.151168,LINE-2-PACKAGING,75.23,2.02
2026-09-22 13:09:25.151168,LINE-2-PACKAGING,77.16,2.01
2026-09-22 13:10:25.151168,LINE-2-PACKAGING,73.71,1.92
2026-09-22 13:11:25.151168,LINE-2-PACKAGING,75.31,2.13
2026-09-22 13:12:25.151168,LINE-2-PACKAGING,74.58,2.02
2026-09-22 13:13:25.151168,LINE-2-PACKAGING,74.01,2.05
2026-09-22 13:14:25.151168,LINE-2-PACKAGING,75.49,2.14
2026-09-22 13:15:25.151168,LINE-2-PACKAGING,74.34,1.94
2026-09-22 13:16:25.151168,LINE-2-PACKAGING,76.47,1.84
2026-09-22 13:17:25.151168,LINE-2-PACKAGING,73.36,1.99
2026-09-22 13:18:25.151168,LINE-2-PACKAGING,75.98,2.06
2026-09-22 13:19:25.151168,LINE-2-PACKAGING,74.81,2.02
2026-09-22 13:20:25.151168,LINE-2-PACKAGING,75.62,1.93
2026-09-22 13:21:25.151168,LINE-2-PACKAGING,74.18,1.95
2026-09-22 13:22:25.151168,LINE-2-PACKAGING,75.07,2.17
2026-09-22 13:23:25.151168,LINE-2-PACKAGING,74.83,1.95
2026-09-22 13:24:25.151168,LINE-2-PACKAGING,74.41,1.84
2026-09-22 13:25:25.151168,LINE-2-PACKAGING,74.68,1.99
2026-09-22 13:26:25.151168,LINE-2-PACKAGING,76.11,1.86
2026-09-22 13:27:25.151168,LINE-2-PACKAGING,74.68,1.94
2026-09-22 13:28:25.151168,LINE-2-PACKAGING,74.75,2.22
2026-09-22 13:29:25.151168,LINE-2-PACKAGING,73.54,2.22
2026-09-22 13:30:25.151168,LINE-2-PACKAGING,74.72,2.01
2026-09-22 13:31:25.151168,LINE-2-PACKAGING,74.36,2.11
2026-09-22 13:32:25.151168,LINE-2-PACKAGING,73.95,1.96
2026-09-22 13:33:25.151168,LINE-2-PACKAGING,73.43,2.2
2026-09-22 13:34:25.151168,LINE-2-PACKAGING,74.58,2.07
2026-09-22 13:35:25.151168,LINE-2-PACKAGING,75.62,1.97
2026-09-22 13:36:25.151168,LINE-2-PACKAGING,75.6,1.7
2026-09-22 13:37:25.151168,LINE-2-PACKAGING,75.25,1.95
2026-09-22 13:38:25.151168,LINE-2-PACKAGING,75.01,1.99
2026-09-22 13:39:25.151168,LINE-2-PACKAGING,73.3,1.87
2026-09-22 13:40:25.151168,LINE-2-PACKAGING,74.95,2.19
2026-09-22 13:41:25.151168,LINE-2-PACKAGING,74.78,2.15
2026-09-22 13:42:25.151168,LINE-2-PACKAGING,74.74,1.89
2026-09-22 13:43:25.151168,LINE-2-PACKAGING,73.97,1.66
2026-09-22 13:44:25.151168,LINE-2-PACKAGING,73.77,2.2
2026-09-22 13:45:25.151168,LINE-2-PACKAGING,75.91,2.06
2026-09-22 13:46:25.151168,LINE-2-PACKAGING,74.78,1.69
2026-09-22 13:47:25.151168,LINE-2-PACKAGING,75.94,2.33
2026-09-22 13:48:25.151168,LINE-2-PACKAGING,75.16,1.84
2026-09-22 13:49:25.151168,LINE-2-PACKAGING,75.12,2.09
2026-09-22 13:50:25.151168,LINE-2-PACKAGING,72.73,2.13
2026-09-22 13:51:25.151168,LINE-2-PACKAGING,74.53,2.21
2026-09-22 13:52:25.151168,LINE-2-PACKAGING,74.73,1.96
2026-09-22 13:53:25.151168,LINE-2-PACKAGING,73.62,1.86
2026-09-22 13:54:25.151168,LINE-2-PACKAGING,74.9,1.74
2026-09-22 13:55:25.151168,LINE-2-PACKAGING,73.59,1.8
2026-09-22 13:56:25.151168,LINE-2-PACKAGING,72.72,2.11
2026-09-22 13:57:25.151168,LINE-2-PACKAGING,77.21,2.12
2026-09-22 13:58:25.151168,LINE-2-PACKAGING,74.03,1.91
2026-09-22 13:59:25.151168,LINE-2-PACKAGING,76.75,2.03
2026-09-22 14:00:25.151168,LINE-2-PACKAGING,75.87,1.93
2026-09-22 14:01:25.151168,LINE-2-PACKAGING,75.14,2.26
2026-09-22 14:02:25.151168,LINE-2-PACKAGING,74.0,1.93
2026-09-22 14:03:25.151168,LINE-2-PACKAGING,75.1,2.01
2026-09-22 14:04:25.151168,LINE-2-PACKAGING,74.16,2.09
2026-09-22 14:05:25.151168,LINE-2-PACKAGING,76.49,1.95
2026-09-22 14:06:25.151168,LINE-2-PACKAGING,76.39,2.17
2026-09-22 14:07:25.151168,LINE-2-PACKAGING,75.12,2.09
2026-09-22 14:08:25.151168,LINE-2-PACKAGING,73.58,1.84
2026-09-22 14:09:25.151168,LINE-2-PACKAGING,74.81,2.18
2026-09-22 14:10:25.151168,LINE-2-PACKAGING,75.46,1.87
2026-09-22 14:11:25.151168,LINE-2-PACKAGING,72.96,2.07
2026-09-22 14:12:25.151168,LINE-2-PACKAGING,74.21,2.26
2026-09-22 14:13:25.151168,LINE-2-PACKAGING,75.54,1.9
2026-09-22 14:14:25.151168,LINE-2-PACKAGING,75.29,1.99
2026-09-22 14:15:25.151168,LINE-2-PACKAGING,75.43,1.87
2026-09-22 14:16:25.151168,LINE-2-PACKAGING,75.99,2.03
2026-09-22 14:17:25.151168,LINE-2-PACKAGING,74.9,2.03
2026-09-22 14:18:25.151168,LINE-2-PACKAGING,75.94,2.09
2026-09-22 14:19:25.151168,LINE-2-PACKAGING,75.16,1.79
2026-09-22 14:20:25.151168,LINE-2-PACKAGING,72.56,1.84
2026-09-22 14:21:25.151168,LINE-2-PACKAGING,75.54,1.92
2026-09-22 14:22:25.151168,LINE-2-PACKAGING,75.97,1.98
2026-09-22 14:23:25.151168,LINE-2-PACKAGING,74.4,1.97
2026-09-22 14:24:25.151168,LINE-2-PACKAGING,74.32,2.3
2026-09-22 14:25:25.151168,LINE-2-PACKAGING,75.87,1.82
2026-09-22 14:26:25.151168,LINE-2-PACKAGING,75.26,2.12
2026-09-22 14:27:25.151168,LINE-2-PACKAGING,75.57,1.72
2026-09-22 14:28:25.151168,LINE-2-PACKAGING,74.83,2.36
2026-09-22 14:29:25.151168,LINE-2-PACKAGING,75.91,2.08
2026-09-22 14:30:25.151168,LINE-2-PACKAGING,74.91,1.58
2026-09-22 14:31:25.151168,LINE-2-PACKAGING,75.02,2.07
2026-09-22 14:32:25.151168,LINE-2-PACKAGING,75.6,1.89
2026-09-22 14:33:25.151168,LINE-2-PACKAGING,74.91,2.11
2026-09-22 14:34:25.151168,LINE-2-PACKAGING,73.18,2.16
2026-09-22 14:35:25.151168,LINE-2-PACKAGING,74.5,1.94
2026-09-22 14:36:25.151168,LINE-2-PACKAGING,74.77,1.88
2026-09-22 14:37:25.151168,LINE-2-PACKAGING,76.48,2.06
2026-09-22 14:38:25.151168,LINE-2-PACKAGING,74.7,2.09
2026-09-22 14:39:25.151168,LINE-2-PACKAGING,76.43,2.02
2026-09-22 14:40:25.151168,LINE-2-PACKAGING,74.03,1.94
2026-09-22 14:41:25.151168,LINE-2-PACKAGING,75.55,1.96
2026-09-22 14:42:25.151168,LINE-2-PACKAGING,75.87,1.87
2026-09-22 14:43:25.151168,LINE-2-PACKAGING,73.89,1.97
2026-09-22 14:44:25.151168,LINE-2-PACKAGING,75.0,1.94
2026-09-22 14:45:25.151168,LINE-2-PACKAGING,74.25,1.99
2026-09-22 14:46:25.151168,LINE-2-PACKAGING,75.69,2.06
2026-09-22 14:47:25.151168,LINE-2-PACKAGING,75.39,1.8
2026-09-22 14:48:25.151168,LINE-2-PACKAGING,74.6,1.96
2026-09-22 14:49:25.151168,LINE-2-PACKAGING,75.36,1.88
2026-09-22 14:50:25.151168,LINE-2-PACKAGING,74.83,1.78
2026-09-22 14:51:25.151168,LINE-2-PACKAGING,75.8,1.99
2026-09-22 14:52:25.151168,LINE-2-PACKAGING,77.82,2.28
2026-09-22 14:53:25.151168,LINE-2-PACKAGING,75.87,2.17
2026-09-22 14:54:25.151168,LINE-2-PACKAGING,73.8,1.92
2026-09-22 14:55:25.151168,LINE-2-PACKAGING,75.36,2.05
2026-09-22 14:56:25.151168,LINE-2-PACKAGING,74.92,2.12
2026-09-22 14:57:25.151168,LINE-2-PACKAGING,75.77,1.9
2026-09-22 14:58:25.151168,LINE-2-PACKAGING,75.4,2.05
2026-09-22 14:59:25.151168,LINE-2-PACKAGING,74.95,1.88
2026-09-22 15:00:25.151168,LINE-2-PACKAGING,73.95,1.77
2026-09-22 15:01:25.151168,LINE-2-PACKAGING,74.33,1.78
2026-09-22 15:02:25.151168,LINE-2-PACKAGING,74.45,2.15
2026-09-22 15:03:25.151168,LINE-2-PACKAGING,75.5,1.97
2026-09-22 15:04:25.151168,LINE-2-PACKAGING,75.04,1.92
2026-09-22 15:05:25.151168,LINE-2-PACKAGING,75.3,1.8
2026-09-22 15:06:25.151168,LINE-2-PACKAGING,76.65,1.9
2026-09-22 15:07:25.151168,LINE-2-PACKAGING,75.21,1.8
2026-09-22 15:08:25.151168,LINE-2-PACKAGING,76.3,1.93
2026-09-22 15:09:25.151168,LINE-2-PACKAGING,75.13,1.95
2026-09-22 15:10:25.151168,LINE-2-PACKAGING,75.96,1.67
2026-09-22 15:11:25.151168,LINE-2-PACKAGING,74.72,2.15
2026-09-22 15:12:25.151168,LINE-2-PACKAGING,77.22,1.87
2026-09-22 15:13:25.151168,LINE-2-PACKAGING,73.51,1.96
2026-09-22 15:14:25.151168,LINE-2-PACKAGING,74.75,2.02
2026-09-22 15:15:25.151168,LINE-2-PACKAGING,76.11,2.06
2026-09-22 15:16:25.151168,LINE-2-PACKAGING,75.23,1.78
2026-09-22 15:17:25.151168,LINE-2-PACKAGING,75.32,2.01
2026-09-22 15:18:25.151168,LINE-2-PACKAGING,74.28,1.83
2026-09-22 15:19:25.151168,LINE-2-PACKAGING,75.08,2.13
2026-09-22 15:20:25.151168,LINE-2-PACKAGING,78.04,2.2
2026-09-22 15:21:25.151168,LINE-2-PACKAGING,76.13,1.96
2026-09-22 15:22:25.151168,LINE-2-PACKAGING,76.39,1.97
2026-09-22 15:23:25.151168,LINE-2-PACKAGING,76.24,1.97
2026-09-22 15:24:25.151168,LINE-2-PACKAGING,74.07,2.06
2026-09-22 15:25:25.151168,LINE-2-PACKAGING,74.5,1.76
2026-09-22 15:26:25.151168,LINE-2-PACKAGING,73.06,1.86
2026-09-22 15:27:25.151168,LINE-2-PACKAGING,75.62,2.21
2026-09-22 15:28:25.151168,LINE-2-PACKAGING,74.4,2.1
2026-09-22 15:29:25.151168,LINE-2-PACKAGING,73.82,1.99
2026-09-22 15:30:25.151168,LINE-2-PACKAGING,75.51,1.72
2026-09-22 15:31:25.151168,LINE-2-PACKAGING,75.36,1.86
2026-09-22 15:32:25.151168,LINE-2-PACKAGING,75.16,1.82
2026-09-22 15:33:25.151168,LINE-2-PACKAGING,76.17,2.17
2026-09-22 15:34:25.151168,LINE-2-PACKAGING,75.76,2.24
2026-09-22 15:35:25.151168,LINE-2-PACKAGING,74.64,2.03
2026-09-22 15:36:25.151168,LINE-2-PACKAGING,75.62,1.99
2026-09-22 15:37:25.151168,LINE-2-PACKAGING,74.39,1.95
2026-09-22 15:38:25.151168,LINE-2-PACKAGING,76.93,1.96
2026-09-22 15:39:25.151168,LINE-2-PACKAGING,75.94,2.12
2026-09-22 15:40:25.151168,LINE-2-PACKAGING,75.8,2.22
2026-09-22 15:41:25.151168,LINE-2-PACKAGING,75.46,2.24
2026-09-22 15:42:25.151168,LINE-2-PACKAGING,75.56,1.91
2026-09-22 15:43:25.151168,LINE-2-PACKAGING,76.83,1.96
2026-09-22 15:44:25.151168,LINE-2-PACKAGING,76.22,2.25
2026-09-22 15:45:25.151168,LINE-2-PACKAGING,74.48,2.21
2026-09-22 15:46:25.151168,LINE-2-PACKAGING,74.71,1.9
2026-09-22 15:47:25.151168,LINE-2-PACKAGING,74.88,1.83
2026-09-22 15:48:25.151168,LINE-2-PACKAGING,74.64,2.18
2026-09-22 15:49:25.151168,LINE-2-PACKAGING,76.07,2.04
2026-09-22 15:50:25.151168,LINE-2-PACKAGING,74.38,1.99
2026-09-22 15:51:25.151168,LINE-2-PACKAGING,75.57,1.81
2026-09-22 15:52:25.151168,LINE-2-PACKAGING,75.99,2.14
2026-09-22 15:53:25.151168,LINE-2-PACKAGING,74.87,2.02
2026-09-22 15:54:25.151168,LINE-2-PACKAGING,75.24,1.86
2026-09-22 15:55:25.151168,LINE-2-PACKAGING,75.59,1.97
2026-09-22 15:56:25.151168,LINE-2-PACKAGING,74.68,2.01
2026-09-22 15:57:25.151168,LINE-2-PACKAGING,76.36,1.99
2026-09-22 15:58:25.151168,LINE-2-PACKAGING,73.82,2.13
2026-09-22 15:59:25.151168,LINE-2-PACKAGING,75.29,1.71
2026-09-22 16:00:25.151168,LINE-2-PACKAGING,75.73,1.7
2026-09-22 16:01:25.151168,LINE-2-PACKAGING,75.27,1.83
2026-09-22 16:02:25.151168,LINE-2-PACKAGING,72.47,2.22
2026-09-22 16:03:25.151168,LINE-2-PACKAGING,75.61,2.18
2026-09-22 16:04:25.151168,LINE-2-PACKAGING,75.34,1.95
2026-09-22 16:05:25.151168,LINE-2-PACKAGING,72.73,2.35
2026-09-22 16:06:25.151168,LINE-2-PACKAGING,73.86,2.19
2026-09-22 16:07:25.151168,LINE-2-PACKAGING,72.81,2.02
2026-09-22 16:08:25.151168,LINE-2-PACKAGING,73.8,1.87
2026-09-22 16:09:25.151168,LINE-2-PACKAGING,73.72,1.94
2026-09-22 16:10:25.151168,LINE-2-PACKAGING,75.69,2.2
2026-09-22 16:11:25.151168,LINE-2-PACKAGING,75.62,1.71
2026-09-22 16:12:25.151168,LINE-2-PACKAGING,74.34,1.96
2026-09-22 16:13:25.151168,LINE-2-PACKAGING,75.56,2.05
2026-09-22 16:14:25.151168,LINE-2-PACKAGING,75.29,1.79
2026-09-22 16:15:25.151168,LINE-2-PACKAGING,75.52,1.94
2026-09-22 16:16:25.151168,LINE-2-PACKAGING,76.63,1.71
2026-09-22 16:17:25.151168,LINE-2-PACKAGING,73.3,1.95
2026-09-22 16:18:25.151168,LINE-2-PACKAGING,75.5,2.17
2026-09-22 16:19:25.151168,LINE-2-PACKAGING,73.7,1.93
2026-09-22 16:20:25.151168,LINE-2-PACKAGING,74.34,2.13
2026-09-22 16:21:25.151168,LINE-2-PACKAGING,76.31,2.05
2026-09-22 16:22:25.151168,LINE-2-PACKAGING,73.17,1.92
2026-09-22 16:23:25.151168,LINE-2-PACKAGING,74.94,2.04
2026-09-22 16:24:25.151168,LINE-2-PACKAGING,75.19,1.89
2026-09-22 16:25:25.151168,LINE-2-PACKAGING,76.45,2.05
2026-09-22 16:26:25.151168,LINE-2-PACKAGING,75.06,2.13
2026-09-22 16:27:25.151168,LINE-2-PACKAGING,75.67,1.67
2026-09-22 16:28:25.151168,LINE-2-PACKAGING,76.01,1.86
2026-09-22 16:29:25.151168,LINE-2-PACKAGING,74.04,2.21
2026-09-22 16:30:25.151168,LINE-2-PACKAGING,76.28,2.14
2026-09-22 16:31:25.151168,LINE-2-PACKAGING,76.23,2.12
2026-09-22 16:32:25.151168,LINE-2-PACKAGING,74.81,1.92
2026-09-22 16:33:25.151168,LINE-2-PACKAGING,74.66,1.99
2026-09-22 16:34:25.151168,LINE-2-PACKAGING,74.07,1.87
2026-09-22 16:35:25.151168,LINE-2-PACKAGING,74.57,1.93
2026-09-22 16:36:25.151168,LINE-2-PACKAGING,78.75,1.96
2026-09-22 16:37:25.151168,LINE-2-PACKAGING,75.55,1.82
2026-09-22 16:38:25.151168,LINE-2-PACKAGING,73.6,2.26
2026-09-22 16:39:25.151168,LINE-2-PACKAGING,74.54,1.83
2026-09-22 16:40:25.151168,LINE-2-PACKAGING,75.77,1.93
2026-09-22 16:41:25.151168,LINE-2-PACKAGING,74.49,2.23
2026-09-22 16:42:25.151168,LINE-2-PACKAGING,72.85,1.83
2026-09-22 16:43:25.151168,LINE-2-PACKAGING,74.63,1.81
2026-09-22 16:44:25.151168,LINE-2-PACKAGING,74.55,2.11
2026-09-22 16:45:25.151168,LINE-2-PACKAGING,75.76,1.89
2026-09-22 16:46:25.151168,LINE-2-PACKAGING,74.77,1.7
2026-09-22 16:47:25.151168,LINE-2-PACKAGING,76.27,2.14
2026-09-22 16:48:25.151168,LINE-2-PACKAGING,74.99,2.12
2026-09-22 16:49:25.151168,LINE-2-PACKAGING,76.45,2.16
2026-09-22 16:50:25.151168,LINE-2-PACKAGING,75.96,1.73
2026-09-22 16:51:25.151168,LINE-2-PACKAGING,76.07,2.03
2026-09-22 16:52:25.151168,LINE-2-PACKAGING,74.2,1.93
2026-09-22 16:53:25.151168,LINE-2-PACKAGING,75.16,2.19
2026-09-22 16:54:25.151168,LINE-2-PACKAGING,76.44,2.2
2026-09-22 16:55:25.151168,LINE-2-PACKAGING,76.04,2.05
2026-09-22 16:56:25.151168,LINE-2-PACKAGING,75.89,2.2
2026-09-22 16:57:25.151168,LINE-2-PACKAGING,73.81,1.68
2026-09-22 16:58:25.151168,LINE-2-PACKAGING,74.17,1.95
2026-09-22 16:59:25.151168,LINE-2-PACKAGING,74.4,2.14
2026-09-22 17:00:25.151168,LINE-2-PACKAGING,75.19,1.95
2026-09-22 17:01:25.151168,LINE-2-PACKAGING,74.8,1.84
2026-09-22 17:02:25.151168,LINE-2-PACKAGING,74.67,2.04
2026-09-22 17:03:25.151168,LINE-2-PACKAGING,74.0,2.2
2026-09-22 17:04:25.151168,LINE-2-PACKAGING,74.76,2.15
2026-09-22 17:05:25.151168,LINE-2-PACKAGING,75.76,1.91
2026-09-22 17:06:25.151168,LINE-2-PACKAGING,74.81,2.0
2026-09-22 17:07:25.151168,LINE-2-PACKAGING,74.71,1.95
2026-09-22 17:08:25.151168,LINE-2-PACKAGING,75.73,2.06
2026-09-22 17:09:25.151168,LINE-2-PACKAGING,75.44,2.1
2026-09-22 17:10:25.151168,LINE-2-PACKAGING,74.13,1.7
2026-09-22 17:11:25.151168,LINE-2-PACKAGING,75.51,1.96
2026-09-22 17:12:25.151168,LINE-2-PACKAGING,73.77,1.97
2026-09-22 17:13:25.151168,LINE-2-PACKAGING,74.06,1.72
2026-09-22 17:14:25.151168,LINE-2-PACKAGING,74.47,1.99
2026-09-22 17:15:25.151168,LINE-2-PACKAGING,74.55,2.04
2026-09-22 17:16:25.151168,LINE-2-PACKAGING,77.14,1.94
2026-09-22 17:17:25.151168,LINE-2-PACKAGING,77.17,2.16
2026-09-22 17:18:25.151168,LINE-2-PACKAGING,75.59,1.89
2026-09-22 17:19:25.151168,LINE-2-PACKAGING,75.27,1.82
2026-09-22 17:20:25.151168,LINE-2-PACKAGING,75.89,2.13
2026-09-22 17:21:25.151168,LINE-2-PACKAGING,75.96,2.02
2026-09-22 17:22:25.151168,LINE-2-PACKAGING,75.75,2.03
2026-09-22 17:23:25.151168,LINE-2-PACKAGING,74.14,2.12
2026-09-22 17:24:25.151168,LINE-2-PACKAGING,76.46,2.43
2026-09-22 17:25:25.151168,LINE-2-PACKAGING,75.5,1.9
2026-09-22 17:26:25.151168,LINE-2-PACKAGING,76.13,2.01
2026-09-22 17:27:25.151168,LINE-2-PACKAGING,74.07,2.0
2026-09-22 17:28:25.151168,LINE-2-PACKAGING,73.75,2.01
2026-09-22 17:29:25.151168,LINE-2-PACKAGING,77.82,2.22
2026-09-22 17:30:25.151168,LINE-2-PACKAGING,76.33,2.0
2026-09-22 17:31:25.151168,LINE-2-PACKAGING,75.0,2.01
2026-09-22 17:32:25.151168,LINE-2-PACKAGING,74.55,1.9
2026-09-22 17:33:25.151168,LINE-2-PACKAGING,74.19,1.89
2026-09-22 17:34:25.151168,LINE-2-PACKAGING,76.0,2.21
2026-09-22 17:35:25.151168,LINE-2-PACKAGING,73.15,1.88
2026-09-22 17:36:25.151168,LINE-2-PACKAGING,75.11,1.96
2026-09-22 17:37:25.151168,LINE-2-PACKAGING,73.87,1.86
2026-09-22 17:38:25.151168,LINE-2-PACKAGING,75.43,2.09
2026-09-22 17:39:25.151168,LINE-2-PACKAGING,74.35,1.98
2026-09-22 17:40:25.151168,LINE-2-PACKAGING,75.05,1.92
2026-09-22 17:41:25.151168,LINE-2-PACKAGING,75.43,2.0
2026-09-22 17:42:25.151168,LINE-2-PACKAGING,73.98,2.1
2026-09-22 17:43:25.151168,LINE-2-PACKAGING,76.14,1.96
2026-09-22 17:44:25.151168,LINE-2-PACKAGING,76.53,2.23
2026-09-22 17:45:25.151168,LINE-2-PACKAGING,75.37,1.91
2026-09-22 17:46:25.151168,LINE-2-PACKAGING,75.71,1.98
2026-09-22 17:47:25.151168,LINE-2-PACKAGING,74.89,1.66
2026-09-22 17:48:25.151168,LINE-2-PACKAGING,75.2,1.82
2026-09-22 17:49:25.151168,LINE-2-PACKAGING,75.27,1.97
2026-09-22 17:50:25.151168,LINE-2-PACKAGING,75.48,1.97
2026-09-22 17:51:25.151168,LINE-2-PACKAGING,75.56,2.26
2026-09-22 17:52:25.151168,LINE-2-PACKAGING,75.24,2.14
2026-09-22 17:53:25.151168,LINE-2-PACKAGING,74.23,2.02
2026-09-22 17:54:25.151168,LINE-2-PACKAGING,73.62,2.33
2026-09-22 17:55:25.151168,LINE-2-PACKAGING,75.85,2.09
2026-09-22 17:56:25.151168,LINE-2-PACKAGING,75.58,1.88
2026-09-22 17:57:25.151168,LINE-2-PACKAGING,75.84,2.19
2026-09-22 17:58:25.151168,LINE-2-PACKAGING,76.23,1.81
2026-09-22 17:59:25.151168,LINE-2-PACKAGING,74.57,2.1
2026-09-22 18:00:25.151168,LINE-2-PACKAGING,75.68,1.93
2026-09-22 18:01:25.151168,LINE-2-PACKAGING,75.87,2.11
2026-09-22 18:02:25.151168,LINE-2-PACKAGING,75.53,2.12
2026-09-22 18:03:25.151168,LINE-2-PACKAGING,75.49,1.93
2026-09-22 18:04:25.151168,LINE-2-PACKAGING,75.32,1.95
2026-09-22 18:05:25.151168,LINE-2-PACKAGING,76.42,1.79
2026-09-22 18:06:25.151168,LINE-2-PACKAGING,74.18,2.03
2026-09-22 18:07:25.151168,LINE-2-PACKAGING,75.63,1.88
2026-09-22 18:08:25.151168,LINE-2-PACKAGING,73.69,2.18
2026-09-22 18:09:25.151168,LINE-2-PACKAGING,74.86,1.97
2026-09-22 18:10:25.151168,LINE-2-PACKAGING,75.22,1.75
2026-09-22 18:11:25.151168,LINE-2-PACKAGING,73.1,1.83
2026-09-22 18:12:25.151168,LINE-2-PACKAGING,73.38,2.12
2026-09-22 18:13:25.151168,LINE-2-PACKAGING,73.79,2.12
2026-09-22 18:14:25.151168,LINE-2-PACKAGING,74.41,1.89
2026-09-22 18:15:25.151168,LINE-2-PACKAGING,74.55,1.98
2026-09-22 18:16:25.151168,LINE-2-PACKAGING,75.11,1.83
2026-09-22 18:17:25.151168,LINE-2-PACKAGING,74.48,2.03
2026-09-22 18:18:25.151168,LINE-2-PACKAGING,75.23,2.05
2026-09-22 18:19:25.151168,LINE-2-PACKAGING,74.32,2.02
2026-09-22 18:20:25.151168,LINE-2-PACKAGING,74.95,2.07
2026-09-22 18:21:25.151168,LINE-2-PACKAGING,75.82,1.94
2026-09-22 18:22:25.151168,LINE-2-PACKAGING,74.97,2.0
2026-09-22 18:23:25.151168,LINE-2-PACKAGING,73.85,1.9
2026-09-22 18:24:25.151168,LINE-2-PACKAGING,72.56,1.99
2026-09-22 18:25:25.151168,LINE-2-PACKAGING,76.81,2.16
2026-09-22 18:26:25.151168,LINE-2-PACKAGING,75.25,1.93
2026-09-22 18:27:25.151168,LINE-2-PACKAGING,73.89,2.02
2026-09-22 18:28:25.151168,LINE-2-PACKAGING,74.89,2.1
2026-09-22 18:29:25.151168,LINE-2-PACKAGING,74.09,2.02
2026-09-22 18:30:25.151168,LINE-2-PACKAGING,74.7,2.28
2026-09-22 18:31:25.151168,LINE-2-PACKAGING,73.38,1.85
2026-09-22 18:32:25.151168,LINE-2-PACKAGING,74.57,2.3
2026-09-22 18:33:25.151168,LINE-2-PACKAGING,73.61,1.81
2026-09-22 18:34:25.151168,LINE-2-PACKAGING,76.51,1.87
2026-09-22 18:35:25.151168,LINE-2-PACKAGING,76.04,1.86
2026-09-22 18:36:25.151168,LINE-2-PACKAGING,74.74,1.96
2026-09-22 18:37:25.151168,LINE-2-PACKAGING,74.49,1.96
2026-09-22 18:38:25.151168,LINE-2-PACKAGING,76.25,1.94
2026-09-22 18:39:25.151168,LINE-2-PACKAGING,74.68,2.01
2026-09-22 18:40:25.151168,LINE-2-PACKAGING,73.34,1.95
2026-09-22 18:41:25.151168,LINE-2-PACKAGING,76.5,1.94
2026-09-22 18:42:25.151168,LINE-2-PACKAGING,73.53,2.34
2026-09-22 18:43:25.151168,LINE-2-PACKAGING,73.23,1.99
2026-09-22 18:44:25.151168,LINE-2-PACKAGING,75.22,2.13
2026-09-22 18:45:25.151168,LINE-2-PACKAGING,75.63,2.09
2026-09-22 18:46:25.151168,LINE-2-PACKAGING,73.84,1.86
2026-09-22 18:47:25.151168,LINE-2-PACKAGING,73.85,1.95
2026-09-22 18:48:25.151168,LINE-2-PACKAGING,73.74,2.17
2026-09-22 18:49:25.151168,LINE-2-PACKAGING,74.27,2.01
2026-09-22 18:50:25.151168,LINE-2-PACKAGING,73.83,2.03
2026-09-22 18:51:25.151168,LINE-2-PACKAGING,72.48,2.2
2026-09-22 18:52:25.151168,LINE-2-PACKAGING,76.75,1.88
2026-09-22 18:53:25.151168,LINE-2-PACKAGING,73.2,1.88
2026-09-22 18:54:25.151168,LINE-2-PACKAGING,75.2,2.27
2026-09-22 18:55:25.151168,LINE-2-PACKAGING,74.7,2.01
2026-09-22 18:56:25.151168,LINE-2-PACKAGING,74.64,2.09
2026-09-22 18:57:25.151168,LINE-2-PACKAGING,75.29,1.96
2026-09-22 18:58:25.151168,LINE-2-PACKAGING,74.75,1.99
2026-09-22 18:59:25.151168,LINE-2-PACKAGING,75.57,1.87
2026-09-22 19:00:25.151168,LINE-2-PACKAGING,73.72,2.19
2026-09-22 19:01:25.151168,LINE-2-PACKAGING,74.33,1.93
2026-09-22 19:02:25.151168,LINE-2-PACKAGING,74.68,1.96
2026-09-22 19:03:25.151168,LINE-2-PACKAGING,73.94,1.95
2026-09-22 19:04:25.151168,LINE-2-PACKAGING,74.77,2.04
2026-09-22 19:05:25.151168,LINE-2-PACKAGING,75.74,2.2
2026-09-22 19:06:25.151168,LINE-2-PACKAGING,75.64,2.29
2026-09-22 19:07:25.151168,LINE-2-PACKAGING,75.39,2.29
2026-09-22 19:08:25.151168,LINE-2-PACKAGING,72.99,1.98
2026-09-22 19:09:25.151168,LINE-2-PACKAGING,74.08,1.95
2026-09-22 19:10:25.151168,LINE-2-PACKAGING,74.96,1.95
2026-09-22 19:11:25.151168,LINE-2-PACKAGING,73.87,1.87
2026-09-22 19:12:25.151168,LINE-2-PACKAGING,73.9,2.14
2026-09-22 19:13:25.151168,LINE-2-PACKAGING,74.1,1.84
2026-09-22 19:14:25.151168,LINE-2-PACKAGING,75.56,2.03
2026-09-22 19:15:25.151168,LINE-2-PACKAGING,75.8,1.86
2026-09-22 19:16:25.151168,LINE-2-PACKAGING,75.71,2.07
2026-09-22 19:17:25.151168,LINE-2-PACKAGING,75.41,1.97
2026-09-22 19:18:25.151168,LINE-2-PACKAGING,74.1,2.07
2026-09-22 19:19:25.151168,LINE-2-PACKAGING,74.12,2.03
2026-09-22 19:20:25.151168,LINE-2-PACKAGING,74.78,2.17
2026-09-22 19:21:25.151168,LINE-2-PACKAGING,73.1,2.24
2026-09-22 19:22:25.151168,LINE-2-PACKAGING,73.69,2.15
2026-09-22 19:23:25.151168,LINE-2-PACKAGING,76.82,1.91
2026-09-22 19:24:25.151168,LINE-2-PACKAGING,74.98,2.13
2026-09-22 19:25:25.151168,LINE-2-PACKAGING,76.25,2.2
2026-09-22 19:26:25.151168,LINE-2-PACKAGING,75.12,2.08
2026-09-22 19:27:25.151168,LINE-2-PACKAGING,74.73,1.89
2026-09-22 19:28:25.151168,LINE-2-PACKAGING,74.43,2.0
2026-09-22 19:29:25.151168,LINE-2-PACKAGING,76.04,1.96
2026-09-22 19:30:25.151168,LINE-2-PACKAGING,78.66,1.84
2026-09-22 19:31:25.151168,LINE-2-PACKAGING,75.91,2.1
2026-09-22 19:32:25.151168,LINE-2-PACKAGING,74.74,2.18
2026-09-22 19:33:25.151168,LINE-2-PACKAGING,76.11,2.07
2026-09-22 19:34:25.151168,LINE-2-PACKAGING,74.67,1.85
2026-09-22 19:35:25.151168,LINE-2-PACKAGING,74.12,2.25
2026-09-22 19:36:25.151168,LINE-2-PACKAGING,74.34,2.02
2026-09-22 19:37:25.151168,LINE-2-PACKAGING,73.46,2.25
2026-09-22 19:38:25.151168,LINE-2-PACKAGING,75.9,2.09
2026-09-22 19:39:25.151168,LINE-2-PACKAGING,74.97,2.2
2026-09-22 19:40:25.151168,LINE-2-PACKAGING,75.77,1.89
2026-09-22 19:41:25.151168,LINE-2-PACKAGING,76.37,1.88
2026-09-22 19:42:25.151168,LINE-2-PACKAGING,74.09,1.96
2026-09-22 19:43:25.151168,LINE-2-PACKAGING,76.47,2.01
2026-09-22 19:44:25.151168,LINE-2-PACKAGING,75.24,2.0
2026-09-22 19:45:25.151168,LINE-2-PACKAGING,86.31,2.39
2026-09-22 19:46:25.151168,LINE-2-PACKAGING,86.67,2.48
2026-09-22 19:47:25.151168,LINE-2-PACKAGING,84.68,2.55
2026-09-22 19:48:25.151168,LINE-2-PACKAGING,86.77,2.44
2026-09-22 19:49:25.151168,LINE-2-PACKAGING,87.11,2.55
2026-09-22 19:50:25.151168,LINE-2-PACKAGING,85.03,2.67
2026-09-22 19:51:25.151168,LINE-2-PACKAGING,87.69,2.58
2026-09-22 19:52:25.151168,LINE-2-PACKAGING,87.9,2.34
2026-09-22 19:53:25.151168,LINE-2-PACKAGING,86.27,2.2
2026-09-22 19:54:25.151168,LINE-2-PACKAGING,85.13,2.4
2026-09-22 19:55:25.151168,LINE-2-PACKAGING,86.01,2.42
2026-09-22 19:56:25.151168,LINE-2-PACKAGING,88.0,2.25
2026-09-22 19:57:25.151168,LINE-2-PACKAGING,87.63,2.18
2026-09-22 19:58:25.151168,LINE-2-PACKAGING,86.14,2.11
2026-09-22 19:59:25.151168,LINE-2-PACKAGING,87.68,2.48
2026-09-22 20:00:25.151168,LINE-2-PACKAGING,86.0,2.42
2026-09-22 20:01:25.151168,LINE-2-PACKAGING,87.04,2.25
2026-09-22 20:02:25.151168,LINE-2-PACKAGING,85.94,2.41
2026-09-22 20:03:25.151168,LINE-2-PACKAGING,86.03,2.32
2026-09-22 20:04:25.151168,LINE-2-PACKAGING,85.75,2.5
2026-09-22 20:05:25.151168,LINE-2-PACKAGING,85.47,2.57
2026-09-22 20:06:25.151168,LINE-2-PACKAGING,87.64,2.39
2026-09-22 20:07:25.151168,LINE-2-PACKAGING,86.71,2.44
2026-09-22 20:08:25.151168,LINE-2-PACKAGING,87.4,2.28
2026-09-22 20:09:25.151168,LINE-2-PACKAGING,85.83,2.22
2026-09-22 20:10:25.151168,LINE-2-PACKAGING,86.62,2.62
2026-09-22 20:11:25.151168,LINE-2-PACKAGING,87.39,2.33
2026-09-22 20:12:25.151168,LINE-2-PACKAGING,88.4,2.46
2026-09-22 20:13:25.151168,LINE-2-PACKAGING,86.3,2.27
2026-09-22 20:14:25.151168,LINE-2-PACKAGING,85.89,2.4
2026-09-22 20:15:25.151168,LINE-2-PACKAGING,85.7,2.25
2026-09-22 20:16:25.151168,LINE-2-PACKAGING,86.74,2.26
2026-09-22 20:17:25.151168,LINE-2-PACKAGING,86.51,2.62
2026-09-22 20:18:25.151168,LINE-2-PACKAGING,84.75,2.64
2026-09-22 20:19:25.151168,LINE-2-PACKAGING,87.08,2.42
2026-09-22 20:20:25.151168,LINE-2-PACKAGING,85.43,2.36
2026-09-22 20:21:25.151168,LINE-2-PACKAGING,85.23,2.45
2026-09-22 20:22:25.151168,LINE-2-PACKAGING,86.72,2.48
2026-09-22 20:23:25.151168,LINE-2-PACKAGING,87.09,2.46
2026-09-22 20:24:25.151168,LINE-2-PACKAGING,87.09,2.15
2026-09-22 20:25:25.151168,LINE-2-PACKAGING,85.03,2.45
2026-09-22 20:26:25.151168,LINE-2-PACKAGING,85.72,2.47
2026-09-22 20:27:25.151168,LINE-2-PACKAGING,86.15,2.37
2026-09-22 20:28:25.151168,LINE-2-PACKAGING,86.83,2.41
2026-09-22 20:29:25.151168,LINE-2-PACKAGING,88.2,2.26
2026-09-22 20:30:25.151168,LINE-2-PACKAGING,86.77,2.61
2026-09-22 20:31:25.151168,LINE-2-PACKAGING,85.81,2.34
2026-09-22 20:32:25.151168,LINE-2-PACKAGING,87.07,2.47
2026-09-22 20:33:25.151168,LINE-2-PACKAGING,85.07,2.44
2026-09-22 20:34:25.151168,LINE-2-PACKAGING,88.38,2.42
2026-09-22 20:35:25.151168,LINE-2-PACKAGING,85.35,2.53
2026-09-22 20:36:25.151168,LINE-2-PACKAGING,86.28,2.43
2026-09-22 20:37:25.151168,LINE-2-PACKAGING,85.64,2.21
2026-09-22 20:38:25.151168,LINE-2-PACKAGING,86.06,2.14
2026-09-22 20:39:25.151168,LINE-2-PACKAGING,86.25,2.42
2026-09-22 20:40:25.151168,LINE-2-PACKAGING,88.31,2.39
2026-09-22 20:41:25.151168,LINE-2-PACKAGING,86.53,2.7
2026-09-22 20:42:25.151168,LINE-2-PACKAGING,87.22,2.35
2026-09-22 20:43:25.151168,LINE-2-PACKAGING,86.14,2.21
2026-09-22 20:44:25.151168,LINE-2-PACKAGING,88.0,2.68
2026-09-22 20:45:25.151168,LINE-2-PACKAGING,85.84,2.21
2026-09-22 20:46:25.151168,LINE-2-PACKAGING,84.14,2.54
2026-09-22 20:47:25.151168,LINE-2-PACKAGING,86.54,2.51
2026-09-22 20:48:25.151168,LINE-2-PACKAGING,87.33,2.42
2026-09-22 20:49:25.151168,LINE-2-PACKAGING,86.19,2.27
2026-09-22 20:50:25.151168,LINE-2-PACKAGING,87.16,2.36
2026-09-22 20:51:25.151168,LINE-2-PACKAGING,85.77,2.45
2026-09-22 20:52:25.151168,LINE-2-PACKAGING,85.68,2.5
2026-09-22 20:53:25.151168,LINE-2-PACKAGING,88.19,2.33
2026-09-22 20:54:25.151168,LINE-2-PACKAGING,86.06,2.22
2026-09-22 20:55:25.151168,LINE-2-PACKAGING,88.17,2.5
2026-09-22 20:56:25.151168,LINE-2-PACKAGING,85.42,2.33
2026-09-22 20:57:25.151168,LINE-2-PACKAGING,86.27,2.29
2026-09-22 20:58:25.151168,LINE-2-PACKAGING,85.96,2.32
2026-09-22 20:59:25.151168,LINE-2-PACKAGING,86.04,2.48
2026-09-22 21:00:25.151168,LINE-2-PACKAGING,85.85,2.45
2026-09-22 21:01:25.151168,LINE-2-PACKAGING,86.4,2.52
2026-09-22 21:02:25.151168,LINE-2-PACKAGING,84.83,2.32
2026-09-22 21:03:25.151168,LINE-2-PACKAGING,85.33,2.35
2026-09-22 21:04:25.151168,LINE-2-PACKAGING,88.26,2.29
2026-09-22 21:05:25.151168,LINE-2-PACKAGING,85.67,2.55
2026-09-22 21:06:25.151168,LINE-2-PACKAGING,86.1,2.48
2026-09-22 21:07:25.151168,LINE-2-PACKAGING,86.45,2.24
2026-09-22 21:08:25.151168,LINE-2-PACKAGING,88.51,2.36
2026-09-22 21:09:25.151168,LINE-2-PACKAGING,86.38,2.43
2026-09-22 21:10:25.151168,LINE-2-PACKAGING,86.1,2.43
2026-09-22 21:11:25.151168,LINE-2-PACKAGING,85.97,2.29
2026-09-22 21:12:25.151168,LINE-2-PACKAGING,88.46,2.44
2026-09-22 21:13:25.151168,LINE-2-PACKAGING,86.51,2.12
2026-09-22 21:14:25.151168,LINE-2-PACKAGING,87.57,2.31
2026-09-22 21:15:25.151168,LINE-2-PACKAGING,85.43,2.33
2026-09-22 21:16:25.151168,LINE-2-PACKAGING,86.91,2.34
2026-09-22 21:17:25.151168,LINE-2-PACKAGING,86.0,2.53
2026-09-22 21:18:25.151168,LINE-2-PACKAGING,85.94,2.6
2026-09-22 21:19:25.151168,LINE-2-PACKAGING,84.67,2.47
2026-09-22 21:20:25.151168,LINE-2-PACKAGING,86.94,2.53
2026-09-22 21:21:25.151168,LINE-2-PACKAGING,86.5,2.47
2026-09-22 21:22:25.151168,LINE-2-PACKAGING,86.33,2.56
2026-09-22 21:23:25.151168,LINE-2-PACKAGING,87.49,2.4
2026-09-22 21:24:25.151168,LINE-2-PACKAGING,85.75,2.66
2026-09-22 21:25:25.151168,LINE-2-PACKAGING,87.1,2.48
2026-09-22 21:26:25.151168,LINE-2-PACKAGING,85.18,2.17
2026-09-22 21:27:25.151168,LINE-2-PACKAGING,84.14,2.34
2026-09-22 21:28:25.151168,LINE-2-PACKAGING,83.98,2.28
2026-09-22 21:29:25.151168,LINE-2-PACKAGING,84.94,2.31
2026-09-22 21:30:25.151168,LINE-2-PACKAGING,86.53,2.63
2026-09-22 21:31:25.151168,LINE-2-PACKAGING,87.67,2.56
2026-09-22 21:32:25.151168,LINE-2-PACKAGING,85.72,2.71
2026-09-22 21:33:25.151168,LINE-2-PACKAGING,86.04,2.44
2026-09-22 21:34:25.151168,LINE-2-PACKAGING,85.69,2.16
2026-09-22 21:35:25.151168,LINE-2-PACKAGING,86.65,2.24
2026-09-22 21:36:25.151168,LINE-2-PACKAGING,86.23,2.38
2026-09-22 21:37:25.151168,LINE-2-PACKAGING,86.77,2.33
2026-09-22 21:38:25.151168,LINE-2-PACKAGING,84.85,2.52
2026-09-22 21:39:25.151168,LINE-2-PACKAGING,84.34,2.25
2026-09-22 21:40:25.151168,LINE-2-PACKAGING,85.45,2.51
2026-09-22 21:41:25.151168,LINE-2-PACKAGING,86.62,2.37
2026-09-22 21:42:25.151168,LINE-2-PACKAGING,85.45,2.44
2026-09-22 21:43:25.151168,LINE-2-PACKAGING,86.84,2.52
2026-09-22 21:44:25.151168,LINE-2-PACKAGING,86.61,2.26
2026-09-22 21:45:25.151168,LINE-2-PACKAGING,85.25,2.16
2026-09-22 21:46:25.151168,LINE-2-PACKAGING,85.0,2.27
2026-09-22 21:47:25.151168,LINE-2-PACKAGING,87.74,2.49
2026-09-22 21:48:25.151168,LINE-2-PACKAGING,87.96,2.45
2026-09-22 21:49:25.151168,LINE-2-PACKAGING,86.94,2.31
2026-09-22 21:50:25.151168,LINE-2-PACKAGING,86.66,2.34
2026-09-22 21:51:25.151168,LINE-2-PACKAGING,86.17,2.32
2026-09-22 21:52:25.151168,LINE-2-PACKAGING,87.43,2.52
2026-09-22 21:53:25.151168,LINE-2-PACKAGING,85.53,2.26
2026-09-22 21:54:25.151168,LINE-2-PACKAGING,86.37,2.22
2026-09-22 21:55:25.151168,LINE-2-PACKAGING,84.55,2.17
2026-09-22 21:56:25.151168,LINE-2-PACKAGING,87.99,2.11
2026-09-22 21:57:25.151168,LINE-2-PACKAGING,86.54,2.22
2026-09-22 21:58:25.151168,LINE-2-PACKAGING,86.75,2.59
2026-09-22 21:59:25.151168,LINE-2-PACKAGING,87.1,2.37
2026-09-22 22:00:25.151168,LINE-2-PACKAGING,85.18,2.49
2026-09-22 22:01:25.151168,LINE-2-PACKAGING,86.99,2.23
2026-09-22 22:02:25.151168,LINE-2-PACKAGING,86.04,2.33
2026-09-22 22:03:25.151168,LINE-2-PACKAGING,86.59,2.44
2026-09-22 22:04:25.151168,LINE-2-PACKAGING,85.44,2.53
2026-09-22 22:05:25.151168,LINE-2-PACKAGING,85.8,2.13
2026-09-22 22:06:25.151168,LINE-2-PACKAGING,84.67,2.59
2026-09-22 22:07:25.151168,LINE-2-PACKAGING,85.36,2.35
2026-09-22 22:08:25.151168,LINE-2-PACKAGING,86.65,2.25
2026-09-22 22:09:25.151168,LINE-2-PACKAGING,87.54,2.68
2026-09-22 22:10:25.151168,LINE-2-PACKAGING,87.82,2.57
2026-09-22 22:11:25.151168,LINE-2-PACKAGING,85.5,2.54
2026-09-22 22:12:25.151168,LINE-2-PACKAGING,87.42,2.44
2026-09-22 22:13:25.151168,LINE-2-PACKAGING,86.14,2.55
2026-09-22 22:14:25.151168,LINE-2-PACKAGING,86.04,2.21
2026-09-22 22:15:25.151168,LINE-2-PACKAGING,85.43,2.27
2026-09-22 22:16:25.151168,LINE-2-PACKAGING,88.31,2.38
2026-09-22 22:17:25.151168,LINE-2-PACKAGING,85.48,2.59
2026-09-22 22:18:25.151168,LINE-2-PACKAGING,86.69,2.1
2026-09-22 22:19:25.151168,LINE-2-PACKAGING,86.2,2.76
2026-09-22 22:20:25.151168,LINE-2-PACKAGING,85.89,2.52
2026-09-22 22:21:25.151168,LINE-2-PACKAGING,86.94,2.41
2026-09-22 22:22:25.151168,LINE-2-PACKAGING,86.93,2.31
2026-09-22 22:23:25.151168,LINE-2-PACKAGING,85.92,2.21
2026-09-22 22:24:25.151168,LINE-2-PACKAGING,84.71,2.33
2026-09-22 22:25:25.151168,LINE-2-PACKAGING,86.46,2.29
2026-09-22 22:26:25.151168,LINE-2-PACKAGING,87.43,2.51
2026-09-22 22:27:25.151168,LINE-2-PACKAGING,86.53,2.19
2026-09-22 22:28:25.151168,LINE-2-PACKAGING,85.89,2.44
2026-09-22 22:29:25.151168,LINE-2-PACKAGING,85.09,2.23
2026-09-22 22:30:25.151168,LINE-2-PACKAGING,87.67,2.15
2026-09-22 22:31:25.151168,LINE-2-PACKAGING,86.01,2.4
2026-09-22 22:32:25.151168,LINE-2-PACKAGING,86.19,2.62
2026-09-22 22:33:25.151168,LINE-2-PACKAGING,86.53,1.95
2026-09-22 22:34:25.151168,LINE-2-PACKAGING,85.24,2.54
2026-09-22 22:35:25.151168,LINE-2-PACKAGING,86.3,2.34
2026-09-22 22:36:25.151168,LINE-2-PACKAGING,86.53,2.38
2026-09-22 22:37:25.151168,LINE-2-PACKAGING,83.39,2.33
2026-09-22 22:38:25.151168,LINE-2-PACKAGING,85.72,2.27
2026-09-22 22:39:25.151168,LINE-2-PACKAGING,85.57,2.23
2026-09-22 22:40:25.151168,LINE-2-PACKAGING,85.83,2.41
2026-09-22 22:41:25.151168,LINE-2-PACKAGING,86.45,2.2
2026-09-22 22:42:25.151168,LINE-2-PACKAGING,86.62,2.51
2026-09-22 22:43:25.151168,LINE-2-PACKAGING,87.0,2.2
2026-09-22 22:44:25.151168,LINE-2-PACKAGING,86.31,2.24
2026-09-22 22:45:25.151168,LINE-2-PACKAGING,85.11,2.54
2026-09-22 22:46:25.151168,LINE-2-PACKAGING,87.76,2.16
2026-09-22 22:47:25.151168,LINE-2-PACKAGING,85.5,2.4
2026-09-22 22:48:25.151168,LINE-2-PACKAGING,86.39,2.46
2026-09-22 22:49:25.151168,LINE-2-PACKAGING,87.16,2.47
2026-09-22 22:50:25.151168,LINE-2-PACKAGING,86.03,2.57
2026-09-22 22:51:25.151168,LINE-2-PACKAGING,86.46,2.48
2026-09-22 22:52:25.151168,LINE-2-PACKAGING,86.56,2.58
2026-09-22 22:53:25.151168,LINE-2-PACKAGING,85.95,2.26
2026-09-22 22:54:25.151168,LINE-2-PACKAGING,86.35,2.22
2026-09-22 22:55:25.151168,LINE-2-PACKAGING,85.93,2.48
2026-09-22 22:56:25.151168,LINE-2-PACKAGING,86.95,2.33
2026-09-22 22:57:25.151168,LINE-2-PACKAGING,86.6,2.3
2026-09-22 22:58:25.151168,LINE-2-PACKAGING,85.85,2.39
2026-09-22 22:59:25.151168,LINE-2-PACKAGING,86.41,2.44
2026-09-22 23:00:25.151168,LINE-2-PACKAGING,85.61,2.36
2026-09-22 23:01:25.151168,LINE-2-PACKAGING,86.28,2.34
2026-09-22 23:02:25.151168,LINE-2-PACKAGING,86.27,2.46
2026-09-22 23:03:25.151168,LINE-2-PACKAGING,86.47,2.39
2026-09-22 23:04:25.151168,LINE-2-PACKAGING,85.11,2.64
2026-09-22 23:05:25.151168,LINE-2-PACKAGING,85.78,2.33
2026-09-22 23:06:25.151168,LINE-2-PACKAGING,85.6,2.36
2026-09-22 23:07:25.151168,LINE-2-PACKAGING,84.66,2.43
2026-09-22 23:08:25.151168,LINE-2-PACKAGING,86.86,2.25
2026-09-22 23:09:25.151168,LINE-2-PACKAGING,85.99,2.46
2026-09-22 23:10:25.151168,LINE-2-PACKAGING,85.94,2.38
2026-09-22 23:11:25.151168,LINE-2-PACKAGING,84.67,2.45
2026-09-22 23:12:25.151168,LINE-2-PACKAGING,85.47,2.28
2026-09-22 23:13:25.151168,LINE-2-PACKAGING,84.98,2.31
2026-09-22 23:14:25.151168,LINE-2-PACKAGING,87.37,2.12
2026-09-22 23:15:25.151168,LINE-2-PACKAGING,87.31,2.25
2026-09-22 23:16:25.151168,LINE-2-PACKAGING,84.38,2.63
2026-09-22 23:17:25.151168,LINE-2-PACKAGING,85.87,2.21
2026-09-22 23:18:25.151168,LINE-2-PACKAGING,85.19,2.45
2026-09-22 23:19:25.151168,LINE-2-PACKAGING,85.21,2.51
2026-09-22 23:20:25.151168,LINE-2-PACKAGING,85.83,2.23
2026-09-22 23:21:25.151168,LINE-2-PACKAGING,87.22,2.52
2026-09-22 23:22:25.151168,LINE-2-PACKAGING,87.09,2.31
2026-09-22 23:23:25.151168,LINE-2-PACKAGING,86.12,2.4
2026-09-22 23:24:25.151168,LINE-2-PACKAGING,85.63,2.35
2026-09-22 23:25:25.151168,LINE-2-PACKAGING,85.22,2.19
2026-09-22 23:26:25.151168,LINE-2-PACKAGING,86.19,2.32
2026-09-22 23:27:25.151168,LINE-2-PACKAGING,87.03,2.4
2026-09-22 23:28:25.151168,LINE-2-PACKAGING,85.55,2.39
2026-09-22 23:29:25.151168,LINE-2-PACKAGING,87.67,2.46
2026-09-22 23:30:25.151168,LINE-2-PACKAGING,85.92,2.6
2026-09-22 23:31:25.151168,LINE-2-PACKAGING,84.79,2.62
2026-09-22 23:32:25.151168,LINE-2-PACKAGING,86.32,2.57
2026-09-22 23:33:25.151168,LINE-2-PACKAGING,88.33,2.38
2026-09-22 23:34:25.151168,LINE-2-PACKAGING,87.5,1.97
2026-09-22 23:35:25.151168,LINE-2-PACKAGING,86.07,2.56
2026-09-22 23:36:25.151168,LINE-2-PACKAGING,87.91,2.18
2026-09-22 23:37:25.151168,LINE-2-PACKAGING,84.04,2.59
2026-09-22 23:38:25.151168,LINE-2-PACKAGING,86.98,2.25
2026-09-22 23:39:25.151168,LINE-2-PACKAGING,86.87,2.25
2026-09-22 23:40:25.151168,LINE-2-PACKAGING,86.71,2.18
2026-09-22 23:41:25.151168,LINE-2-PACKAGING,86.13,2.62
2026-09-22 23:42:25.151168,LINE-2-PACKAGING,87.12,2.42
2026-09-22 23:43:25.151168,LINE-2-PACKAGING,85.94,2.49
2026-09-22 23:44:25.151168,LINE-2-PACKAGING,84.74,2.45
2026-09-22 23:45:25.151168,LINE-2-PACKAGING,86.8,2.57
2026-09-22 23:46:25.151168,LINE-2-PACKAGING,84.9,2.62
2026-09-22 23:47:25.151168,LINE-2-PACKAGING,85.34,2.47
2026-09-22 23:48:25.151168,LINE-2-PACKAGING,86.47,2.31
2026-09-22 23:49:25.151168,LINE-2-PACKAGING,86.61,2.13
2026-09-22 23:50:25.151168,LINE-2-PACKAGING,86.87,2.1
2026-09-22 23:51:25.151168,LINE-2-PACKAGING,86.55,2.58
2026-09-22 23:52:25.151168,LINE-2-PACKAGING,86.27,2.44
2026-09-22 23:53:25.151168,LINE-2-PACKAGING,85.79,2.18
2026-09-22 23:54:25.151168,LINE-2-PACKAGING,86.5,2.38
2026-09-22 23:55:25.151168,LINE-2-PACKAGING,84.77,2.18
2026-09-22 23:56:25.151168,LINE-2-PACKAGING,86.2,2.29
2026-09-22 23:57:25.151168,LINE-2-PACKAGING,87.02,2.59
2026-09-22 23:58:25.151168,LINE-2-PACKAGING,86.53,2.24
2026-09-22 23:59:25.151168,LINE-2-PACKAGING,83.34,2.58
2026-09-23 00:00:25.151168,LINE-2-PACKAGING,85.35,2.44
2026-09-23 00:01:25.151168,LINE-2-PACKAGING,87.89,2.39
2026-09-23 00:02:25.151168,LINE-2-PACKAGING,85.56,2.4
2026-09-23 00:03:25.151168,LINE-2-PACKAGING,85.92,2.54
2026-09-23 00:04:25.151168,LINE-2-PACKAGING,87.37,2.5
2026-09-23 00:05:25.151168,LINE-2-PACKAGING,87.48,2.38
2026-09-23 00:06:25.151168,LINE-2-PACKAGING,85.28,2.28
2026-09-23 00:07:25.151168,LINE-2-PACKAGING,86.21,2.54
2026-09-23 00:08:25.151168,LINE-2-PACKAGING,84.14,2.55
2026-09-23 00:09:25.151168,LINE-2-PACKAGING,86.42,2.32
2026-09-23 00:10:25.151168,LINE-2-PACKAGING,85.97,2.35
2026-09-23 00:11:25.151168,LINE-2-PACKAGING,85.05,2.37
2026-09-23 00:12:25.151168,LINE-2-PACKAGING,87.43,2.49
2026-09-23 00:13:25.151168,LINE-2-PACKAGING,85.79,2.31
2026-09-23 00:14:25.151168,LINE-2-PACKAGING,86.11,2.24
2026-09-23 00:15:25.151168,LINE-2-PACKAGING,85.19,2.34
2026-09-23 00:16:25.151168,LINE-2-PACKAGING,86.58,2.5
2026-09-23 00:17:25.151168,LINE-2-PACKAGING,84.58,2.22
2026-09-23 00:18:25.151168,LINE-2-PACKAGING,85.46,2.34
2026-09-23 00:19:25.151168,LINE-2-PACKAGING,86.42,2.59
2026-09-23 00:20:25.151168,LINE-2-PACKAGING,85.38,2.53
2026-09-23 00:21:25.151168,LINE-2-PACKAGING,87.63,2.68
2026-09-23 00:22:25.151168,LINE-2-PACKAGING,88.15,2.49
2026-09-23 00:23:25.151168,LINE-2-PACKAGING,87.27,2.4
2026-09-23 00:24:25.151168,LINE-2-PACKAGING,84.91,2.15
2026-09-23 00:25:25.151168,LINE-2-PACKAGING,85.02,2.62
2026-09-23 00:26:25.151168,LINE-2-PACKAGING,87.21,2.28
2026-09-23 00:27:25.151168,LINE-2-PACKAGING,87.9,2.4
2026-09-23 00:28:25.151168,LINE-2-PACKAGING,85.62,2.45
2026-09-23 00:29:25.151168,LINE-2-PACKAGING,87.21,2.56
2026-09-23 00:30:25.151168,LINE-2-PACKAGING,86.06,2.27
2026-09-23 00:31:25.151168,LINE-2-PACKAGING,86.39,2.34
2026-09-23 00:32:25.151168,LINE-2-PACKAGING,85.81,2.09
2026-09-23 00:33:25.151168,LINE-2-PACKAGING,85.37,2.4
2026-09-23 00:34:25.151168,LINE-2-PACKAGING,86.22,2.45
2026-09-23 00:35:25.151168,LINE-2-PACKAGING,85.47,2.3
2026-09-23 00:36:25.151168,LINE-2-PACKAGING,86.12,2.3
2026-09-23 00:37:25.151168,LINE-2-PACKAGING,85.33,2.27
2026-09-23 00:38:25.151168,LINE-2-PACKAGING,86.91,2.42
2026-09-23 00:39:25.151168,LINE-2-PACKAGING,85.33,2.39
2026-09-23 00:40:25.151168,LINE-2-PACKAGING,86.35,2.62
2026-09-23 00:41:25.151168,LINE-2-PACKAGING,86.34,2.44
2026-09-23 00:42:25.151168,LINE-2-PACKAGING,87.56,2.4
2026-09-23 00:43:25.151168,LINE-2-PACKAGING,87.17,2.36
2026-09-23 00:44:25.151168,LINE-2-PACKAGING,86.37,2.4
2026-09-23 00:45:25.151168,LINE-2-PACKAGING,86.19,2.58
2026-09-23 00:46:25.151168,LINE-2-PACKAGING,74.95,1.93
2026-09-23 00:47:25.151168,LINE-2-PACKAGING,75.45,2.33
2026-09-23 00:48:25.151168,LINE-2-PACKAGING,75.7,1.83
2026-09-23 00:49:25.151168,LINE-2-PACKAGING,73.5,2.0
2026-09-23 00:50:25.151168,LINE-2-PACKAGING,75.0,1.95
2026-09-23 00:51:25.151168,LINE-2-PACKAGING,74.37,1.92
2026-09-23 00:52:25.151168,LINE-2-PACKAGING,74.65,1.96
2026-09-23 00:53:25.151168,LINE-2-PACKAGING,74.39,1.75
2026-09-23 00:54:25.151168,LINE-2-PACKAGING,74.92,1.95
2026-09-23 00:55:25.151168,LINE-2-PACKAGING,73.74,1.89
2026-09-23 00:56:25.151168,LINE-2-PACKAGING,75.22,2.05
2026-09-23 00:57:25.151168,LINE-2-PACKAGING,75.99,2.0
2026-09-23 00:58:25.151168,LINE-2-PACKAGING,73.85,1.85
2026-09-23 00:59:25.151168,LINE-2-PACKAGING,76.21,1.97
2026-09-23 01:00:25.151168,LINE-2-PACKAGING,75.72,1.79
2026-09-23 01:01:25.151168,LINE-2-PACKAGING,76.11,2.0
2026-09-23 01:02:25.151168,LINE-2-PACKAGING,74.79,1.86
2026-09-23 01:03:25.151168,LINE-2-PACKAGING,73.91,2.06
2026-09-23 01:04:25.151168,LINE-2-PACKAGING,76.87,2.11
2026-09-23 01:05:25.151168,LINE-2-PACKAGING,75.46,1.9
2026-09-23 01:06:25.151168,LINE-2-PACKAGING,74.11,1.96
2026-09-23 01:07:25.151168,LINE-2-PACKAGING,74.82,2.09
2026-09-23 01:08:25.151168,LINE-2-PACKAGING,73.27,1.85
2026-09-23 01:09:25.151168,LINE-2-PACKAGING,74.6,2.04
2026-09-23 01:10:25.151168,LINE-2-PACKAGING,76.36,1.89
2026-09-23 01:11:25.151168,LINE-2-PACKAGING,77.35,1.97
2026-09-23 01:12:25.151168,LINE-2-PACKAGING,75.73,1.86
2026-09-23 01:13:25.151168,LINE-2-PACKAGING,73.28,1.97
2026-09-23 01:14:25.151168,LINE-2-PACKAGING,74.55,2.17
2026-09-23 01:15:25.151168,LINE-2-PACKAGING,75.35,1.88
2026-09-23 01:16:25.151168,LINE-2-PACKAGING,75.49,2.15
2026-09-23 01:17:25.151168,LINE-2-PACKAGING,74.74,1.84
2026-09-23 01:18:25.151168,LINE-2-PACKAGING,75.94,2.35
2026-09-23 01:19:25.151168,LINE-2-PACKAGING,74.85,2.29
2026-09-23 01:20:25.151168,LINE-2-PACKAGING,76.71,2.14
2026-09-23 01:21:25.151168,LINE-2-PACKAGING,75.57,1.98
2026-09-23 01:22:25.151168,LINE-2-PACKAGING,75.64,2.21
2026-09-23 01:23:25.151168,LINE-2-PACKAGING,74.29,1.87
2026-09-23 01:24:25.151168,LINE-2-PACKAGING,75.95,1.63
2026-09-23 01:25:25.151168,LINE-2-PACKAGING,74.65,2.14
2026-09-23 01:26:25.151168,LINE-2-PACKAGING,74.81,1.97
2026-09-23 01:27:25.151168,LINE-2-PACKAGING,75.0,2.2
2026-09-23 01:28:25.151168,LINE-2-PACKAGING,75.55,2.06
2026-09-23 01:29:25.151168,LINE-2-PACKAGING,73.45,1.9
2026-09-23 01:30:25.151168,LINE-2-PACKAGING,74.61,2.09
2026-09-23 01:31:25.151168,LINE-2-PACKAGING,74.26,2.11
2026-09-23 01:32:25.151168,LINE-2-PACKAGING,75.08,1.72
2026-09-23 01:33:25.151168,LINE-2-PACKAGING,74.86,2.08
2026-09-23 01:34:25.151168,LINE-2-PACKAGING,75.86,1.95
2026-09-23 01:35:25.151168,LINE-2-PACKAGING,75.93,1.84
2026-09-23 01:36:25.151168,LINE-2-PACKAGING,74.16,2.11
2026-09-23 01:37:25.151168,LINE-2-PACKAGING,74.29,2.02
2026-09-23 01:38:25.151168,LINE-2-PACKAGING,74.8,2.04
2026-09-23 01:39:25.151168,LINE-2-PACKAGING,74.16,1.99
2026-09-23 01:40:25.151168,LINE-2-PACKAGING,75.07,2.2
2026-09-23 01:41:25.151168,LINE-2-PACKAGING,74.3,2.0
2026-09-23 01:42:25.151168,LINE-2-PACKAGING,73.37,1.94
2026-09-23 01:43:25.151168,LINE-2-PACKAGING,76.07,1.96
2026-09-23 01:44:25.151168,LINE-2-PACKAGING,76.01,2.11
2026-09-23 01:45:25.151168,LINE-2-PACKAGING,72.94,1.87
2026-09-23 01:46:25.151168,LINE-2-PACKAGING,75.93,1.82
2026-09-23 01:47:25.151168,LINE-2-PACKAGING,74.49,1.92
2026-09-23 01:48:25.151168,LINE-2-PACKAGING,73.28,1.76
2026-09-23 01:49:25.151168,LINE-2-PACKAGING,75.74,2.1
2026-09-23 01:50:25.151168,LINE-2-PACKAGING,73.57,1.86
2026-09-23 01:51:25.151168,LINE-2-PACKAGING,72.67,2.2
2026-09-23 01:52:25.151168,LINE-2-PACKAGING,73.65,1.76
2026-09-23 01:53:25.151168,LINE-2-PACKAGING,74.53,1.83
2026-09-23 01:54:25.151168,LINE-2-PACKAGING,74.05,2.3
2026-09-23 01:55:25.151168,LINE-2-PACKAGING,77.33,1.99
2026-09-23 01:56:25.151168,LINE-2-PACKAGING,74.95,2.12
2026-09-23 01:57:25.151168,LINE-2-PACKAGING,76.53,2.16
2026-09-23 01:58:25.151168,LINE-2-PACKAGING,77.79,1.92
2026-09-23 01:59:25.151168,LINE-2-PACKAGING,75.16,2.07
2026-09-23 02:00:25.151168,LINE-2-PACKAGING,76.63,2.16
2026-09-23 02:01:25.151168,LINE-2-PACKAGING,74.5,2.24
2026-09-23 02:02:25.151168,LINE-2-PACKAGING,74.21,2.12
2026-09-23 02:03:25.151168,LINE-2-PACKAGING,74.66,2.32
2026-09-23 02:04:25.151168,LINE-2-PACKAGING,75.5,1.84
2026-09-23 02:05:25.151168,LINE-2-PACKAGING,76.64,2.17
2026-09-23 02:06:25.151168,LINE-2-PACKAGING,74.81,1.95
2026-09-23 02:07:25.151168,LINE-2-PACKAGING,75.19,1.93
2026-09-23 02:08:25.151168,LINE-2-PACKAGING,74.75,1.98
2026-09-23 02:09:25.151168,LINE-2-PACKAGING,74.05,1.99
2026-09-23 02:10:25.151168,LINE-2-PACKAGING,75.3,1.97
2026-09-23 02:11:25.151168,LINE-2-PACKAGING,75.1,1.95
2026-09-23 02:12:25.151168,LINE-2-PACKAGING,75.19,2.27
2026-09-23 02:13:25.151168,LINE-2-PACKAGING,75.83,2.14
2026-09-23 02:14:25.151168,LINE-2-PACKAGING,76.23,2.18
2026-09-23 02:15:25.151168,LINE-2-PACKAGING,74.69,2.11
2026-09-23 02:16:25.151168,LINE-2-PACKAGING,75.82,1.9
2026-09-23 02:17:25.151168,LINE-2-PACKAGING,76.74,1.72
2026-09-23 02:18:25.151168,LINE-2-PACKAGING,76.87,1.87
2026-09-23 02:19:25.151168,LINE-2-PACKAGING,74.08,2.12
2026-09-23 02:20:25.151168,LINE-2-PACKAGING,76.25,2.01
2026-09-23 02:21:25.151168,LINE-2-PACKAGING,75.43,2.04
2026-09-23 02:22:25.151168,LINE-2-PACKAGING,74.65,1.97
2026-09-23 02:23:25.151168,LINE-2-PACKAGING,75.37,1.87
2026-09-23 02:24:25.151168,LINE-2-PACKAGING,74.27,2.03
2026-09-23 02:25:25.151168,LINE-2-PACKAGING,76.98,2.01
2026-09-23 02:26:25.151168,LINE-2-PACKAGING,75.95,1.92
2026-09-23 02:27:25.151168,LINE-2-PACKAGING,74.36,2.14
2026-09-23 02:28:25.151168,LINE-2-PACKAGING,74.21,1.92
2026-09-23 02:29:25.151168,LINE-2-PACKAGING,76.42,1.91
2026-09-23 02:30:25.151168,LINE-2-PACKAGING,72.83,1.92
2026-09-23 02:31:25.151168,LINE-2-PACKAGING,76.11,2.2
2026-09-23 02:32:25.151168,LINE-2-PACKAGING,75.67,2.05
2026-09-23 02:33:25.151168,LINE-2-PACKAGING,74.05,2.08
2026-09-23 02:34:25.151168,LINE-2-PACKAGING,75.2,1.88
2026-09-23 02:35:25.151168,LINE-2-PACKAGING,76.46,2.01
2026-09-23 02:36:25.151168,LINE-2-PACKAGING,74.97,2.07
2026-09-23 02:37:25.151168,LINE-2-PACKAGING,73.54,2.1
2026-09-23 02:38:25.151168,LINE-2-PACKAGING,72.46,1.97
2026-09-23 02:39:25.151168,LINE-2-PACKAGING,75.04,2.02
2026-09-23 02:40:25.151168,LINE-2-PACKAGING,75.85,1.98
2026-09-23 02:41:25.151168,LINE-2-PACKAGING,75.26,2.01
2026-09-23 02:42:25.151168,LINE-2-PACKAGING,76.41,2.17
2026-09-23 02:43:25.151168,LINE-2-PACKAGING,77.8,2.17
2026-09-23 02:44:25.151168,LINE-2-PACKAGING,75.73,1.8
2026-09-23 02:45:25.151168,LINE-2-PACKAGING,75.32,1.78
2026-09-23 02:46:25.151168,LINE-2-PACKAGING,74.04,2.01
2026-09-23 02:47:25.151168,LINE-2-PACKAGING,76.3,2.15
2026-09-23 02:48:25.151168,LINE-2-PACKAGING,76.58,1.94
2026-09-23 02:49:25.151168,LINE-2-PACKAGING,75.74,2.09
2026-09-23 02:50:25.151168,LINE-2-PACKAGING,75.28,2.19
2026-09-23 02:51:25.151168,LINE-2-PACKAGING,74.3,1.81
2026-09-23 02:52:25.151168,LINE-2-PACKAGING,76.24,2.3
2026-09-23 02:53:25.151168,LINE-2-PACKAGING,75.6,2.25
2026-09-23 02:54:25.151168,LINE-2-PACKAGING,75.41,2.04
2026-09-23 02:55:25.151168,LINE-2-PACKAGING,74.53,2.09
2026-09-23 02:56:25.151168,LINE-2-PACKAGING,73.12,1.73
2026-09-23 02:57:25.151168,LINE-2-PACKAGING,75.73,1.87
2026-09-23 02:58:25.151168,LINE-2-PACKAGING,75.4,1.96
2026-09-23 02:59:25.151168,LINE-2-PACKAGING,73.9,1.9
2026-09-23 03:00:25.151168,LINE-2-PACKAGING,75.34,2.11
2026-09-23 03:01:25.151168,LINE-2-PACKAGING,74.61,1.87
2026-09-23 03:02:25.151168,LINE-2-PACKAGING,74.85,1.91
2026-09-23 03:03:25.151168,LINE-2-PACKAGING,74.35,1.86
2026-09-23 03:04:25.151168,LINE-2-PACKAGING,76.93,1.99
2026-09-23 03:05:25.151168,LINE-2-PACKAGING,77.16,2.3
2026-09-23 03:06:25.151168,LINE-2-PACKAGING,74.96,1.74
2026-09-23 03:07:25.151168,LINE-2-PACKAGING,76.15,1.94
2026-09-23 03:08:25.151168,LINE-2-PACKAGING,75.97,2.25
2026-09-23 03:09:25.151168,LINE-2-PACKAGING,74.76,1.85
2026-09-23 03:10:25.151168,LINE-2-PACKAGING,74.82,1.93
2026-09-23 03:11:25.151168,LINE-2-PACKAGING,75.06,2.11
2026-09-23 03:12:25.151168,LINE-2-PACKAGING,76.19,1.77
2026-09-23 03:13:25.151168,LINE-2-PACKAGING,75.8,2.01
2026-09-23 03:14:25.151168,LINE-2-PACKAGING,74.39,1.89
2026-09-23 03:15:25.151168,LINE-2-PACKAGING,76.14,2.14
2026-09-23 03:16:25.151168,LINE-2-PACKAGING,75.24,2.08
2026-09-23 03:17:25.151168,LINE-2-PACKAGING,73.59,2.09
2026-09-23 03:18:25.151168,LINE-2-PACKAGING,75.49,2.05
2026-09-23 03:19:25.151168,LINE-2-PACKAGING,76.38,1.74
2026-09-23 03:20:25.151168,LINE-2-PACKAGING,74.35,1.78
2026-09-23 03:21:25.151168,LINE-2-PACKAGING,75.63,1.85
2026-09-23 03:22:25.151168,LINE-2-PACKAGING,75.86,1.82
2026-09-23 03:23:25.151168,LINE-2-PACKAGING,75.07,2.1
2026-09-23 03:24:25.151168,LINE-2-PACKAGING,73.68,1.9
2026-09-23 03:25:25.151168,LINE-2-PACKAGING,73.15,1.86
2026-09-23 03:26:25.151168,LINE-2-PACKAGING,74.99,2.22
2026-09-23 03:27:25.151168,LINE-2-PACKAGING,74.95,1.99
2026-09-23 03:28:25.151168,LINE-2-PACKAGING,75.1,1.81
2026-09-23 03:29:25.151168,LINE-2-PACKAGING,75.28,1.86
2026-09-23 03:30:25.151168,LINE-2-PACKAGING,75.09,1.8
2026-09-23 03:31:25.151168,LINE-2-PACKAGING,75.46,2.08
2026-09-23 03:32:25.151168,LINE-2-PACKAGING,74.18,1.87
2026-09-23 03:33:25.151168,LINE-2-PACKAGING,76.61,2.08
2026-09-23 03:34:25.151168,LINE-2-PACKAGING,76.63,2.06
2026-09-23 03:35:25.151168,LINE-2-PACKAGING,75.91,1.78
2026-09-23 03:36:25.151168,LINE-2-PACKAGING,74.8,1.9
2026-09-23 03:37:25.151168,LINE-2-PACKAGING,73.99,2.0
2026-09-23 03:38:25.151168,LINE-2-PACKAGING,73.97,1.68
2026-09-23 03:39:25.151168,LINE-2-PACKAGING,76.31,2.14
2026-09-23 03:40:25.151168,LINE-2-PACKAGING,75.28,2.22
2026-09-23 03:41:25.151168,LINE-2-PACKAGING,77.52,1.98
2026-09-23 03:42:25.151168,LINE-2-PACKAGING,75.98,1.99
2026-09-23 03:43:25.151168,LINE-2-PACKAGING,73.75,2.03
2026-09-23 03:44:25.151168,LINE-2-PACKAGING,74.62,2.15
2026-09-23 03:45:25.151168,LINE-2-PACKAGING,73.8,1.81
2026-09-23 03:46:25.151168,LINE-2-PACKAGING,73.75,1.92
2026-09-23 03:47:25.151168,LINE-2-PACKAGING,73.34,2.15
2026-09-23 03:48:25.151168,LINE-2-PACKAGING,74.21,1.87
2026-09-23 03:49:25.151168,LINE-2-PACKAGING,74.44,1.93
2026-09-23 03:50:25.151168,LINE-2-PACKAGING,75.94,2.12
2026-09-23 03:51:25.151168,LINE-2-PACKAGING,75.13,1.84
2026-09-23 03:52:25.151168,LINE-2-PACKAGING,75.36,2.0
2026-09-23 03:53:25.151168,LINE-2-PACKAGING,74.32,1.85
2026-09-23 03:54:25.151168,LINE-2-PACKAGING,72.6,1.9
2026-09-23 03:55:25.151168,LINE-2-PACKAGING,74.0,1.85
2026-09-23 03:56:25.151168,LINE-2-PACKAGING,76.35,2.15
2026-09-23 03:57:25.151168,LINE-2-PACKAGING,74.61,2.08
2026-09-23 03:58:25.151168,LINE-2-PACKAGING,72.71,2.0
2026-09-23 03:59:25.151168,LINE-2-PACKAGING,73.3,1.81
2026-09-23 04:00:25.151168,LINE-2-PACKAGING,74.87,1.66
2026-09-23 04:01:25.151168,LINE-2-PACKAGING,75.73,2.27
2026-09-23 04:02:25.151168,LINE-2-PACKAGING,75.46,1.9
2026-09-23 04:03:25.151168,LINE-2-PACKAGING,74.12,1.89
2026-09-23 04:04:25.151168,LINE-2-PACKAGING,75.67,2.07
2026-09-23 04:05:25.151168,LINE-2-PACKAGING,73.98,2.24
2026-09-23 04:06:25.151168,LINE-2-PACKAGING,74.3,1.91
2026-09-23 04:07:25.151168,LINE-2-PACKAGING,73.82,1.99
2026-09-23 04:08:25.151168,LINE-2-PACKAGING,75.63,1.93
2026-09-23 04:09:25.151168,LINE-2-PACKAGING,76.75,2.02
2026-09-23 04:10:25.151168,LINE-2-PACKAGING,72.63,1.97
2026-09-23 04:11:25.151168,LINE-2-PACKAGING,75.53,2.07
2026-09-23 04:12:25.151168,LINE-2-PACKAGING,73.88,2.24
2026-09-23 04:13:25.151168,LINE-2-PACKAGING,74.23,2.21
2026-09-23 04:14:25.151168,LINE-2-PACKAGING,75.43,2.07
2026-09-23 04:15:25.151168,LINE-2-PACKAGING,76.37,1.96
2026-09-23 04:16:25.151168,LINE-2-PACKAGING,75.34,1.82
2026-09-23 04:17:25.151168,LINE-2-PACKAGING,76.3,2.09
2026-09-23 04:18:25.151168,LINE-2-PACKAGING,73.6,2.16
2026-09-23 04:19:25.151168,LINE-2-PACKAGING,74.14,1.96
2026-09-23 04:20:25.151168,LINE-2-PACKAGING,75.69,1.97
2026-09-23 04:21:25.151168,LINE-2-PACKAGING,75.01,1.9
2026-09-23 04:22:25.151168,LINE-2-PACKAGING,76.22,1.92
2026-09-23 04:23:25.151168,LINE-2-PACKAGING,76.45,1.92
2026-09-23 04:24:25.151168,LINE-2-PACKAGING,75.48,1.99
2026-09-23 04:25:25.151168,LINE-2-PACKAGING,74.79,2.26
2026-09-23 04:26:25.151168,LINE-2-PACKAGING,74.37,2.04
2026-09-23 04:27:25.151168,LINE-2-PACKAGING,74.44,1.89
2026-09-23 04:28:25.151168,LINE-2-PACKAGING,74.83,2.1
2026-09-23 04:29:25.151168,LINE-2-PACKAGING,74.64,2.05
2026-09-23 04:30:25.151168,LINE-2-PACKAGING,74.8,2.13
2026-09-23 04:31:25.151168,LINE-2-PACKAGING,75.3,1.75
2026-09-23 04:32:25.151168,LINE-2-PACKAGING,74.72,2.2
2026-09-23 04:33:25.151168,LINE-2-PACKAGING,75.83,2.04
2026-09-23 04:34:25.151168,LINE-2-PACKAGING,74.91,2.12
2026-09-23 04:35:25.151168,LINE-2-PACKAGING,75.44,1.93
2026-09-23 04:36:25.151168,LINE-2-PACKAGING,72.79,1.97
2026-09-23 04:37:25.151168,LINE-2-PACKAGING,74.97,1.85
2026-09-23 04:38:25.151168,LINE-2-PACKAGING,74.63,2.17
2026-09-23 04:39:25.151168,LINE-2-PACKAGING,74.24,2.05
2026-09-23 04:40:25.151168,LINE-2-PACKAGING,73.92,1.97
2026-09-23 04:41:25.151168,LINE-2-PACKAGING,74.89,2.06
2026-09-23 04:42:25.151168,LINE-2-PACKAGING,73.72,1.85
2026-09-23 04:43:25.151168,LINE-2-PACKAGING,77.19,2.12
2026-09-23 04:44:25.151168,LINE-2-PACKAGING,75.57,2.01
2026-09-23 04:45:25.151168,LINE-2-PACKAGING,76.34,1.92
2026-09-23 04:46:25.151168,LINE-2-PACKAGING,76.43,1.97
2026-09-23 04:47:25.151168,LINE-2-PACKAGING,73.86,2.08
2026-09-23 04:48:25.151168,LINE-2-PACKAGING,75.03,1.94
2026-09-23 04:49:25.151168,LINE-2-PACKAGING,73.46,2.1
2026-09-23 04:50:25.151168,LINE-2-PACKAGING,75.39,2.01
2026-09-23 04:51:25.151168,LINE-2-PACKAGING,72.95,2.06
2026-09-23 04:52:25.151168,LINE-2-PACKAGING,74.78,1.93
2026-09-23 04:53:25.151168,LINE-2-PACKAGING,74.35,1.89
2026-09-23 04:54:25.151168,LINE-2-PACKAGING,75.35,1.92
2026-09-23 04:55:25.151168,LINE-2-PACKAGING,75.71,1.93
2026-09-23 04:56:25.151168,LINE-2-PACKAGING,74.61,2.09
2026-09-23 04:57:25.151168,LINE-2-PACKAGING,73.84,1.98
2026-09-23 04:58:25.151168,LINE-2-PACKAGING,76.23,2.02
2026-09-23 04:59:25.151168,LINE-2-PACKAGING,73.64,1.94
2026-09-23 05:00:25.151168,LINE-2-PACKAGING,74.56,2.05
2026-09-23 05:01:25.151168,LINE-2-PACKAGING,74.84,2.03
2026-09-23 05:02:25.151168,LINE-2-PACKAGING,73.25,2.22
2026-09-23 05:03:25.151168,LINE-2-PACKAGING,74.47,2.07
2026-09-23 05:04:25.151168,LINE-2-PACKAGING,74.24,1.98
2026-09-23 05:05:25.151168,LINE-2-PACKAGING,74.2,1.86
2026-09-23 05:06:25.151168,LINE-2-PACKAGING,75.38,2.05
2026-09-23 05:07:25.151168,LINE-2-PACKAGING,74.21,2.14
2026-09-23 05:08:25.151168,LINE-2-PACKAGING,75.7,1.96
2026-09-23 05:09:25.151168,LINE-2-PACKAGING,73.87,1.83
2026-09-23 05:10:25.151168,LINE-2-PACKAGING,73.51,1.78
2026-09-23 05:11:25.151168,LINE-2-PACKAGING,75.4,2.0
2026-09-23 05:12:25.151168,LINE-2-PACKAGING,74.17,1.8
2026-09-23 05:13:25.151168,LINE-2-PACKAGING,74.21,1.87
2026-09-23 05:14:25.151168,LINE-2-PACKAGING,74.15,2.14
2026-09-23 05:15:25.151168,LINE-2-PACKAGING,74.39,1.96
2026-09-23 05:16:25.151168,LINE-2-PACKAGING,75.57,2.02
2026-09-23 05:17:25.151168,LINE-2-PACKAGING,76.21,2.04
2026-09-23 05:18:25.151168,LINE-2-PACKAGING,75.87,2.24
2026-09-23 05:19:25.151168,LINE-2-PACKAGING,74.74,2.0
2026-09-23 05:20:25.151168,LINE-2-PACKAGING,73.81,1.95
2026-09-23 05:21:25.151168,LINE-2-PACKAGING,77.32,2.34
2026-09-23 05:22:25.151168,LINE-2-PACKAGING,74.79,2.14
2026-09-23 05:23:25.151168,LINE-2-PACKAGING,75.74,2.07
2026-09-23 05:24:25.151168,LINE-2-PACKAGING,75.39,2.32
2026-09-23 05:25:25.151168,LINE-2-PACKAGING,74.27,1.75
2026-09-23 05:26:25.151168,LINE-2-PACKAGING,75.88,2.09
2026-09-23 05:27:25.151168,LINE-2-PACKAGING,73.66,2.01
2026-09-23 05:28:25.151168,LINE-2-PACKAGING,75.34,1.9
2026-09-23 05:29:25.151168,LINE-2-PACKAGING,74.17,1.89
2026-09-23 05:30:25.151168,LINE-2-PACKAGING,75.36,1.97
2026-09-23 05:31:25.151168,LINE-2-PACKAGING,74.92,1.81
2026-09-23 05:32:25.151168,LINE-2-PACKAGING,75.1,2.09
2026-09-23 05:33:25.151168,LINE-2-PACKAGING,76.32,2.32
2026-09-23 05:34:25.151168,LINE-2-PACKAGING,76.21,1.94
2026-09-23 05:35:25.151168,LINE-2-PACKAGING,73.86,1.67
2026-09-23 05:36:25.151168,LINE-2-PACKAGING,75.5,1.89
2026-09-23 05:37:25.151168,LINE-2-PACKAGING,74.45,2.21
2026-09-23 05:38:25.151168,LINE-2-PACKAGING,74.01,1.92
2026-09-23 05:39:25.151168,LINE-2-PACKAGING,75.39,2.09
2026-09-23 05:40:25.151168,LINE-2-PACKAGING,74.3,2.08
2026-09-23 05:41:25.151168,LINE-2-PACKAGING,75.17,1.91
2026-09-23 05:42:25.151168,LINE-2-PACKAGING,73.8,2.1
2026-09-23 05:43:25.151168,LINE-2-PACKAGING,74.5,1.68
2026-09-23 05:44:25.151168,LINE-2-PACKAGING,73.88,2.15
2026-09-23 05:45:25.151168,LINE-2-PACKAGING,74.95,1.92
2026-09-23 05:46:25.151168,LINE-2-PACKAGING,75.16,2.18
2026-09-23 05:47:25.151168,LINE-2-PACKAGING,74.44,2.06
2026-09-23 05:48:25.151168,LINE-2-PACKAGING,76.44,1.93
2026-09-23 05:49:25.151168,LINE-2-PACKAGING,74.11,1.94
2026-09-23 05:50:25.151168,LINE-2-PACKAGING,76.36,2.03
2026-09-23 05:51:25.151168,LINE-2-PACKAGING,75.91,1.84
2026-09-23 05:52:25.151168,LINE-2-PACKAGING,75.83,2.2
2026-09-23 05:53:25.151168,LINE-2-PACKAGING,76.67,1.96
2026-09-23 05:54:25.151168,LINE-2-PACKAGING,73.33,1.88
2026-09-23 05:55:25.151168,LINE-2-PACKAGING,75.68,1.96
2026-09-23 05:56:25.151168,LINE-2-PACKAGING,74.97,2.07
2026-09-23 05:57:25.151168,LINE-2-PACKAGING,74.98,2.0
2026-09-23 05:58:25.151168,LINE-2-PACKAGING,74.26,1.85
2026-09-23 05:59:25.151168,LINE-2-PACKAGING,76.73,2.17
2026-09-23 06:00:25.151168,LINE-2-PACKAGING,75.27,2.04
2026-09-23 06:01:25.151168,LINE-2-PACKAGING,75.37,1.89
2026-09-23 06:02:25.151168,LINE-2-PACKAGING,75.33,2.12
2026-09-23 06:03:25.151168,LINE-2-PACKAGING,73.93,2.38
2026-09-23 06:04:25.151168,LINE-2-PACKAGING,76.76,1.97
2026-09-23 06:05:25.151168,LINE-2-PACKAGING,75.33,1.92
2026-09-23 06:06:25.151168,LINE-2-PACKAGING,75.04,1.97
2026-09-23 06:07:25.151168,LINE-2-PACKAGING,75.14,2.2
2026-09-23 06:08:25.151168,LINE-2-PACKAGING,74.31,2.11
2026-09-23 06:09:25.151168,LINE-2-PACKAGING,74.36,1.63
2026-09-23 06:10:25.151168,LINE-2-PACKAGING,73.84,1.97
2026-09-23 06:11:25.151168,LINE-2-PACKAGING,75.23,1.96
2026-09-23 06:12:25.151168,LINE-2-PACKAGING,74.54,2.01
2026-09-23 06:13:25.151168,LINE-2-PACKAGING,74.66,2.02
2026-09-23 06:14:25.151168,LINE-2-PACKAGING,75.65,2.01
2026-09-23 06:15:25.151168,LINE-2-PACKAGING,74.54,2.02
2026-09-23 06:16:25.151168,LINE-2-PACKAGING,75.01,2.15
2026-09-23 06:17:25.151168,LINE-2-PACKAGING,76.09,2.02
2026-09-23 06:18:25.151168,LINE-2-PACKAGING,75.03,1.77
2026-09-23 06:19:25.151168,LINE-2-PACKAGING,75.27,2.0
2026-09-23 06:20:25.151168,LINE-2-PACKAGING,74.19,2.25
2026-09-23 06:21:25.151168,LINE-2-PACKAGING,75.86,2.1
2026-09-23 06:22:25.151168,LINE-2-PACKAGING,74.68,1.87
2026-09-23 06:23:25.151168,LINE-2-PACKAGING,74.94,2.06
2026-09-23 06:24:25.151168,LINE-2-PACKAGING,73.83,2.06
2026-09-23 06:25:25.151168,LINE-2-PACKAGING,76.15,1.88
2026-09-23 06:26:25.151168,LINE-2-PACKAGING,75.49,2.28
2026-09-23 06:27:25.151168,LINE-2-PACKAGING,75.83,2.06
2026-09-23 06:28:25.151168,LINE-2-PACKAGING,74.06,1.91
2026-09-23 06:29:25.151168,LINE-2-PACKAGING,74.02,2.17
2026-09-23 06:30:25.151168,LINE-2-PACKAGING,73.53,1.74
2026-09-23 06:31:25.151168,LINE-2-PACKAGING,77.1,2.04
2026-09-23 06:32:25.151168,LINE-2-PACKAGING,73.49,2.19
2026-09-23 06:33:25.151168,LINE-2-PACKAGING,73.98,2.16
2026-09-23 06:34:25.151168,LINE-2-PACKAGING,75.54,1.89
2026-09-23 06:35:25.151168,LINE-2-PACKAGING,76.38,1.86
2026-09-23 06:36:25.151168,LINE-2-PACKAGING,75.01,2.07
2026-09-23 06:37:25.151168,LINE-2-PACKAGING,75.46,1.78
2026-09-23 06:38:25.151168,LINE-2-PACKAGING,72.85,2.03
2026-09-23 06:39:25.151168,LINE-2-PACKAGING,73.68,2.05
2026-09-23 06:40:25.151168,LINE-2-PACKAGING,74.56,2.04
2026-09-23 06:41:25.151168,LINE-2-PACKAGING,74.49,2.03
2026-09-23 06:42:25.151168,LINE-2-PACKAGING,73.99,1.96
2026-09-23 06:43:25.151168,LINE-2-PACKAGING,75.43,2.31
2026-09-23 06:44:25.151168,LINE-2-PACKAGING,75.0,1.94
2026-09-23 06:45:25.151168,LINE-2-PACKAGING,74.67,1.91
2026-09-23 06:46:25.151168,LINE-2-PACKAGING,75.07,1.88
2026-09-23 06:47:25.151168,LINE-2-PACKAGING,77.23,1.94
2026-09-23 06:48:25.151168,LINE-2-PACKAGING,76.12,1.9
2026-09-23 06:49:25.151168,LINE-2-PACKAGING,73.94,2.0
2026-09-23 06:50:25.151168,LINE-2-PACKAGING,74.94,2.12
2026-09-23 06:51:25.151168,LINE-2-PACKAGING,74.11,1.88
2026-09-23 06:52:25.151168,LINE-2-PACKAGING,74.53,2.09
2026-09-23 06:53:25.151168,LINE-2-PACKAGING,74.22,1.97
2026-09-23 06:54:25.151168,LINE-2-PACKAGING,75.08,1.85
2026-09-23 06:55:25.151168,LINE-2-PACKAGING,73.43,1.76
2026-09-23 06:56:25.151168,LINE-2-PACKAGING,73.49,2.01
2026-09-23 06:57:25.151168,LINE-2-PACKAGING,74.84,2.05
2026-09-23 06:58:25.151168,LINE-2-PACKAGING,75.41,1.69
2026-09-23 06:59:25.151168,LINE-2-PACKAGING,75.38,2.02
2026-09-23 07:00:25.151168,LINE-2-PACKAGING,76.39,2.07
2026-09-23 07:01:25.151168,LINE-2-PACKAGING,73.03,1.99
2026-09-23 07:02:25.151168,LINE-2-PACKAGING,76.1,1.98
2026-09-23 07:03:25.151168,LINE-2-PACKAGING,73.55,2.14
2026-09-23 07:04:25.151168,LINE-2-PACKAGING,76.61,1.95
2026-09-23 07:05:25.151168,LINE-2-PACKAGING,73.96,2.03
2026-09-23 07:06:25.151168,LINE-2-PACKAGING,74.34,1.89
2026-09-23 07:07:25.151168,LINE-2-PACKAGING,74.53,2.11
2026-09-23 07:08:25.151168,LINE-2-PACKAGING,74.05,1.95
2026-09-23 07:09:25.151168,LINE-2-PACKAGING,75.88,2.07
2026-09-23 07:10:25.151168,LINE-2-PACKAGING,75.46,1.93
2026-09-23 07:11:25.151168,LINE-2-PACKAGING,73.83,1.92
2026-09-23 07:12:25.151168,LINE-2-PACKAGING,75.86,2.13
2026-09-23 07:13:25.151168,LINE-2-PACKAGING,75.04,1.97
2026-09-23 07:14:25.151168,LINE-2-PACKAGING,76.39,1.81
2026-09-23 07:15:25.151168,LINE-2-PACKAGING,74.44,1.83
2026-09-23 07:16:25.151168,LINE-2-PACKAGING,73.93,2.03
2026-09-23 07:17:25.151168,LINE-2-PACKAGING,74.61,2.08
2026-09-23 07:18:25.151168,LINE-2-PACKAGING,75.36,2.15
2026-09-23 07:19:25.151168,LINE-2-PACKAGING,74.14,1.78
2026-09-23 07:20:25.151168,LINE-2-PACKAGING,75.77,2.09
2026-09-23 07:21:25.151168,LINE-2-PACKAGING,74.93,1.82
2026-09-23 07:22:25.151168,LINE-2-PACKAGING,75.21,2.13
2026-09-23 07:23:25.151168,LINE-2-PACKAGING,74.43,1.85
2026-09-23 07:24:25.151168,LINE-2-PACKAGING,74.53,1.87
2026-09-23 07:25:25.151168,LINE-2-PACKAGING,75.16,1.92
2026-09-23 07:26:25.151168,LINE-2-PACKAGING,75.78,1.98
2026-09-23 07:27:25.151168,LINE-2-PACKAGING,76.38,2.18
2026-09-23 07:28:25.151168,LINE-2-PACKAGING,72.96,1.95
2026-09-23 07:29:25.151168,LINE-2-PACKAGING,74.14,2.15
2026-09-23 07:30:25.151168,LINE-2-PACKAGING,74.29,1.92
2026-09-23 07:31:25.151168,LINE-2-PACKAGING,74.55,2.15
2026-09-23 07:32:25.151168,LINE-2-PACKAGING,74.24,2.09
2026-09-23 07:33:25.151168,LINE-2-PACKAGING,75.05,2.13
2026-09-23 07:34:25.151168,LINE-2-PACKAGING,74.11,2.05
2026-09-23 07:35:25.151168,LINE-2-PACKAGING,74.82,2.01
2026-09-23 07:36:25.151168,LINE-2-PACKAGING,73.93,1.97
2026-09-23 07:37:25.151168,LINE-2-PACKAGING,76.08,1.76
2026-09-23 07:38:25.151168,LINE-2-PACKAGING,72.34,1.86
2026-09-23 07:39:25.151168,LINE-2-PACKAGING,74.32,1.98
2026-09-23 07:40:25.151168,LINE-2-PACKAGING,76.68,2.07
2026-09-23 07:41:25.151168,LINE-2-PACKAGING,76.1,2.07
2026-09-23 07:42:25.151168,LINE-2-PACKAGING,75.68,2.25
2026-09-23 07:43:25.151168,LINE-2-PACKAGING,76.32,1.98
2026-09-23 07:44:25.151168,LINE-2-PACKAGING,75.39,2.23
2026-09-23 07:45:25.151168,LINE-2-PACKAGING,72.58,2.0
2026-09-23 07:46:25.151168,LINE-2-PACKAGING,74.65,2.12
2026-09-23 07:47:25.151168,LINE-2-PACKAGING,73.85,1.9
2026-09-23 07:48:25.151168,LINE-2-PACKAGING,76.35,1.64
2026-09-23 07:49:25.151168,LINE-2-PACKAGING,76.75,2.1
2026-09-23 07:50:25.151168,LINE-2-PACKAGING,75.45,1.81
2026-09-23 07:51:25.151168,LINE-2-PACKAGING,75.01,1.84
2026-09-23 07:52:25.151168,LINE-2-PACKAGING,76.02,1.84
2026-09-23 07:53:25.151168,LINE-2-PACKAGING,75.08,2.27
2026-09-23 07:54:25.151168,LINE-2-PACKAGING,76.92,2.0
2026-09-23 07:55:25.151168,LINE-2-PACKAGING,74.72,2.15
2026-09-23 07:56:25.151168,LINE-2-PACKAGING,76.17,2.09
2026-09-23 07:57:25.151168,LINE-2-PACKAGING,74.62,2.11
2026-09-23 07:58:25.151168,LINE-2-PACKAGING,74.94,1.88
2026-09-23 07:59:25.151168,LINE-2-PACKAGING,73.21,2.32
2026-09-23 08:00:25.151168,LINE-2-PACKAGING,75.68,2.04
2026-09-23 08:01:25.151168,LINE-2-PACKAGING,76.89,2.05
2026-09-23 08:02:25.151168,LINE-2-PACKAGING,74.44,2.09
2026-09-23 08:03:25.151168,LINE-2-PACKAGING,74.09,2.05
2026-09-23 08:04:25.151168,LINE-2-PACKAGING,74.77,1.94
2026-09-23 08:05:25.151168,LINE-2-PACKAGING,74.38,2.08
2026-09-23 08:06:25.151168,LINE-2-PACKAGING,72.99,1.76
2026-09-23 08:07:25.151168,LINE-2-PACKAGING,73.51,1.9
2026-09-23 08:08:25.151168,LINE-2-PACKAGING,74.91,1.95
2026-09-23 08:09:25.151168,LINE-2-PACKAGING,75.2,1.68
2026-09-23 08:10:25.151168,LINE-2-PACKAGING,74.09,1.9
2026-09-23 08:11:25.151168,LINE-2-PACKAGING,74.1,2.0
2026-09-23 08:12:25.151168,LINE-2-PACKAGING,72.77,1.95
2026-09-23 08:13:25.151168,LINE-2-PACKAGING,75.72,1.93
2026-09-23 08:14:25.151168,LINE-2-PACKAGING,75.66,1.89
2026-09-23 08:15:25.151168,LINE-2-PACKAGING,73.31,2.1
2026-09-23 08:16:25.151168,LINE-2-PACKAGING,76.79,1.95
2026-09-23 08:17:25.151168,LINE-2-PACKAGING,73.86,1.88
2026-09-23 08:18:25.151168,LINE-2-PACKAGING,75.81,1.97
2026-09-23 08:19:25.151168,LINE-2-PACKAGING,75.26,1.95
2026-09-23 08:20:25.151168,LINE-2-PACKAGING,74.23,2.16
2026-09-23 08:21:25.151168,LINE-2-PACKAGING,75.29,2.07
2026-09-23 08:22:25.151168,LINE-2-PACKAGING,73.43,2.07
2026-09-23 08:23:25.151168,LINE-2-PACKAGING,75.84,2.2
2026-09-23 08:24:25.151168,LINE-2-PACKAGING,76.72,1.86
2026-09-23 08:25:25.151168,LINE-2-PACKAGING,74.21,2.14
2026-09-23 08:26:25.151168,LINE-2-PACKAGING,74.84,1.98
2026-09-23 08:27:25.151168,LINE-2-PACKAGING,77.05,1.89
2026-09-23 08:28:25.151168,LINE-2-PACKAGING,76.2,2.09
2026-09-23 08:29:25.151168,LINE-2-PACKAGING,75.94,1.99
2026-09-23 08:30:25.151168,LINE-2-PACKAGING,76.38,1.8
2026-09-23 08:31:25.151168,LINE-2-PACKAGING,74.3,1.95
2026-09-23 08:32:25.151168,LINE-2-PACKAGING,76.08,1.89
2026-09-23 08:33:25.151168,LINE-2-PACKAGING,76.25,1.87
2026-09-23 08:34:25.151168,LINE-2-PACKAGING,75.28,1.94
2026-09-23 08:35:25.151168,LINE-2-PACKAGING,73.96,2.11
2026-09-23 08:36:25.151168,LINE-2-PACKAGING,74.46,2.05
2026-09-23 08:37:25.151168,LINE-2-PACKAGING,74.37,1.96
2026-09-23 08:38:25.151168,LINE-2-PACKAGING,75.05,2.06
2026-09-23 08:39:25.151168,LINE-2-PACKAGING,75.05,1.8
2026-09-23 08:40:25.151168,LINE-2-PACKAGING,75.07,2.19
2026-09-23 08:41:25.151168,LINE-2-PACKAGING,73.83,1.92
2026-09-23 08:42:25.151168,LINE-2-PACKAGING,75.71,2.02
2026-09-23 08:43:25.151168,LINE-2-PACKAGING,76.11,2.22
2026-09-23 08:44:25.151168,LINE-2-PACKAGING,74.37,2.03
2026-09-23 08:45:25.151168,LINE-2-PACKAGING,74.55,2.05
2026-09-23 08:46:25.151168,LINE-2-PACKAGING,74.05,2.0
2026-09-23 08:47:25.151168,LINE-2-PACKAGING,74.55,2.31
2026-09-23 08:48:25.151168,LINE-2-PACKAGING,74.87,1.76
2026-09-23 08:49:25.151168,LINE-2-PACKAGING,73.5,2.21
2026-09-23 08:50:25.151168,LINE-2-PACKAGING,74.7,2.14
2026-09-23 08:51:25.151168,LINE-2-PACKAGING,76.23,1.98
2026-09-23 08:52:25.151168,LINE-2-PACKAGING,74.49,2.09
2026-09-23 08:53:25.151168,LINE-2-PACKAGING,74.34,1.98
2026-09-23 08:54:25.151168,LINE-2-PACKAGING,72.62,2.09
2026-09-23 08:55:25.151168,LINE-2-PACKAGING,73.78,2.2
2026-09-23 08:56:25.151168,LINE-2-PACKAGING,74.53,1.86
2026-09-23 08:57:25.151168,LINE-2-PACKAGING,73.3,2.0
2026-09-23 08:58:25.151168,LINE-2-PACKAGING,74.18,1.89
2026-09-23 08:59:25.151168,LINE-2-PACKAGING,76.07,2.1
2026-09-23 09:00:25.151168,LINE-2-PACKAGING,75.06,2.4
2026-09-23 09:01:25.151168,LINE-2-PACKAGING,74.59,1.91
2026-09-23 09:02:25.151168,LINE-2-PACKAGING,75.03,1.97
2026-09-23 09:03:25.151168,LINE-2-PACKAGING,75.68,1.95
2026-09-23 09:04:25.151168,LINE-2-PACKAGING,76.03,1.72
2026-09-23 09:05:25.151168,LINE-2-PACKAGING,75.77,1.98
2026-09-23 09:06:25.151168,LINE-2-PACKAGING,75.73,2.07
2026-09-23 09:07:25.151168,LINE-2-PACKAGING,74.21,1.82
2026-09-23 09:08:25.151168,LINE-2-PACKAGING,76.3,2.18
2026-09-23 09:09:25.151168,LINE-2-PACKAGING,74.33,2.06
2026-09-23 09:10:25.151168,LINE-2-PACKAGING,77.18,1.92
2026-09-23 09:11:25.151168,LINE-2-PACKAGING,76.79,2.06
2026-09-23 09:12:25.151168,LINE-2-PACKAGING,74.68,2.28
2026-09-23 09:13:25.151168,LINE-2-PACKAGING,73.49,1.89
2026-09-23 09:14:25.151168,LINE-2-PACKAGING,75.5,1.98
2026-09-23 09:15:25.151168,LINE-2-PACKAGING,86.48,2.35
2026-09-23 09:16:25.151168,LINE-2-PACKAGING,86.18,2.27
2026-09-23 09:17:25.151168,LINE-2-PACKAGING,85.94,2.45
2026-09-23 09:18:25.151168,LINE-2-PACKAGING,87.6,2.25
2026-09-23 09:19:25.151168,LINE-2-PACKAGING,85.37,2.4
2026-09-23 09:20:25.151168,LINE-2-PACKAGING,85.97,2.3
2026-09-23 09:21:25.151168,LINE-2-PACKAGING,88.79,2.48
2026-09-23 09:22:25.151168,LINE-2-PACKAGING,86.34,2.41
2026-09-23 09:23:25.151168,LINE-2-PACKAGING,85.44,2.2
2026-09-23 09:24:25.151168,LINE-2-PACKAGING,85.8,2.4
2026-09-23 09:25:25.151168,LINE-2-PACKAGING,85.98,2.5
2026-09-23 09:26:25.151168,LINE-2-PACKAGING,88.12,2.49
2026-09-23 09:27:25.151168,LINE-2-PACKAGING,85.67,2.4
2026-09-23 09:28:25.151168,LINE-2-PACKAGING,85.54,2.37
2026-09-23 09:29:25.151168,LINE-2-PACKAGING,85.32,2.37
2026-09-23 09:30:25.151168,LINE-2-PACKAGING,86.4,2.45
2026-09-23 09:31:25.151168,LINE-2-PACKAGING,86.01,2.63
2026-09-23 09:32:25.151168,LINE-2-PACKAGING,84.81,2.44
2026-09-23 09:33:25.151168,LINE-2-PACKAGING,86.35,2.24
2026-09-23 09:34:25.151168,LINE-2-PACKAGING,86.35,2.17
2026-09-23 09:35:25.151168,LINE-2-PACKAGING,86.51,2.45
2026-09-23 09:36:25.151168,LINE-2-PACKAGING,87.1,2.08
2026-09-23 09:37:25.151168,LINE-2-PACKAGING,85.85,2.65
2026-09-23 09:38:25.151168,LINE-2-PACKAGING,85.64,2.36
2026-09-23 09:39:25.151168,LINE-2-PACKAGING,87.35,2.5
2026-09-23 09:40:25.151168,LINE-2-PACKAGING,85.46,2.32
2026-09-23 09:41:25.151168,LINE-2-PACKAGING,86.96,2.51
2026-09-23 09:42:25.151168,LINE-2-PACKAGING,87.8,2.53
2026-09-23 09:43:25.151168,LINE-2-PACKAGING,85.69,2.37
2026-09-23 09:44:25.151168,LINE-2-PACKAGING,85.68,2.5
2026-09-23 09:45:25.151168,LINE-2-PACKAGING,86.23,2.54
2026-09-23 09:46:25.151168,LINE-2-PACKAGING,85.91,2.36
2026-09-23 09:47:25.151168,LINE-2-PACKAGING,86.46,2.27
2026-09-23 09:48:25.151168,LINE-2-PACKAGING,86.84,2.35
2026-09-23 09:49:25.151168,LINE-2-PACKAGING,87.48,2.07
2026-09-23 09:50:25.151168,LINE-2-PACKAGING,86.13,2.28
2026-09-23 09:51:25.151168,LINE-2-PACKAGING,85.9,2.27
2026-09-23 09:52:25.151168,LINE-2-PACKAGING,85.9,2.15
2026-09-23 09:53:25.151168,LINE-2-PACKAGING,86.7,2.33
2026-09-23 09:54:25.151168,LINE-2-PACKAGING,87.17,2.28
2026-09-23 09:55:25.151168,LINE-2-PACKAGING,86.08,2.25
2026-09-23 09:56:25.151168,LINE-2-PACKAGING,85.02,2.5
2026-09-23 09:57:25.151168,LINE-2-PACKAGING,85.91,2.44
2026-09-23 09:58:25.151168,LINE-2-PACKAGING,86.14,2.56
2026-09-23 09:59:25.151168,LINE-2-PACKAGING,85.83,2.29
2026-09-23 10:00:25.151168,LINE-2-PACKAGING,85.15,2.71
2026-09-23 10:01:25.151168,LINE-2-PACKAGING,85.63,2.32
2026-09-23 10:02:25.151168,LINE-2-PACKAGING,86.06,2.52
2026-09-23 10:03:25.151168,LINE-2-PACKAGING,85.7,2.25
2026-09-23 10:04:25.151168,LINE-2-PACKAGING,85.2,2.38
2026-09-23 10:05:25.151168,LINE-2-PACKAGING,85.93,2.46
2026-09-23 10:06:25.151168,LINE-2-PACKAGING,85.27,2.4
2026-09-23 10:07:25.151168,LINE-2-PACKAGING,86.56,2.25
2026-09-23 10:08:25.151168,LINE-2-PACKAGING,88.11,2.35
2026-09-23 10:09:25.151168,LINE-2-PACKAGING,85.01,2.51
2026-09-23 10:10:25.151168,LINE-2-PACKAGING,85.76,2.29
2026-09-23 10:11:25.151168,LINE-2-PACKAGING,85.98,2.48
2026-09-23 10:12:25.151168,LINE-2-PACKAGING,85.82,2.3
2026-09-23 10:13:25.151168,LINE-2-PACKAGING,85.6,2.35
2026-09-23 10:14:25.151168,LINE-2-PACKAGING,86.19,2.59
2026-09-23 10:15:25.151168,LINE-2-PACKAGING,87.64,1.98
2026-09-23 10:16:25.151168,LINE-2-PACKAGING,86.84,2.38
2026-09-23 10:17:25.151168,LINE-2-PACKAGING,85.81,2.2
2026-09-23 10:18:25.151168,LINE-2-PACKAGING,86.26,2.37
2026-09-23 10:19:25.151168,LINE-2-PACKAGING,85.7,2.32
2026-09-23 10:20:25.151168,LINE-2-PACKAGING,85.97,2.34
2026-09-23 10:21:25.151168,LINE-2-PACKAGING,85.21,2.48
2026-09-23 10:22:25.151168,LINE-2-PACKAGING,85.83,2.34
2026-09-23 10:23:25.151168,LINE-2-PACKAGING,85.97,2.55
2026-09-23 10:24:25.151168,LINE-2-PACKAGING,84.48,2.52
2026-09-23 10:25:25.151168,LINE-2-PACKAGING,86.59,2.48
2026-09-23 10:26:25.151168,LINE-2-PACKAGING,87.27,2.44
2026-09-23 10:27:25.151168,LINE-2-PACKAGING,85.69,2.36
2026-09-23 10:28:25.151168,LINE-2-PACKAGING,86.28,2.28
2026-09-23 10:29:25.151168,LINE-2-PACKAGING,85.77,2.38
2026-09-23 10:30:25.151168,LINE-2-PACKAGING,86.84,2.37
2026-09-23 10:31:25.151168,LINE-2-PACKAGING,87.21,2.53
2026-09-23 10:32:25.151168,LINE-2-PACKAGING,84.92,2.56
2026-09-23 10:33:25.151168,LINE-2-PACKAGING,85.41,2.21
2026-09-23 10:34:25.151168,LINE-2-PACKAGING,86.36,2.53
2026-09-23 10:35:25.151168,LINE-2-PACKAGING,86.07,2.61
2026-09-23 10:36:25.151168,LINE-2-PACKAGING,86.78,2.3
2026-09-23 10:37:25.151168,LINE-2-PACKAGING,86.71,2.41
2026-09-23 10:38:25.151168,LINE-2-PACKAGING,86.75,2.42
2026-09-23 10:39:25.151168,LINE-2-PACKAGING,87.51,2.36
2026-09-23 10:40:25.151168,LINE-2-PACKAGING,85.43,2.13
2026-09-23 10:41:25.151168,LINE-2-PACKAGING,86.59,2.17
2026-09-23 10:42:25.151168,LINE-2-PACKAGING,86.81,2.23
2026-09-23 10:43:25.151168,LINE-2-PACKAGING,86.66,2.14
2026-09-23 10:44:25.151168,LINE-2-PACKAGING,85.09,2.09
2026-09-23 10:45:25.151168,LINE-2-PACKAGING,88.26,2.42
2026-09-23 10:46:25.151168,LINE-2-PACKAGING,86.17,2.28
2026-09-23 10:47:25.151168,LINE-2-PACKAGING,86.02,2.36
2026-09-23 10:48:25.151168,LINE-2-PACKAGING,86.73,2.22
2026-09-23 10:49:25.151168,LINE-2-PACKAGING,86.33,2.36
2026-09-23 10:50:25.151168,LINE-2-PACKAGING,85.61,2.54
2026-09-23 10:51:25.151168,LINE-2-PACKAGING,84.11,2.27
2026-09-23 10:52:25.151168,LINE-2-PACKAGING,85.91,2.84
2026-09-23 10:53:25.151168,LINE-2-PACKAGING,85.85,2.3
2026-09-23 10:54:25.151168,LINE-2-PACKAGING,84.41,2.56
2026-09-23 10:55:25.151168,LINE-2-PACKAGING,86.33,2.5
2026-09-23 10:56:25.151168,LINE-2-PACKAGING,86.36,2.49
2026-09-23 10:57:25.151168,LINE-2-PACKAGING,85.14,2.78
2026-09-23 10:58:25.151168,LINE-2-PACKAGING,85.4,2.38
2026-09-23 10:59:25.151168,LINE-2-PACKAGING,86.18,2.5
2026-09-23 11:00:25.151168,LINE-2-PACKAGING,87.65,2.63
2026-09-23 11:01:25.151168,LINE-2-PACKAGING,86.25,2.69
2026-09-23 11:02:25.151168,LINE-2-PACKAGING,85.55,2.39
2026-09-23 11:03:25.151168,LINE-2-PACKAGING,85.31,2.52
2026-09-23 11:04:25.151168,LINE-2-PACKAGING,84.94,2.23
2026-09-23 11:05:25.151168,LINE-2-PACKAGING,87.11,2.21
2026-09-23 11:06:25.151168,LINE-2-PACKAGING,86.1,2.22
2026-09-23 11:07:25.151168,LINE-2-PACKAGING,86.32,2.22
2026-09-23 11:08:25.151168,LINE-2-PACKAGING,86.81,2.49
2026-09-23 11:09:25.151168,LINE-2-PACKAGING,87.92,2.26
2026-09-23 11:10:25.151168,LINE-2-PACKAGING,86.4,2.38
2026-09-23 11:11:25.151168,LINE-2-PACKAGING,87.1,2.5
2026-09-23 11:12:25.151168,LINE-2-PACKAGING,85.8,2.38
2026-09-23 11:13:25.151168,LINE-2-PACKAGING,85.68,2.5
2026-09-23 11:14:25.151168,LINE-2-PACKAGING,87.15,2.64
2026-09-23 11:15:25.151168,LINE-2-PACKAGING,85.87,2.37
2026-09-23 11:16:25.151168,LINE-2-PACKAGING,84.45,2.51
2026-09-23 11:17:25.151168,LINE-2-PACKAGING,85.4,2.38
2026-09-23 11:18:25.151168,LINE-2-PACKAGING,86.93,2.3
2026-09-23 11:19:25.151168,LINE-2-PACKAGING,86.83,2.35
2026-09-23 11:20:25.151168,LINE-2-PACKAGING,86.05,2.56
2026-09-23 11:21:25.151168,LINE-2-PACKAGING,86.21,2.5
2026-09-23 11:22:25.151168,LINE-2-PACKAGING,85.95,2.39
2026-09-23 11:23:25.151168,LINE-2-PACKAGING,83.53,2.4
2026-09-23 11:24:25.151168,LINE-2-PACKAGING,87.21,2.25
2026-09-23 11:25:25.151168,LINE-2-PACKAGING,85.28,2.38
2026-09-23 11:26:25.151168,LINE-2-PACKAGING,86.86,2.28
2026-09-23 11:27:25.151168,LINE-2-PACKAGING,86.57,2.54
2026-09-23 11:28:25.151168,LINE-2-PACKAGING,86.5,2.59
2026-09-23 11:29:25.151168,LINE-2-PACKAGING,86.1,2.3
2026-09-23 11:30:25.151168,LINE-2-PACKAGING,86.42,2.42
2026-09-23 11:31:25.151168,LINE-2-PACKAGING,88.46,2.15
2026-09-23 11:32:25.151168,LINE-2-PACKAGING,88.68,2.44
2026-09-23 11:33:25.151168,LINE-2-PACKAGING,86.0,2.49
2026-09-23 11:34:25.151168,LINE-2-PACKAGING,87.0,2.48
2026-09-23 11:35:25.151168,LINE-2-PACKAGING,87.12,2.21
2026-09-23 11:36:25.151168,LINE-2-PACKAGING,86.7,2.6
2026-09-23 11:37:25.151168,LINE-2-PACKAGING,86.81,2.43
2026-09-23 11:38:25.151168,LINE-2-PACKAGING,86.39,2.07
2026-09-23 11:39:25.151168,LINE-2-PACKAGING,85.54,2.26
2026-09-23 11:40:25.151168,LINE-2-PACKAGING,86.9,2.47
2026-09-23 11:41:25.151168,LINE-2-PACKAGING,85.04,2.48
2026-09-23 11:42:25.151168,LINE-2-PACKAGING,85.37,2.4
2026-09-23 11:43:25.151168,LINE-2-PACKAGING,86.3,2.18
2026-09-23 11:44:25.151168,LINE-2-PACKAGING,85.94,2.25
2026-09-23 11:45:25.151168,LINE-2-PACKAGING,85.18,2.34
2026-09-23 11:46:25.151168,LINE-2-PACKAGING,84.17,2.45
2026-09-23 11:47:25.151168,LINE-2-PACKAGING,85.75,2.49
2026-09-23 11:48:25.151168,LINE-2-PACKAGING,87.43,2.49
2026-09-23 11:49:25.151168,LINE-2-PACKAGING,85.36,2.67
2026-09-23 11:50:25.151168,LINE-2-PACKAGING,89.09,2.7
2026-09-23 11:51:25.151168,LINE-2-PACKAGING,85.92,2.52
2026-09-23 11:52:25.151168,LINE-2-PACKAGING,85.59,2.49
2026-09-23 11:53:25.151168,LINE-2-PACKAGING,86.39,2.3
2026-09-23 11:54:25.151168,LINE-2-PACKAGING,85.86,2.22
2026-09-23 11:55:25.151168,LINE-2-PACKAGING,86.93,2.52
2026-09-23 11:56:25.151168,LINE-2-PACKAGING,87.55,2.45
2026-09-23 11:57:25.151168,LINE-2-PACKAGING,86.51,2.33
2026-09-23 11:58:25.151168,LINE-2-PACKAGING,85.41,2.33
2026-09-23 11:59:25.151168,LINE-2-PACKAGING,86.04,2.43
2026-09-23 12:00:25.151168,LINE-2-PACKAGING,85.45,2.59
2026-09-23 12:01:25.151168,LINE-2-PACKAGING,87.04,2.6
2026-09-23 12:02:25.151168,LINE-2-PACKAGING,86.02,2.21
2026-09-23 12:03:25.151168,LINE-2-PACKAGING,87.23,2.41
2026-09-23 12:04:25.151168,LINE-2-PACKAGING,86.73,2.06
2026-09-23 12:05:25.151168,LINE-2-PACKAGING,87.31,2.39
2026-09-23 12:06:25.151168,LINE-2-PACKAGING,86.04,2.33
2026-09-23 12:07:25.151168,LINE-2-PACKAGING,86.46,2.39
2026-09-23 12:08:25.151168,LINE-2-PACKAGING,85.3,2.17
2026-09-23 12:09:25.151168,LINE-2-PACKAGING,86.33,2.41
2026-09-23 12:10:25.151168,LINE-2-PACKAGING,86.8,2.19
2026-09-23 12:11:25.151168,LINE-2-PACKAGING,87.12,2.51
2026-09-23 12:12:25.151168,LINE-2-PACKAGING,86.75,2.39
2026-09-23 12:13:25.151168,LINE-2-PACKAGING,85.89,2.38
2026-09-23 12:14:25.151168,LINE-2-PACKAGING,87.31,2.48
2026-09-23 12:15:25.151168,LINE-2-PACKAGING,86.97,2.43
2026-09-23 12:16:25.151168,LINE-2-PACKAGING,85.91,2.31
2026-09-23 12:17:25.151168,LINE-2-PACKAGING,87.02,2.66
2026-09-23 12:18:25.151168,LINE-2-PACKAGING,86.92,2.54
2026-09-23 12:19:25.151168,LINE-2-PACKAGING,86.15,2.44
2026-09-23 12:20:25.151168,LINE-2-PACKAGING,86.46,2.35
2026-09-23 12:21:25.151168,LINE-2-PACKAGING,86.22,2.58
2026-09-23 12:22:25.151168,LINE-2-PACKAGING,89.3,2.4
2026-09-23 12:23:25.151168,LINE-2-PACKAGING,86.75,2.28
2026-09-23 12:24:25.151168,LINE-2-PACKAGING,85.36,2.76
2026-09-23 12:25:25.151168,LINE-2-PACKAGING,84.57,2.55
2026-09-23 12:26:25.151168,LINE-2-PACKAGING,83.95,2.2
2026-09-23 12:27:25.151168,LINE-2-PACKAGING,84.8,2.3
2026-09-23 12:28:25.151168,LINE-2-PACKAGING,87.62,2.41
2026-09-23 12:29:25.151168,LINE-2-PACKAGING,86.31,2.21
2026-09-23 12:30:25.151168,LINE-2-PACKAGING,84.93,2.53
2026-09-23 12:31:25.151168,LINE-2-PACKAGING,86.43,2.33
2026-09-23 12:32:25.151168,LINE-2-PACKAGING,85.47,2.46
2026-09-23 12:33:25.151168,LINE-2-PACKAGING,84.21,2.23
2026-09-23 12:34:25.151168,LINE-2-PACKAGING,87.26,2.39
2026-09-23 12:35:25.151168,LINE-2-PACKAGING,86.36,2.59
2026-09-23 12:36:25.151168,LINE-2-PACKAGING,88.81,2.61
2026-09-23 12:37:25.151168,LINE-2-PACKAGING,85.71,2.38
2026-09-23 12:38:25.151168,LINE-2-PACKAGING,85.9,2.05
2026-09-23 12:39:25.151168,LINE-2-PACKAGING,87.79,2.25
2026-09-23 12:40:25.151168,LINE-2-PACKAGING,87.76,2.36
2026-09-23 12:41:25.151168,LINE-2-PACKAGING,86.58,2.56
2026-09-23 12:42:25.151168,LINE-2-PACKAGING,86.55,2.28
2026-09-23 12:43:25.151168,LINE-2-PACKAGING,86.73,2.41
2026-09-23 12:44:25.151168,LINE-2-PACKAGING,85.45,2.35
2026-09-23 12:45:25.151168,LINE-2-PACKAGING,85.68,2.41
2026-09-23 12:46:25.151168,LINE-2-PACKAGING,86.03,2.44
2026-09-23 12:47:25.151168,LINE-2-PACKAGING,87.04,2.2
2026-09-23 12:48:25.151168,LINE-2-PACKAGING,86.61,2.38
2026-09-23 12:49:25.151168,LINE-2-PACKAGING,86.08,2.16
2026-09-23 12:50:25.151168,LINE-2-PACKAGING,88.19,2.47
2026-09-23 12:51:25.151168,LINE-2-PACKAGING,86.84,2.27
2026-09-23 12:52:25.151168,LINE-2-PACKAGING,85.94,2.45
2026-09-23 12:53:25.151168,LINE-2-PACKAGING,85.76,2.27
2026-09-23 12:54:25.151168,LINE-2-PACKAGING,86.6,2.35
2026-09-23 12:55:25.151168,LINE-2-PACKAGING,86.29,2.41
2026-09-23 12:56:25.151168,LINE-2-PACKAGING,86.62,2.59
2026-09-23 12:57:25.151168,LINE-2-PACKAGING,86.39,2.56
2026-09-23 12:58:25.151168,LINE-2-PACKAGING,87.49,2.1
2026-09-23 12:59:25.151168,LINE-2-PACKAGING,85.55,2.52
2026-09-23 13:00:25.151168,LINE-2-PACKAGING,84.66,2.41
2026-09-23 13:01:25.151168,LINE-2-PACKAGING,85.23,2.19
2026-09-23 13:02:25.151168,LINE-2-PACKAGING,87.89,2.27
2026-09-23 13:03:25.151168,LINE-2-PACKAGING,86.04,2.33
2026-09-23 13:04:25.151168,LINE-2-PACKAGING,84.48,2.62
2026-09-23 13:05:25.151168,LINE-2-PACKAGING,85.65,2.3
2026-09-23 13:06:25.151168,LINE-2-PACKAGING,85.1,2.2
2026-09-23 13:07:25.151168,LINE-2-PACKAGING,86.88,2.47
2026-09-23 13:08:25.151168,LINE-2-PACKAGING,87.43,2.43
2026-09-23 13:09:25.151168,LINE-2-PACKAGING,85.7,2.19
2026-09-23 13:10:25.151168,LINE-2-PACKAGING,85.8,2.29
2026-09-23 13:11:25.151168,LINE-2-PACKAGING,87.01,2.51
2026-09-23 13:12:25.151168,LINE-2-PACKAGING,86.65,2.45
2026-09-23 13:13:25.151168,LINE-2-PACKAGING,86.6,2.56
2026-09-23 13:14:25.151168,LINE-2-PACKAGING,86.8,2.38
2026-09-23 13:15:25.151168,LINE-2-PACKAGING,85.41,2.45
2026-09-23 13:16:25.151168,LINE-2-PACKAGING,84.68,2.39
2026-09-23 13:17:25.151168,LINE-2-PACKAGING,87.6,2.57
2026-09-23 13:18:25.151168,LINE-2-PACKAGING,87.35,2.07
2026-09-23 13:19:25.151168,LINE-2-PACKAGING,85.27,2.4
2026-09-23 13:20:25.151168,LINE-2-PACKAGING,86.75,2.34
2026-09-23 13:21:25.151168,LINE-2-PACKAGING,86.78,2.44
2026-09-23 13:22:25.151168,LINE-2-PACKAGING,86.21,2.61
2026-09-23 13:23:25.151168,LINE-2-PACKAGING,86.38,2.47
2026-09-23 13:24:25.151168,LINE-2-PACKAGING,88.75,2.58
2026-09-23 13:25:25.151168,LINE-2-PACKAGING,87.21,2.51
2026-09-23 13:26:25.151168,LINE-2-PACKAGING,87.56,2.51
2026-09-23 13:27:25.151168,LINE-2-PACKAGING,86.31,2.45
2026-09-23 13:28:25.151168,LINE-2-PACKAGING,85.0,2.42
2026-09-23 13:29:25.151168,LINE-2-PACKAGING,86.25,2.18
2026-09-23 13:30:25.151168,LINE-2-PACKAGING,84.31,2.71
2026-09-23 13:31:25.151168,LINE-2-PACKAGING,85.78,2.47
2026-09-23 13:32:25.151168,LINE-2-PACKAGING,86.16,2.23
2026-09-23 13:33:25.151168,LINE-2-PACKAGING,86.74,2.11
2026-09-23 13:34:25.151168,LINE-2-PACKAGING,85.54,2.28
2026-09-23 13:35:25.151168,LINE-2-PACKAGING,86.27,2.58
2026-09-23 13:36:25.151168,LINE-2-PACKAGING,86.37,2.33
2026-09-23 13:37:25.151168,LINE-2-PACKAGING,84.64,2.65
2026-09-23 13:38:25.151168,LINE-2-PACKAGING,85.97,2.32
2026-09-23 13:39:25.151168,LINE-2-PACKAGING,88.72,2.13
2026-09-23 13:40:25.151168,LINE-2-PACKAGING,86.72,2.37
2026-09-23 13:41:25.151168,LINE-2-PACKAGING,85.15,2.32
2026-09-23 13:42:25.151168,LINE-2-PACKAGING,85.09,2.48
2026-09-23 13:43:25.151168,LINE-2-PACKAGING,84.95,2.5
2026-09-23 13:44:25.151168,LINE-2-PACKAGING,85.91,2.35
2026-09-23 13:45:25.151168,LINE-2-PACKAGING,85.09,2.28
2026-09-23 13:46:25.151168,LINE-2-PACKAGING,85.77,2.51
2026-09-23 13:47:25.151168,LINE-2-PACKAGING,87.29,2.35
2026-09-23 13:48:25.151168,LINE-2-PACKAGING,87.87,2.35
2026-09-23 13:49:25.151168,LINE-2-PACKAGING,87.89,2.25
2026-09-23 13:50:25.151168,LINE-2-PACKAGING,84.91,2.31
2026-09-23 13:51:25.151168,LINE-2-PACKAGING,86.17,2.44
2026-09-23 13:52:25.151168,LINE-2-PACKAGING,86.32,2.26
2026-09-23 13:53:25.151168,LINE-2-PACKAGING,86.02,2.25
2026-09-23 13:54:25.151168,LINE-2-PACKAGING,87.55,2.35
2026-09-23 13:55:25.151168,LINE-2-PACKAGING,85.88,2.31
2026-09-23 13:56:25.151168,LINE-2-PACKAGING,87.05,2.57
2026-09-23 13:57:25.151168,LINE-2-PACKAGING,86.82,2.35
2026-09-23 13:58:25.151168,LINE-2-PACKAGING,84.69,2.54
2026-09-23 13:59:25.151168,LINE-2-PACKAGING,86.01,2.07
2026-09-23 14:00:25.151168,LINE-2-PACKAGING,85.24,2.19
2026-09-23 14:01:25.151168,LINE-2-PACKAGING,86.03,2.34
2026-09-23 14:02:25.151168,LINE-2-PACKAGING,86.94,2.17
2026-09-23 14:03:25.151168,LINE-2-PACKAGING,85.77,2.71
2026-09-23 14:04:25.151168,LINE-2-PACKAGING,85.97,2.37
2026-09-23 14:05:25.151168,LINE-2-PACKAGING,84.72,2.14
2026-09-23 14:06:25.151168,LINE-2-PACKAGING,86.66,2.43
2026-09-23 14:07:25.151168,LINE-2-PACKAGING,86.14,2.59
2026-09-23 14:08:25.151168,LINE-2-PACKAGING,85.87,2.5
2026-09-23 14:09:25.151168,LINE-2-PACKAGING,85.42,2.39
2026-09-23 14:10:25.151168,LINE-2-PACKAGING,85.74,2.46
2026-09-23 14:11:25.151168,LINE-2-PACKAGING,87.19,2.36
2026-09-23 14:12:25.151168,LINE-2-PACKAGING,85.98,2.4
2026-09-23 14:13:25.151168,LINE-2-PACKAGING,84.73,2.21
2026-09-23 14:14:25.151168,LINE-2-PACKAGING,86.12,2.46
2026-09-23 14:15:25.151168,LINE-2-PACKAGING,86.2,2.37
2026-09-23 14:16:25.151168,LINE-2-PACKAGING,75.2,2.15
2026-09-23 14:17:25.151168,LINE-2-PACKAGING,76.41,2.02
2026-09-23 14:18:25.151168,LINE-2-PACKAGING,73.4,1.84
2026-09-23 14:19:25.151168,LINE-2-PACKAGING,75.64,2.09
2026-09-23 14:20:25.151168,LINE-2-PACKAGING,74.0,2.09
2026-09-23 14:21:25.151168,LINE-2-PACKAGING,74.3,2.11
2026-09-23 14:22:25.151168,LINE-2-PACKAGING,74.74,2.14
2026-09-23 14:23:25.151168,LINE-2-PACKAGING,72.92,1.97
2026-09-23 14:24:25.151168,LINE-2-PACKAGING,74.85,2.11
2026-09-23 14:25:25.151168,LINE-2-PACKAGING,76.42,1.99
2026-09-23 14:26:25.151168,LINE-2-PACKAGING,74.99,2.03
2026-09-23 14:27:25.151168,LINE-2-PACKAGING,76.13,1.97
2026-09-23 14:28:25.151168,LINE-2-PACKAGING,75.38,2.19
2026-09-23 14:29:25.151168,LINE-2-PACKAGING,75.8,1.95
2026-09-23 14:30:25.151168,LINE-2-PACKAGING,77.28,2.24
2026-09-23 14:31:25.151168,LINE-2-PACKAGING,75.07,2.06
2026-09-23 14:32:25.151168,LINE-2-PACKAGING,73.68,2.02
2026-09-23 14:33:25.151168,LINE-2-PACKAGING,75.43,1.73
2026-09-23 14:34:25.151168,LINE-2-PACKAGING,74.32,2.09
2026-09-23 14:35:25.151168,LINE-2-PACKAGING,73.46,1.96
2026-09-23 14:36:25.151168,LINE-2-PACKAGING,74.8,1.91
2026-09-23 14:37:25.151168,LINE-2-PACKAGING,76.64,1.83
2026-09-23 14:38:25.151168,LINE-2-PACKAGING,73.72,2.08
2026-09-23 14:39:25.151168,LINE-2-PACKAGING,75.39,2.32
2026-09-23 14:40:25.151168,LINE-2-PACKAGING,74.73,1.72
2026-09-23 14:41:25.151168,LINE-2-PACKAGING,76.21,1.91
2026-09-23 14:42:25.151168,LINE-2-PACKAGING,74.72,2.06
2026-09-23 14:43:25.151168,LINE-2-PACKAGING,74.43,2.06
2026-09-23 14:44:25.151168,LINE-2-PACKAGING,76.01,1.83
2026-09-23 14:45:25.151168,LINE-2-PACKAGING,74.41,1.93
2026-09-23 14:46:25.151168,LINE-2-PACKAGING,74.69,1.78
2026-09-23 14:47:25.151168,LINE-2-PACKAGING,74.77,1.78
2026-09-23 14:48:25.151168,LINE-2-PACKAGING,74.16,2.09
2026-09-23 14:49:25.151168,LINE-2-PACKAGING,74.86,2.15
2026-09-23 14:50:25.151168,LINE-2-PACKAGING,75.77,2.12
2026-09-23 14:51:25.151168,LINE-2-PACKAGING,75.05,1.83
2026-09-23 14:52:25.151168,LINE-2-PACKAGING,74.85,2.1
2026-09-23 14:53:25.151168,LINE-2-PACKAGING,75.39,2.1
2026-09-23 14:54:25.151168,LINE-2-PACKAGING,73.9,1.86
2026-09-23 14:55:25.151168,LINE-2-PACKAGING,75.82,1.63
2026-09-23 14:56:25.151168,LINE-2-PACKAGING,75.44,1.89
2026-09-23 14:57:25.151168,LINE-2-PACKAGING,76.23,2.36
2026-09-23 14:58:25.151168,LINE-2-PACKAGING,75.78,1.91
2026-09-23 14:59:25.151168,LINE-2-PACKAGING,74.94,1.96
2026-09-23 15:00:25.151168,LINE-2-PACKAGING,76.43,1.95
2026-09-23 15:01:25.151168,LINE-2-PACKAGING,75.64,1.8
2026-09-23 15:02:25.151168,LINE-2-PACKAGING,73.27,1.92
2026-09-23 15:03:25.151168,LINE-2-PACKAGING,75.08,1.91
2026-09-23 15:04:25.151168,LINE-2-PACKAGING,76.21,1.83
2026-09-23 15:05:25.151168,LINE-2-PACKAGING,74.25,1.88
2026-09-23 15:06:25.151168,LINE-2-PACKAGING,74.15,2.04
2026-09-23 15:07:25.151168,LINE-2-PACKAGING,74.18,1.98
2026-09-23 15:08:25.151168,LINE-2-PACKAGING,76.0,1.84
2026-09-23 15:09:25.151168,LINE-2-PACKAGING,72.8,2.05
2026-09-23 15:10:25.151168,LINE-2-PACKAGING,76.23,2.1
2026-09-23 15:11:25.151168,LINE-2-PACKAGING,76.87,2.04
2026-09-23 15:12:25.151168,LINE-2-PACKAGING,73.75,2.13
2026-09-23 15:13:25.151168,LINE-2-PACKAGING,74.69,2.02
2026-09-23 15:14:25.151168,LINE-2-PACKAGING,75.88,1.91
2026-09-23 15:15:25.151168,LINE-2-PACKAGING,74.87,2.16
2026-09-23 15:16:25.151168,LINE-2-PACKAGING,75.0,2.14
2026-09-23 15:17:25.151168,LINE-2-PACKAGING,75.11,1.91
2026-09-23 15:18:25.151168,LINE-2-PACKAGING,76.37,1.91
2026-09-23 15:19:25.151168,LINE-2-PACKAGING,75.25,2.13
2026-09-23 15:20:25.151168,LINE-2-PACKAGING,75.74,1.99
2026-09-23 15:21:25.151168,LINE-2-PACKAGING,74.32,2.07
2026-09-23 15:22:25.151168,LINE-2-PACKAGING,75.65,2.19
2026-09-23 15:23:25.151168,LINE-2-PACKAGING,74.17,2.03
2026-09-23 15:24:25.151168,LINE-2-PACKAGING,73.09,1.89
2026-09-23 15:25:25.151168,LINE-2-PACKAGING,73.95,2.02
2026-09-23 15:26:25.151168,LINE-2-PACKAGING,74.55,2.06
2026-09-23 15:27:25.151168,LINE-2-PACKAGING,75.44,2.14
2026-09-23 15:28:25.151168,LINE-2-PACKAGING,76.03,1.98
2026-09-23 15:29:25.151168,LINE-2-PACKAGING,74.4,2.19
2026-09-23 15:30:25.151168,LINE-2-PACKAGING,74.65,2.05
2026-09-23 15:31:25.151168,LINE-2-PACKAGING,75.23,1.97
2026-09-23 15:32:25.151168,LINE-2-PACKAGING,75.49,2.07
2026-09-23 15:33:25.151168,LINE-2-PACKAGING,74.36,1.89
2026-09-23 15:34:25.151168,LINE-2-PACKAGING,73.8,1.96
2026-09-23 15:35:25.151168,LINE-2-PACKAGING,75.4,1.91
2026-09-23 15:36:25.151168,LINE-2-PACKAGING,73.65,1.76
2026-09-23 15:37:25.151168,LINE-2-PACKAGING,74.51,2.06
2026-09-23 15:38:25.151168,LINE-2-PACKAGING,76.17,1.89
2026-09-23 15:39:25.151168,LINE-2-PACKAGING,74.24,2.18
2026-09-23 15:40:25.151168,LINE-2-PACKAGING,73.49,2.07
2026-09-23 15:41:25.151168,LINE-2-PACKAGING,75.18,1.98
2026-09-23 15:42:25.151168,LINE-2-PACKAGING,75.28,2.12
2026-09-23 15:43:25.151168,LINE-2-PACKAGING,74.12,2.1
2026-09-23 15:44:25.151168,LINE-2-PACKAGING,74.07,1.95
2026-09-23 15:45:25.151168,LINE-2-PACKAGING,76.52,1.83
2026-09-23 15:46:25.151168,LINE-2-PACKAGING,75.21,2.09
2026-09-23 15:47:25.151168,LINE-2-PACKAGING,75.56,2.1
2026-09-23 15:48:25.151168,LINE-2-PACKAGING,75.22,1.8
2026-09-23 15:49:25.151168,LINE-2-PACKAGING,74.13,2.19
2026-09-23 15:50:25.151168,LINE-2-PACKAGING,74.73,2.17
2026-09-23 15:51:25.151168,LINE-2-PACKAGING,74.97,1.95
2026-09-23 15:52:25.151168,LINE-2-PACKAGING,75.84,2.0
2026-09-23 15:53:25.151168,LINE-2-PACKAGING,75.07,2.12
2026-09-23 15:54:25.151168,LINE-2-PACKAGING,74.91,2.2
2026-09-23 15:55:25.151168,LINE-2-PACKAGING,73.28,1.97
2026-09-23 15:56:25.151168,LINE-2-PACKAGING,75.31,1.83
2026-09-23 15:57:25.151168,LINE-2-PACKAGING,75.72,2.04
2026-09-23 15:58:25.151168,LINE-2-PACKAGING,76.89,2.06
2026-09-23 15:59:25.151168,LINE-2-PACKAGING,75.42,2.07
2026-09-23 16:00:25.151168,LINE-2-PACKAGING,74.0,1.95
2026-09-23 16:01:25.151168,LINE-2-PACKAGING,75.31,2.19
2026-09-23 16:02:25.151168,LINE-2-PACKAGING,74.59,2.27
2026-09-23 16:03:25.151168,LINE-2-PACKAGING,75.0,2.15
2026-09-23 16:04:25.151168,LINE-2-PACKAGING,76.74,2.02
2026-09-23 16:05:25.151168,LINE-2-PACKAGING,74.78,2.03
2026-09-23 16:06:25.151168,LINE-2-PACKAGING,76.96,2.08
2026-09-23 16:07:25.151168,LINE-2-PACKAGING,74.83,2.22
2026-09-23 16:08:25.151168,LINE-2-PACKAGING,73.79,1.92
2026-09-23 16:09:25.151168,LINE-2-PACKAGING,76.28,2.02
2026-09-23 16:10:25.151168,LINE-2-PACKAGING,72.31,2.09
2026-09-23 16:11:25.151168,LINE-2-PACKAGING,75.94,2.12
2026-09-23 16:12:25.151168,LINE-2-PACKAGING,77.35,1.65
2026-09-23 16:13:25.151168,LINE-2-PACKAGING,74.93,2.05
2026-09-23 16:14:25.151168,LINE-2-PACKAGING,73.01,1.7
2026-09-23 16:15:25.151168,LINE-2-PACKAGING,75.99,2.12
2026-09-23 16:16:25.151168,LINE-2-PACKAGING,75.74,1.86
2026-09-23 16:17:25.151168,LINE-2-PACKAGING,72.87,2.26
2026-09-23 16:18:25.151168,LINE-2-PACKAGING,73.66,1.72
2026-09-23 16:19:25.151168,LINE-2-PACKAGING,75.15,1.97
2026-09-23 16:20:25.151168,LINE-2-PACKAGING,73.48,1.9
2026-09-23 16:21:25.151168,LINE-2-PACKAGING,74.64,2.06
2026-09-23 16:22:25.151168,LINE-2-PACKAGING,75.88,1.96
2026-09-23 16:23:25.151168,LINE-2-PACKAGING,73.72,1.82
2026-09-23 16:24:25.151168,LINE-2-PACKAGING,74.64,1.93
2026-09-23 16:25:25.151168,LINE-2-PACKAGING,75.72,1.89
2026-09-23 16:26:25.151168,LINE-2-PACKAGING,74.17,1.91
2026-09-23 16:27:25.151168,LINE-2-PACKAGING,72.58,1.99
2026-09-23 16:28:25.151168,LINE-2-PACKAGING,74.73,1.8
2026-09-23 16:29:25.151168,LINE-2-PACKAGING,73.8,1.91
2026-09-23 16:30:25.151168,LINE-2-PACKAGING,76.96,2.14
2026-09-23 16:31:25.151168,LINE-2-PACKAGING,73.7,2.06
2026-09-23 16:32:25.151168,LINE-2-PACKAGING,73.63,2.04
2026-09-23 16:33:25.151168,LINE-2-PACKAGING,75.29,2.08
2026-09-23 16:34:25.151168,LINE-2-PACKAGING,76.79,2.1
2026-09-23 16:35:25.151168,LINE-2-PACKAGING,75.6,1.84
2026-09-23 16:36:25.151168,LINE-2-PACKAGING,74.74,1.69
2026-09-23 16:37:25.151168,LINE-2-PACKAGING,74.12,1.74
2026-09-23 16:38:25.151168,LINE-2-PACKAGING,74.23,2.21
2026-09-23 16:39:25.151168,LINE-2-PACKAGING,74.63,2.2
2026-09-23 16:40:25.151168,LINE-2-PACKAGING,74.18,2.01
2026-09-23 16:41:25.151168,LINE-2-PACKAGING,74.69,2.29
2026-09-23 16:42:25.151168,LINE-2-PACKAGING,76.41,1.91
2026-09-23 16:43:25.151168,LINE-2-PACKAGING,76.02,2.14
2026-09-23 16:44:25.151168,LINE-2-PACKAGING,74.45,2.03
2026-09-23 16:45:25.151168,LINE-2-PACKAGING,74.1,2.2
2026-09-23 16:46:25.151168,LINE-2-PACKAGING,75.31,2.06
2026-09-23 16:47:25.151168,LINE-2-PACKAGING,74.45,1.81
2026-09-23 16:48:25.151168,LINE-2-PACKAGING,73.53,1.92
2026-09-23 16:49:25.151168,LINE-2-PACKAGING,74.5,2.12
2026-09-23 16:50:25.151168,LINE-2-PACKAGING,76.14,2.21
2026-09-23 16:51:25.151168,LINE-2-PACKAGING,74.61,1.96
2026-09-23 16:52:25.151168,LINE-2-PACKAGING,75.76,1.81
2026-09-23 16:53:25.151168,LINE-2-PACKAGING,74.96,2.13
2026-09-23 16:54:25.151168,LINE-2-PACKAGING,73.75,2.12
2026-09-23 16:55:25.151168,LINE-2-PACKAGING,75.13,2.31
2026-09-23 16:56:25.151168,LINE-2-PACKAGING,74.59,1.97
2026-09-23 16:57:25.151168,LINE-2-PACKAGING,76.02,1.85
2026-09-23 16:58:25.151168,LINE-2-PACKAGING,75.72,1.89
2026-09-23 16:59:25.151168,LINE-2-PACKAGING,74.86,2.05
2026-09-23 17:00:25.151168,LINE-2-PACKAGING,73.65,2.04
2026-09-23 17:01:25.151168,LINE-2-PACKAGING,76.02,2.08
2026-09-23 17:02:25.151168,LINE-2-PACKAGING,75.85,1.88
2026-09-23 17:03:25.151168,LINE-2-PACKAGING,73.36,2.11
2026-09-23 17:04:25.151168,LINE-2-PACKAGING,75.86,2.01
2026-09-23 17:05:25.151168,LINE-2-PACKAGING,75.06,2.0
2026-09-23 17:06:25.151168,LINE-2-PACKAGING,76.1,2.04
2026-09-23 17:07:25.151168,LINE-2-PACKAGING,75.84,2.27
2026-09-23 17:08:25.151168,LINE-2-PACKAGING,74.93,1.8
2026-09-23 17:09:25.151168,LINE-2-PACKAGING,76.06,2.01
2026-09-23 17:10:25.151168,LINE-2-PACKAGING,76.2,2.06
2026-09-23 17:11:25.151168,LINE-2-PACKAGING,76.72,1.85
2026-09-23 17:12:25.151168,LINE-2-PACKAGING,74.56,1.8
2026-09-23 17:13:25.151168,LINE-2-PACKAGING,75.06,1.91
2026-09-23 17:14:25.151168,LINE-2-PACKAGING,74.63,1.96
2026-09-23 17:15:25.151168,LINE-2-PACKAGING,75.93,2.04
2026-09-23 17:16:25.151168,LINE-2-PACKAGING,72.89,2.19
2026-09-23 17:17:25.151168,LINE-2-PACKAGING,77.19,2.03
2026-09-23 17:18:25.151168,LINE-2-PACKAGING,74.82,1.72
2026-09-23 17:19:25.151168,LINE-2-PACKAGING,75.76,1.81
2026-09-23 17:20:25.151168,LINE-2-PACKAGING,73.67,2.09
2026-09-23 17:21:25.151168,LINE-2-PACKAGING,76.37,1.8
2026-09-23 17:22:25.151168,LINE-2-PACKAGING,76.64,1.82
2026-09-23 17:23:25.151168,LINE-2-PACKAGING,74.7,1.74
2026-09-23 17:24:25.151168,LINE-2-PACKAGING,75.4,1.94
2026-09-23 17:25:25.151168,LINE-2-PACKAGING,76.26,1.9
2026-09-23 17:26:25.151168,LINE-2-PACKAGING,74.01,2.12
2026-09-23 17:27:25.151168,LINE-2-PACKAGING,75.02,1.79
2026-09-23 17:28:25.151168,LINE-2-PACKAGING,72.67,1.59
2026-09-23 17:29:25.151168,LINE-2-PACKAGING,74.15,2.16
2026-09-23 17:30:25.151168,LINE-2-PACKAGING,72.64,1.76
2026-09-23 17:31:25.151168,LINE-2-PACKAGING,74.82,1.77
2026-09-23 17:32:25.151168,LINE-2-PACKAGING,77.13,2.3
2026-09-23 17:33:25.151168,LINE-2-PACKAGING,73.67,1.97
2026-09-23 17:34:25.151168,LINE-2-PACKAGING,73.6,2.25
2026-09-23 17:35:25.151168,LINE-2-PACKAGING,76.45,2.03
2026-09-23 17:36:25.151168,LINE-2-PACKAGING,77.11,1.96
2026-09-23 17:37:25.151168,LINE-2-PACKAGING,75.04,1.94
2026-09-23 17:38:25.151168,LINE-2-PACKAGING,75.59,2.09
2026-09-23 17:39:25.151168,LINE-2-PACKAGING,75.87,2.06
2026-09-23 17:40:25.151168,LINE-2-PACKAGING,73.38,1.87
2026-09-23 17:41:25.151168,LINE-2-PACKAGING,75.52,1.96
2026-09-23 17:42:25.151168,LINE-2-PACKAGING,74.9,2.46
2026-09-23 17:43:25.151168,LINE-2-PACKAGING,75.47,1.86
2026-09-23 17:44:25.151168,LINE-2-PACKAGING,74.61,1.97
2026-09-23 17:45:25.151168,LINE-2-PACKAGING,74.9,2.16
2026-09-23 17:46:25.151168,LINE-2-PACKAGING,74.31,1.79
2026-09-23 17:47:25.151168,LINE-2-PACKAGING,74.68,1.97
2026-09-23 17:48:25.151168,LINE-2-PACKAGING,73.69,1.75
2026-09-23 17:49:25.151168,LINE-2-PACKAGING,74.46,2.0
2026-09-23 17:50:25.151168,LINE-2-PACKAGING,74.73,2.07
2026-09-23 17:51:25.151168,LINE-2-PACKAGING,76.3,1.89
2026-09-23 17:52:25.151168,LINE-2-PACKAGING,76.56,2.09
2026-09-23 17:53:25.151168,LINE-2-PACKAGING,73.42,2.04
2026-09-23 17:54:25.151168,LINE-2-PACKAGING,76.01,2.03
2026-09-23 17:55:25.151168,LINE-2-PACKAGING,74.95,2.17
2026-09-23 17:56:25.151168,LINE-2-PACKAGING,77.0,2.06
2026-09-23 17:57:25.151168,LINE-2-PACKAGING,74.91,1.86
2026-09-23 17:58:25.151168,LINE-2-PACKAGING,75.26,2.14
2026-09-23 17:59:25.151168,LINE-2-PACKAGING,76.88,1.86
2026-09-23 18:00:25.151168,LINE-2-PACKAGING,74.43,2.22
2026-09-23 18:01:25.151168,LINE-2-PACKAGING,75.06,2.5
2026-09-23 18:02:25.151168,LINE-2-PACKAGING,74.89,1.74
2026-09-23 18:03:25.151168,LINE-2-PACKAGING,73.21,2.16
2026-09-23 18:04:25.151168,LINE-2-PACKAGING,73.85,2.01
2026-09-23 18:05:25.151168,LINE-2-PACKAGING,75.95,1.77
2026-09-23 18:06:25.151168,LINE-2-PACKAGING,77.07,2.09
2026-09-23 18:07:25.151168,LINE-2-PACKAGING,76.11,2.35
2026-09-23 18:08:25.151168,LINE-2-PACKAGING,75.1,1.85
2026-09-23 18:09:25.151168,LINE-2-PACKAGING,76.07,2.1
2026-09-23 18:10:25.151168,LINE-2-PACKAGING,73.62,2.22
2026-09-23 18:11:25.151168,LINE-2-PACKAGING,75.28,2.11
2026-09-23 18:12:25.151168,LINE-2-PACKAGING,75.5,2.06
2026-09-23 18:13:25.151168,LINE-2-PACKAGING,75.97,2.24
2026-09-23 18:14:25.151168,LINE-2-PACKAGING,76.18,1.97
2026-09-23 18:15:25.151168,LINE-2-PACKAGING,75.68,1.97
2026-09-23 18:16:25.151168,LINE-2-PACKAGING,73.49,2.05
2026-09-23 18:17:25.151168,LINE-2-PACKAGING,76.37,2.0
2026-09-23 18:18:25.151168,LINE-2-PACKAGING,74.55,2.23
2026-09-23 18:19:25.151168,LINE-2-PACKAGING,74.5,1.97
2026-09-23 18:20:25.151168,LINE-2-PACKAGING,75.05,1.97
2026-09-23 18:21:25.151168,LINE-2-PACKAGING,75.26,2.0
2026-09-23 18:22:25.151168,LINE-2-PACKAGING,72.83,2.02
2026-09-23 18:23:25.151168,LINE-2-PACKAGING,75.27,1.63
2026-09-23 18:24:25.151168,LINE-2-PACKAGING,74.74,1.91
2026-09-23 18:25:25.151168,LINE-2-PACKAGING,74.79,1.84
2026-09-23 18:26:25.151168,LINE-2-PACKAGING,73.93,2.05
2026-09-23 18:27:25.151168,LINE-2-PACKAGING,75.41,2.11
2026-09-23 18:28:25.151168,LINE-2-PACKAGING,74.36,2.19
2026-09-23 18:29:25.151168,LINE-2-PACKAGING,76.11,1.97
2026-09-23 18:30:25.151168,LINE-2-PACKAGING,74.8,1.85
2026-09-23 18:31:25.151168,LINE-2-PACKAGING,74.48,1.93
2026-09-23 18:32:25.151168,LINE-2-PACKAGING,77.19,2.11
2026-09-23 18:33:25.151168,LINE-2-PACKAGING,74.47,2.04
2026-09-23 18:34:25.151168,LINE-2-PACKAGING,74.46,1.89
2026-09-23 18:35:25.151168,LINE-2-PACKAGING,75.43,1.81
2026-09-23 18:36:25.151168,LINE-2-PACKAGING,75.77,1.95
2026-09-23 18:37:25.151168,LINE-2-PACKAGING,73.87,2.07
2026-09-23 18:38:25.151168,LINE-2-PACKAGING,74.75,2.25
2026-09-23 18:39:25.151168,LINE-2-PACKAGING,75.72,1.97
2026-09-23 18:40:25.151168,LINE-2-PACKAGING,74.37,1.95
2026-09-23 18:41:25.151168,LINE-2-PACKAGING,74.53,1.94
2026-09-23 18:42:25.151168,LINE-2-PACKAGING,75.37,1.97
2026-09-23 18:43:25.151168,LINE-2-PACKAGING,75.77,2.17
2026-09-23 18:44:25.151168,LINE-2-PACKAGING,76.97,2.08
2026-09-23 18:45:25.151168,LINE-2-PACKAGING,72.97,2.34
2026-09-23 18:46:25.151168,LINE-2-PACKAGING,74.86,1.94
2026-09-23 18:47:25.151168,LINE-2-PACKAGING,73.27,1.72
2026-09-23 18:48:25.151168,LINE-2-PACKAGING,75.72,2.16
2026-09-23 18:49:25.151168,LINE-2-PACKAGING,73.86,2.1
2026-09-23 18:50:25.151168,LINE-2-PACKAGING,75.56,1.95
2026-09-23 18:51:25.151168,LINE-2-PACKAGING,74.78,1.91
2026-09-23 18:52:25.151168,LINE-2-PACKAGING,74.57,1.98
2026-09-23 18:53:25.151168,LINE-2-PACKAGING,74.43,2.18
2026-09-23 18:54:25.151168,LINE-2-PACKAGING,74.29,2.01
2026-09-23 18:55:25.151168,LINE-2-PACKAGING,76.18,1.87
2026-09-23 18:56:25.151168,LINE-2-PACKAGING,73.54,1.99
2026-09-23 18:57:25.151168,LINE-2-PACKAGING,73.52,1.66
2026-09-23 18:58:25.151168,LINE-2-PACKAGING,75.14,1.63
2026-09-23 18:59:25.151168,LINE-2-PACKAGING,75.12,2.18
2026-09-23 19:00:25.151168,LINE-2-PACKAGING,73.96,2.08
2026-09-23 19:01:25.151168,LINE-2-PACKAGING,74.1,2.08
2026-09-23 19:02:25.151168,LINE-2-PACKAGING,74.59,1.93
2026-09-23 19:03:25.151168,LINE-2-PACKAGING,76.79,1.81
2026-09-23 19:04:25.151168,LINE-2-PACKAGING,75.22,1.86
2026-09-23 19:05:25.151168,LINE-2-PACKAGING,74.17,2.3
2026-09-23 19:06:25.151168,LINE-2-PACKAGING,76.53,2.01
2026-09-23 19:07:25.151168,LINE-2-PACKAGING,77.42,2.06
2026-09-23 19:08:25.151168,LINE-2-PACKAGING,74.85,2.04
2026-09-23 19:09:25.151168,LINE-2-PACKAGING,73.52,2.25
2026-09-23 19:10:25.151168,LINE-2-PACKAGING,75.93,1.94
2026-09-23 19:11:25.151168,LINE-2-PACKAGING,74.67,1.87
2026-09-23 19:12:25.151168,LINE-2-PACKAGING,76.02,2.2
2026-09-23 19:13:25.151168,LINE-2-PACKAGING,74.79,2.08
2026-09-23 19:14:25.151168,LINE-2-PACKAGING,74.64,2.16
2026-09-23 19:15:25.151168,LINE-2-PACKAGING,74.14,1.8
2026-09-23 19:16:25.151168,LINE-2-PACKAGING,75.76,1.97
2026-09-23 19:17:25.151168,LINE-2-PACKAGING,74.59,2.03
2026-09-23 19:18:25.151168,LINE-2-PACKAGING,75.68,1.88
2026-09-23 19:19:25.151168,LINE-2-PACKAGING,73.49,1.86
2026-09-23 19:20:25.151168,LINE-2-PACKAGING,75.78,1.85
2026-09-23 19:21:25.151168,LINE-2-PACKAGING,74.07,1.98
2026-09-23 19:22:25.151168,LINE-2-PACKAGING,75.67,2.29
2026-09-23 19:23:25.151168,LINE-2-PACKAGING,75.46,1.76
2026-09-23 19:24:25.151168,LINE-2-PACKAGING,75.99,2.37
2026-09-23 19:25:25.151168,LINE-2-PACKAGING,76.53,1.9
2026-09-23 19:26:25.151168,LINE-2-PACKAGING,75.4,2.11
2026-09-23 19:27:25.151168,LINE-2-PACKAGING,74.11,1.93
2026-09-23 19:28:25.151168,LINE-2-PACKAGING,74.62,1.88
2026-09-23 19:29:25.151168,LINE-2-PACKAGING,73.4,1.99
2026-09-23 19:30:25.151168,LINE-2-PACKAGING,75.39,2.11
2026-09-23 19:31:25.151168,LINE-2-PACKAGING,76.15,1.98
2026-09-23 19:32:25.151168,LINE-2-PACKAGING,74.49,1.77
2026-09-23 19:33:25.151168,LINE-2-PACKAGING,75.81,1.93
2026-09-23 19:34:25.151168,LINE-2-PACKAGING,74.44,2.08
2026-09-23 19:35:25.151168,LINE-2-PACKAGING,73.72,1.96
2026-09-23 19:36:25.151168,LINE-2-PACKAGING,74.0,2.07
2026-09-23 19:37:25.151168,LINE-2-PACKAGING,74.44,2.1
2026-09-23 19:38:25.151168,LINE-2-PACKAGING,76.11,1.88
2026-09-23 19:39:25.151168,LINE-2-PACKAGING,74.14,1.67
2026-09-23 19:40:25.151168,LINE-2-PACKAGING,75.16,2.1
2026-09-23 19:41:25.151168,LINE-2-PACKAGING,76.43,1.96
2026-09-23 19:42:25.151168,LINE-2-PACKAGING,74.04,2.02
2026-09-23 19:43:25.151168,LINE-2-PACKAGING,75.87,1.99
2026-09-23 19:44:25.151168,LINE-2-PACKAGING,75.31,2.05
2026-09-23 19:45:25.151168,LINE-2-PACKAGING,74.51,2.04
2026-09-23 19:46:25.151168,LINE-2-PACKAGING,75.61,2.0
2026-09-23 19:47:25.151168,LINE-2-PACKAGING,73.98,1.96
2026-09-23 19:48:25.151168,LINE-2-PACKAGING,74.39,2.08
2026-09-23 19:49:25.151168,LINE-2-PACKAGING,75.48,1.94
2026-09-23 19:50:25.151168,LINE-2-PACKAGING,77.4,1.99
2026-09-23 19:51:25.151168,LINE-2-PACKAGING,74.1,2.11
2026-09-23 19:52:25.151168,LINE-2-PACKAGING,75.64,1.94
2026-09-23 19:53:25.151168,LINE-2-PACKAGING,75.78,1.84
2026-09-23 19:54:25.151168,LINE-2-PACKAGING,76.0,1.88
2026-09-23 19:55:25.151168,LINE-2-PACKAGING,73.26,2.07
2026-09-23 19:56:25.151168,LINE-2-PACKAGING,74.83,2.15
2026-09-23 19:57:25.151168,LINE-2-PACKAGING,73.67,1.84
2026-09-23 19:58:25.151168,LINE-2-PACKAGING,75.44,2.17
2026-09-23 19:59:25.151168,LINE-2-PACKAGING,75.34,2.08
2026-09-23 20:00:25.151168,LINE-2-PACKAGING,76.06,2.01
2026-09-23 20:01:25.151168,LINE-2-PACKAGING,74.36,1.9
2026-09-23 20:02:25.151168,LINE-2-PACKAGING,74.25,1.72
2026-09-23 20:03:25.151168,LINE-2-PACKAGING,75.98,2.08
2026-09-23 20:04:25.151168,LINE-2-PACKAGING,76.52,1.92
2026-09-23 20:05:25.151168,LINE-2-PACKAGING,74.3,1.92
2026-09-23 20:06:25.151168,LINE-2-PACKAGING,74.92,2.02
2026-09-23 20:07:25.151168,LINE-2-PACKAGING,75.77,2.23
2026-09-23 20:08:25.151168,LINE-2-PACKAGING,74.97,2.19
2026-09-23 20:09:25.151168,LINE-2-PACKAGING,74.45,1.93
2026-09-23 20:10:25.151168,LINE-2-PACKAGING,75.71,1.83
2026-09-23 20:11:25.151168,LINE-2-PACKAGING,75.58,2.07
2026-09-23 20:12:25.151168,LINE-2-PACKAGING,74.58,1.87
2026-09-23 20:13:25.151168,LINE-2-PACKAGING,74.66,2.15
2026-09-23 20:14:25.151168,LINE-2-PACKAGING,75.7,2.16
2026-09-23 20:15:25.151168,LINE-2-PACKAGING,87.94,2.16
2026-09-23 20:16:25.151168,LINE-2-PACKAGING,85.79,2.24
2026-09-23 20:17:25.151168,LINE-2-PACKAGING,87.51,2.32
2026-09-23 20:18:25.151168,LINE-2-PACKAGING,87.82,2.41
2026-09-23 20:19:25.151168,LINE-2-PACKAGING,87.27,2.4
2026-09-23 20:20:25.151168,LINE-2-PACKAGING,87.3,2.37
2026-09-23 20:21:25.151168,LINE-2-PACKAGING,86.47,2.29
2026-09-23 20:22:25.151168,LINE-2-PACKAGING,85.75,2.57
2026-09-23 20:23:25.151168,LINE-2-PACKAGING,86.61,2.49
2026-09-23 20:24:25.151168,LINE-2-PACKAGING,86.04,2.51
2026-09-23 20:25:25.151168,LINE-2-PACKAGING,85.05,2.37
2026-09-23 20:26:25.151168,LINE-2-PACKAGING,87.25,2.46
2026-09-23 20:27:25.151168,LINE-2-PACKAGING,88.41,2.55
2026-09-23 20:28:25.151168,LINE-2-PACKAGING,85.09,2.37
2026-09-23 20:29:25.151168,LINE-2-PACKAGING,87.78,2.54
2026-09-23 20:30:25.151168,LINE-2-PACKAGING,87.26,2.32
2026-09-23 20:31:25.151168,LINE-2-PACKAGING,86.8,2.41
2026-09-23 20:32:25.151168,LINE-2-PACKAGING,85.61,2.67
2026-09-23 20:33:25.151168,LINE-2-PACKAGING,85.39,2.64
2026-09-23 20:34:25.151168,LINE-2-PACKAGING,85.53,2.38
2026-09-23 20:35:25.151168,LINE-2-PACKAGING,87.17,2.47
2026-09-23 20:36:25.151168,LINE-2-PACKAGING,87.72,2.23
2026-09-23 20:37:25.151168,LINE-2-PACKAGING,87.1,2.51
2026-09-23 20:38:25.151168,LINE-2-PACKAGING,87.14,2.81
2026-09-23 20:39:25.151168,LINE-2-PACKAGING,87.09,1.99
2026-09-23 20:40:25.151168,LINE-2-PACKAGING,85.3,2.31
2026-09-23 20:41:25.151168,LINE-2-PACKAGING,86.79,2.63
2026-09-23 20:42:25.151168,LINE-2-PACKAGING,86.44,2.67
2026-09-23 20:43:25.151168,LINE-2-PACKAGING,85.68,2.53
2026-09-23 20:44:25.151168,LINE-2-PACKAGING,86.49,2.35
2026-09-23 20:45:25.151168,LINE-2-PACKAGING,86.59,2.49
2026-09-23 20:46:25.151168,LINE-2-PACKAGING,85.91,2.37
2026-09-23 20:47:25.151168,LINE-2-PACKAGING,87.54,2.3
2026-09-23 20:48:25.151168,LINE-2-PACKAGING,85.77,2.17
2026-09-23 20:49:25.151168,LINE-2-PACKAGING,86.43,2.4
2026-09-23 20:50:25.151168,LINE-2-PACKAGING,86.49,2.05
2026-09-23 20:51:25.151168,LINE-2-PACKAGING,86.49,2.26
2026-09-23 20:52:25.151168,LINE-2-PACKAGING,85.71,2.21
2026-09-23 20:53:25.151168,LINE-2-PACKAGING,87.16,2.17
2026-09-23 20:54:25.151168,LINE-2-PACKAGING,87.05,2.37
2026-09-23 20:55:25.151168,LINE-2-PACKAGING,85.08,2.4
2026-09-23 20:56:25.151168,LINE-2-PACKAGING,85.38,2.1
2026-09-23 20:57:25.151168,LINE-2-PACKAGING,88.64,2.3
2026-09-23 20:58:25.151168,LINE-2-PACKAGING,86.81,2.31
2026-09-23 20:59:25.151168,LINE-2-PACKAGING,86.04,2.2
2026-09-23 21:00:25.151168,LINE-2-PACKAGING,85.97,2.33
2026-09-23 21:01:25.151168,LINE-2-PACKAGING,86.33,2.14
2026-09-23 21:02:25.151168,LINE-2-PACKAGING,86.63,2.23
2026-09-23 21:03:25.151168,LINE-2-PACKAGING,86.03,2.05
2026-09-23 21:04:25.151168,LINE-2-PACKAGING,88.01,2.42
2026-09-23 21:05:25.151168,LINE-2-PACKAGING,85.78,2.62
2026-09-23 21:06:25.151168,LINE-2-PACKAGING,86.55,2.3
2026-09-23 21:07:25.151168,LINE-2-PACKAGING,87.62,2.61
2026-09-23 21:08:25.151168,LINE-2-PACKAGING,87.14,2.15
2026-09-23 21:09:25.151168,LINE-2-PACKAGING,85.68,2.28
2026-09-23 21:10:25.151168,LINE-2-PACKAGING,86.2,2.31
2026-09-23 21:11:25.151168,LINE-2-PACKAGING,85.08,2.33
2026-09-23 21:12:25.151168,LINE-2-PACKAGING,87.42,2.71
2026-09-23 21:13:25.151168,LINE-2-PACKAGING,86.16,2.52
2026-09-23 21:14:25.151168,LINE-2-PACKAGING,89.58,2.53
2026-09-23 21:15:25.151168,LINE-2-PACKAGING,87.05,2.27
2026-09-23 21:16:25.151168,LINE-2-PACKAGING,86.12,2.54
2026-09-23 21:17:25.151168,LINE-2-PACKAGING,87.06,2.34
2026-09-23 21:18:25.151168,LINE-2-PACKAGING,85.68,2.39
2026-09-23 21:19:25.151168,LINE-2-PACKAGING,85.08,2.35
2026-09-23 21:20:25.151168,LINE-2-PACKAGING,85.59,2.48
2026-09-23 21:21:25.151168,LINE-2-PACKAGING,85.89,2.25
2026-09-23 21:22:25.151168,LINE-2-PACKAGING,86.84,2.3
2026-09-23 21:23:25.151168,LINE-2-PACKAGING,84.07,2.32
2026-09-23 21:24:25.151168,LINE-2-PACKAGING,86.36,2.4
2026-09-23 21:25:25.151168,LINE-2-PACKAGING,86.45,2.43
2026-09-23 21:26:25.151168,LINE-2-PACKAGING,86.38,2.33
2026-09-23 21:27:25.151168,LINE-2-PACKAGING,84.99,2.54
2026-09-23 21:28:25.151168,LINE-2-PACKAGING,86.38,2.23
2026-09-23 21:29:25.151168,LINE-2-PACKAGING,87.32,2.18
2026-09-23 21:30:25.151168,LINE-2-PACKAGING,85.58,2.46
2026-09-23 21:31:25.151168,LINE-2-PACKAGING,86.36,2.23
2026-09-23 21:32:25.151168,LINE-2-PACKAGING,85.81,2.44
2026-09-23 21:33:25.151168,LINE-2-PACKAGING,87.61,2.37
2026-09-23 21:34:25.151168,LINE-2-PACKAGING,84.81,2.15
2026-09-23 21:35:25.151168,LINE-2-PACKAGING,86.8,2.34
2026-09-23 21:36:25.151168,LINE-2-PACKAGING,85.1,2.4
2026-09-23 21:37:25.151168,LINE-2-PACKAGING,87.73,2.4
2026-09-23 21:38:25.151168,LINE-2-PACKAGING,87.92,2.48
2026-09-23 21:39:25.151168,LINE-2-PACKAGING,85.92,2.2
2026-09-23 21:40:25.151168,LINE-2-PACKAGING,85.99,2.37
2026-09-23 21:41:25.151168,LINE-2-PACKAGING,84.77,2.04
2026-09-23 21:42:25.151168,LINE-2-PACKAGING,86.51,2.56
2026-09-23 21:43:25.151168,LINE-2-PACKAGING,87.3,2.47
2026-09-23 21:44:25.151168,LINE-2-PACKAGING,85.31,2.57
2026-09-23 21:45:25.151168,LINE-2-PACKAGING,87.65,2.4
2026-09-23 21:46:25.151168,LINE-2-PACKAGING,86.53,2.39
2026-09-23 21:47:25.151168,LINE-2-PACKAGING,86.65,2.08
2026-09-23 21:48:25.151168,LINE-2-PACKAGING,85.02,2.68
2026-09-23 21:49:25.151168,LINE-2-PACKAGING,84.35,2.25
2026-09-23 21:50:25.151168,LINE-2-PACKAGING,85.6,2.49
2026-09-23 21:51:25.151168,LINE-2-PACKAGING,85.93,2.5
2026-09-23 21:52:25.151168,LINE-2-PACKAGING,87.02,2.48
2026-09-23 21:53:25.151168,LINE-2-PACKAGING,85.09,2.62
2026-09-23 21:54:25.151168,LINE-2-PACKAGING,86.19,2.26
2026-09-23 21:55:25.151168,LINE-2-PACKAGING,86.96,2.48
2026-09-23 21:56:25.151168,LINE-2-PACKAGING,85.1,2.5
2026-09-23 21:57:25.151168,LINE-2-PACKAGING,85.48,2.64
2026-09-23 21:58:25.151168,LINE-2-PACKAGING,87.13,2.36
2026-09-23 21:59:25.151168,LINE-2-PACKAGING,86.53,2.5
2026-09-23 22:00:25.151168,LINE-2-PACKAGING,84.75,2.29
2026-09-23 22:01:25.151168,LINE-2-PACKAGING,86.71,2.2
2026-09-23 22:02:25.151168,LINE-2-PACKAGING,86.76,2.28
2026-09-23 22:03:25.151168,LINE-2-PACKAGING,85.74,2.47
2026-09-23 22:04:25.151168,LINE-2-PACKAGING,86.0,2.47
2026-09-23 22:05:25.151168,LINE-2-PACKAGING,86.23,2.46
2026-09-23 22:06:25.151168,LINE-2-PACKAGING,86.68,2.41
2026-09-23 22:07:25.151168,LINE-2-PACKAGING,86.18,2.3
2026-09-23 22:08:25.151168,LINE-2-PACKAGING,87.84,2.42
2026-09-23 22:09:25.151168,LINE-2-PACKAGING,87.58,2.25
2026-09-23 22:10:25.151168,LINE-2-PACKAGING,84.8,2.53
2026-09-23 22:11:25.151168,LINE-2-PACKAGING,86.37,2.36
2026-09-23 22:12:25.151168,LINE-2-PACKAGING,85.16,2.54
2026-09-23 22:13:25.151168,LINE-2-PACKAGING,84.3,2.37
2026-09-23 22:14:25.151168,LINE-2-PACKAGING,86.8,2.47
2026-09-23 22:15:25.151168,LINE-2-PACKAGING,85.84,2.24
2026-09-23 22:16:25.151168,LINE-2-PACKAGING,87.01,2.49
2026-09-23 22:17:25.151168,LINE-2-PACKAGING,84.95,2.11
2026-09-23 22:18:25.151168,LINE-2-PACKAGING,87.28,2.59
2026-09-23 22:19:25.151168,LINE-2-PACKAGING,86.64,2.45
2026-09-23 22:20:25.151168,LINE-2-PACKAGING,85.0,2.44
2026-09-23 22:21:25.151168,LINE-2-PACKAGING,83.83,2.49
2026-09-23 22:22:25.151168,LINE-2-PACKAGING,86.62,2.49
2026-09-23 22:23:25.151168,LINE-2-PACKAGING,85.93,2.33
2026-09-23 22:24:25.151168,LINE-2-PACKAGING,86.24,2.47
2026-09-23 22:25:25.151168,LINE-2-PACKAGING,86.89,2.43
2026-09-23 22:26:25.151168,LINE-2-PACKAGING,85.63,2.18
2026-09-23 22:27:25.151168,LINE-2-PACKAGING,87.4,2.38
2026-09-23 22:28:25.151168,LINE-2-PACKAGING,87.57,2.42
2026-09-23 22:29:25.151168,LINE-2-PACKAGING,85.15,2.57
2026-09-23 22:30:25.151168,LINE-2-PACKAGING,85.53,2.5
2026-09-23 22:31:25.151168,LINE-2-PACKAGING,85.52,2.33
2026-09-23 22:32:25.151168,LINE-2-PACKAGING,85.35,2.18
2026-09-23 22:33:25.151168,LINE-2-PACKAGING,86.01,2.41
2026-09-23 22:34:25.151168,LINE-2-PACKAGING,85.65,2.51
2026-09-23 22:35:25.151168,LINE-2-PACKAGING,87.23,2.46
2026-09-23 22:36:25.151168,LINE-2-PACKAGING,86.9,2.37
2026-09-23 22:37:25.151168,LINE-2-PACKAGING,87.53,2.41
2026-09-23 22:38:25.151168,LINE-2-PACKAGING,86.89,2.13
2026-09-23 22:39:25.151168,LINE-2-PACKAGING,85.41,2.27
2026-09-23 22:40:25.151168,LINE-2-PACKAGING,86.86,1.96
2026-09-23 22:41:25.151168,LINE-2-PACKAGING,85.02,2.39
2026-09-23 22:42:25.151168,LINE-2-PACKAGING,84.4,2.43
2026-09-23 22:43:25.151168,LINE-2-PACKAGING,84.79,2.34
2026-09-23 22:44:25.151168,LINE-2-PACKAGING,86.52,2.4
2026-09-23 22:45:25.151168,LINE-2-PACKAGING,85.57,2.38
2026-09-23 22:46:25.151168,LINE-2-PACKAGING,85.76,2.48
2026-09-23 22:47:25.151168,LINE-2-PACKAGING,85.81,2.55
2026-09-23 22:48:25.151168,LINE-2-PACKAGING,87.45,2.44
2026-09-23 22:49:25.151168,LINE-2-PACKAGING,85.5,2.47
2026-09-23 22:50:25.151168,LINE-2-PACKAGING,88.12,2.39
2026-09-23 22:51:25.151168,LINE-2-PACKAGING,85.66,2.1
2026-09-23 22:52:25.151168,LINE-2-PACKAGING,85.79,2.16
2026-09-23 22:53:25.151168,LINE-2-PACKAGING,87.61,2.5
2026-09-23 22:54:25.151168,LINE-2-PACKAGING,83.87,2.41
2026-09-23 22:55:25.151168,LINE-2-PACKAGING,85.91,2.6
2026-09-23 22:56:25.151168,LINE-2-PACKAGING,88.02,2.45
2026-09-23 22:57:25.151168,LINE-2-PACKAGING,86.21,2.35
2026-09-23 22:58:25.151168,LINE-2-PACKAGING,86.82,2.2
2026-09-23 22:59:25.151168,LINE-2-PACKAGING,87.48,2.08
2026-09-23 23:00:25.151168,LINE-2-PACKAGING,86.63,2.61
2026-09-23 23:01:25.151168,LINE-2-PACKAGING,86.63,2.7
2026-09-23 23:02:25.151168,LINE-2-PACKAGING,87.3,2.31
2026-09-23 23:03:25.151168,LINE-2-PACKAGING,85.9,2.33
2026-09-23 23:04:25.151168,LINE-2-PACKAGING,84.75,2.56
2026-09-23 23:05:25.151168,LINE-2-PACKAGING,87.16,2.69
2026-09-23 23:06:25.151168,LINE-2-PACKAGING,86.54,2.6
2026-09-23 23:07:25.151168,LINE-2-PACKAGING,85.94,2.62
2026-09-23 23:08:25.151168,LINE-2-PACKAGING,87.39,2.5
2026-09-23 23:09:25.151168,LINE-2-PACKAGING,86.1,2.56
2026-09-23 23:10:25.151168,LINE-2-PACKAGING,86.34,2.22
2026-09-23 23:11:25.151168,LINE-2-PACKAGING,86.43,2.51
2026-09-23 23:12:25.151168,LINE-2-PACKAGING,86.94,2.51
2026-09-23 23:13:25.151168,LINE-2-PACKAGING,84.73,2.68
2026-09-23 23:14:25.151168,LINE-2-PACKAGING,86.72,2.37
2026-09-23 23:15:25.151168,LINE-2-PACKAGING,84.86,2.54
2026-09-23 23:16:25.151168,LINE-2-PACKAGING,85.91,2.47
2026-09-23 23:17:25.151168,LINE-2-PACKAGING,85.09,2.31
2026-09-23 23:18:25.151168,LINE-2-PACKAGING,87.48,2.42
2026-09-23 23:19:25.151168,LINE-2-PACKAGING,85.81,2.28
2026-09-23 23:20:25.151168,LINE-2-PACKAGING,87.72,2.36
2026-09-23 23:21:25.151168,LINE-2-PACKAGING,86.02,2.33
2026-09-23 23:22:25.151168,LINE-2-PACKAGING,88.45,2.4
2026-09-23 23:23:25.151168,LINE-2-PACKAGING,87.13,2.38
2026-09-23 23:24:25.151168,LINE-2-PACKAGING,85.77,2.59
2026-09-23 23:25:25.151168,LINE-2-PACKAGING,86.01,2.24
2026-09-23 23:26:25.151168,LINE-2-PACKAGING,86.16,2.38
2026-09-23 23:27:25.151168,LINE-2-PACKAGING,87.06,2.4
2026-09-23 23:28:25.151168,LINE-2-PACKAGING,87.53,2.33
2026-09-23 23:29:25.151168,LINE-2-PACKAGING,84.72,2.56
2026-09-23 23:30:25.151168,LINE-2-PACKAGING,85.91,2.41
2026-09-23 23:31:25.151168,LINE-2-PACKAGING,86.74,2.43
2026-09-23 23:32:25.151168,LINE-2-PACKAGING,84.31,2.34
2026-09-23 23:33:25.151168,LINE-2-PACKAGING,86.17,2.58
2026-09-23 23:34:25.151168,LINE-2-PACKAGING,87.44,2.4
2026-09-23 23:35:25.151168,LINE-2-PACKAGING,86.85,2.65
2026-09-23 23:36:25.151168,LINE-2-PACKAGING,85.97,2.45
2026-09-23 23:37:25.151168,LINE-2-PACKAGING,86.22,2.45
2026-09-23 23:38:25.151168,LINE-2-PACKAGING,86.42,2.53
2026-09-23 23:39:25.151168,LINE-2-PACKAGING,87.59,2.38
2026-09-23 23:40:25.151168,LINE-2-PACKAGING,85.66,2.51
2026-09-23 23:41:25.151168,LINE-2-PACKAGING,85.48,2.31
2026-09-23 23:42:25.151168,LINE-2-PACKAGING,85.94,2.65
2026-09-23 23:43:25.151168,LINE-2-PACKAGING,85.17,2.37
2026-09-23 23:44:25.151168,LINE-2-PACKAGING,86.39,2.28
2026-09-23 23:45:25.151168,LINE-2-PACKAGING,84.66,2.37
2026-09-23 23:46:25.151168,LINE-2-PACKAGING,87.34,2.49
2026-09-23 23:47:25.151168,LINE-2-PACKAGING,85.13,2.21
2026-09-23 23:48:25.151168,LINE-2-PACKAGING,85.42,2.48
2026-09-23 23:49:25.151168,LINE-2-PACKAGING,86.78,2.49
2026-09-23 23:50:25.151168,LINE-2-PACKAGING,86.53,2.35
2026-09-23 23:51:25.151168,LINE-2-PACKAGING,85.56,2.25
2026-09-23 23:52:25.151168,LINE-2-PACKAGING,84.96,2.69
2026-09-23 23:53:25.151168,LINE-2-PACKAGING,87.07,2.12
2026-09-23 23:54:25.151168,LINE-2-PACKAGING,85.5,2.29
2026-09-23 23:55:25.151168,LINE-2-PACKAGING,85.66,2.4
2026-09-23 23:56:25.151168,LINE-2-PACKAGING,85.79,2.45
2026-09-23 23:57:25.151168,LINE-2-PACKAGING,85.91,2.54
2026-09-23 23:58:25.151168,LINE-2-PACKAGING,85.67,2.32
2026-09-23 23:59:25.151168,LINE-2-PACKAGING,86.64,2.28
2026-09-24 00:00:25.151168,LINE-2-PACKAGING,87.56,2.47
2026-09-24 00:01:25.151168,LINE-2-PACKAGING,87.67,2.54
2026-09-24 00:02:25.151168,LINE-2-PACKAGING,85.65,2.26
2026-09-24 00:03:25.151168,LINE-2-PACKAGING,88.08,2.52
2026-09-24 00:04:25.151168,LINE-2-PACKAGING,86.39,2.5
2026-09-24 00:05:25.151168,LINE-2-PACKAGING,87.1,2.3
2026-09-24 00:06:25.151168,LINE-2-PACKAGING,85.83,2.51
2026-09-24 00:07:25.151168,LINE-2-PACKAGING,85.8,2.67
2026-09-24 00:08:25.151168,LINE-2-PACKAGING,86.42,2.39
2026-09-24 00:09:25.151168,LINE-2-PACKAGING,85.0,2.47
2026-09-24 00:10:25.151168,LINE-2-PACKAGING,85.39,2.36
2026-09-24 00:11:25.151168,LINE-2-PACKAGING,85.53,2.67
2026-09-24 00:12:25.151168,LINE-2-PACKAGING,84.52,2.42
2026-09-24 00:13:25.151168,LINE-2-PACKAGING,87.22,2.38
2026-09-24 00:14:25.151168,LINE-2-PACKAGING,86.67,2.22
2026-09-24 00:15:25.151168,LINE-2-PACKAGING,86.06,2.52
2026-09-24 00:16:25.151168,LINE-2-PACKAGING,74.65,1.94
2026-09-24 00:17:25.151168,LINE-2-PACKAGING,73.32,2.21
2026-09-24 00:18:25.151168,LINE-2-PACKAGING,74.59,2.05
2026-09-24 00:19:25.151168,LINE-2-PACKAGING,75.08,1.94
2026-09-24 00:20:25.151168,LINE-2-PACKAGING,75.29,1.92
2026-09-24 00:21:25.151168,LINE-2-PACKAGING,74.53,1.81
2026-09-24 00:22:25.151168,LINE-2-PACKAGING,73.97,1.86
2026-09-24 00:23:25.151168,LINE-2-PACKAGING,73.89,1.93
2026-09-24 00:24:25.151168,LINE-2-PACKAGING,75.87,1.89
2026-09-24 00:25:25.151168,LINE-2-PACKAGING,76.22,1.86
2026-09-24 00:26:25.151168,LINE-2-PACKAGING,75.86,1.98
2026-09-24 00:27:25.151168,LINE-2-PACKAGING,75.59,1.93
2026-09-24 00:28:25.151168,LINE-2-PACKAGING,74.99,1.88
2026-09-24 00:29:25.151168,LINE-2-PACKAGING,75.39,1.82
2026-09-24 00:30:25.151168,LINE-2-PACKAGING,76.06,1.96
2026-09-24 00:31:25.151168,LINE-2-PACKAGING,72.96,2.02
2026-09-24 00:32:25.151168,LINE-2-PACKAGING,75.51,2.06
2026-09-24 00:33:25.151168,LINE-2-PACKAGING,73.18,1.93
2026-09-24 00:34:25.151168,LINE-2-PACKAGING,76.04,2.15
2026-09-24 00:35:25.151168,LINE-2-PACKAGING,76.48,2.13
2026-09-24 00:36:25.151168,LINE-2-PACKAGING,75.43,1.67
2026-09-24 00:37:25.151168,LINE-2-PACKAGING,75.72,1.98
2026-09-24 00:38:25.151168,LINE-2-PACKAGING,75.23,2.16
2026-09-24 00:39:25.151168,LINE-2-PACKAGING,76.23,1.98
2026-09-24 00:40:25.151168,LINE-2-PACKAGING,73.15,2.02
2026-09-24 00:41:25.151168,LINE-2-PACKAGING,75.46,2.1
2026-09-24 00:42:25.151168,LINE-2-PACKAGING,77.12,2.29
2026-09-24 00:43:25.151168,LINE-2-PACKAGING,75.14,1.93
2026-09-24 00:44:25.151168,LINE-2-PACKAGING,75.87,1.67
2026-09-24 00:45:25.151168,LINE-2-PACKAGING,87.13,2.02
2026-09-24 00:46:25.151168,LINE-2-PACKAGING,88.21,2.36
2026-09-24 00:47:25.151168,LINE-2-PACKAGING,88.19,2.24
2026-09-24 00:48:25.151168,LINE-2-PACKAGING,86.38,2.5
2026-09-24 00:49:25.151168,LINE-2-PACKAGING,85.85,2.41
2026-09-24 00:50:25.151168,LINE-2-PACKAGING,86.16,2.64
2026-09-24 00:51:25.151168,LINE-2-PACKAGING,85.66,2.26
2026-09-24 00:52:25.151168,LINE-2-PACKAGING,85.24,2.19
2026-09-24 00:53:25.151168,LINE-2-PACKAGING,86.09,2.34
2026-09-24 00:54:25.151168,LINE-2-PACKAGING,86.36,2.59
2026-09-24 00:55:25.151168,LINE-2-PACKAGING,85.16,2.36
2026-09-24 00:56:25.151168,LINE-2-PACKAGING,87.44,2.42
2026-09-24 00:57:25.151168,LINE-2-PACKAGING,85.86,2.34
2026-09-24 00:58:25.151168,LINE-2-PACKAGING,85.84,2.42
2026-09-24 00:59:25.151168,LINE-2-PACKAGING,86.32,2.08
2026-09-24 01:00:25.151168,LINE-2-PACKAGING,85.95,2.47
2026-09-24 01:01:25.151168,LINE-2-PACKAGING,86.71,2.36
2026-09-24 01:02:25.151168,LINE-2-PACKAGING,86.39,2.37
2026-09-24 01:03:25.151168,LINE-2-PACKAGING,85.62,2.68
2026-09-24 01:04:25.151168,LINE-2-PACKAGING,85.9,2.47
2026-09-24 01:05:25.151168,LINE-2-PACKAGING,87.47,2.36
2026-09-24 01:06:25.151168,LINE-2-PACKAGING,85.28,2.06
2026-09-24 01:07:25.151168,LINE-2-PACKAGING,84.65,2.58
2026-09-24 01:08:25.151168,LINE-2-PACKAGING,88.9,2.37
2026-09-24 01:09:25.151168,LINE-2-PACKAGING,85.87,2.3
2026-09-24 01:10:25.151168,LINE-2-PACKAGING,86.64,2.15
2026-09-24 01:11:25.151168,LINE-2-PACKAGING,85.76,2.31
2026-09-24 01:12:25.151168,LINE-2-PACKAGING,87.74,2.35
2026-09-24 01:13:25.151168,LINE-2-PACKAGING,86.65,2.43
2026-09-24 01:14:25.151168,LINE-2-PACKAGING,85.92,2.44
2026-09-24 01:15:25.151168,LINE-2-PACKAGING,88.65,2.09
2026-09-24 01:16:25.151168,LINE-2-PACKAGING,85.79,2.81
2026-09-24 01:17:25.151168,LINE-2-PACKAGING,87.01,2.37
2026-09-24 01:18:25.151168,LINE-2-PACKAGING,85.42,1.95
2026-09-24 01:19:25.151168,LINE-2-PACKAGING,85.76,2.34
2026-09-24 01:20:25.151168,LINE-2-PACKAGING,88.71,2.35
2026-09-24 01:21:25.151168,LINE-2-PACKAGING,87.39,2.05
2026-09-24 01:22:25.151168,LINE-2-PACKAGING,84.4,2.44
2026-09-24 01:23:25.151168,LINE-2-PACKAGING,85.67,2.4
2026-09-24 01:24:25.151168,LINE-2-PACKAGING,87.18,2.29
2026-09-24 01:25:25.151168,LINE-2-PACKAGING,87.38,2.31
2026-09-24 01:26:25.151168,LINE-2-PACKAGING,85.2,2.27
2026-09-24 01:27:25.151168,LINE-2-PACKAGING,86.2,2.5
2026-09-24 01:28:25.151168,LINE-2-PACKAGING,87.03,2.51
2026-09-24 01:29:25.151168,LINE-2-PACKAGING,86.45,2.33
2026-09-24 01:30:25.151168,LINE-2-PACKAGING,85.25,2.44
2026-09-24 01:31:25.151168,LINE-2-PACKAGING,87.76,2.31
2026-09-24 01:32:25.151168,LINE-2-PACKAGING,86.04,2.28
2026-09-24 01:33:25.151168,LINE-2-PACKAGING,87.49,2.41
2026-09-24 01:34:25.151168,LINE-2-PACKAGING,87.19,2.21
2026-09-24 01:35:25.151168,LINE-2-PACKAGING,85.53,2.46
2026-09-24 01:36:25.151168,LINE-2-PACKAGING,88.23,2.48
2026-09-24 01:37:25.151168,LINE-2-PACKAGING,86.43,2.56
2026-09-24 01:38:25.151168,LINE-2-PACKAGING,86.11,2.17
2026-09-24 01:39:25.151168,LINE-2-PACKAGING,86.6,2.53
2026-09-24 01:40:25.151168,LINE-2-PACKAGING,86.06,2.35
2026-09-24 01:41:25.151168,LINE-2-PACKAGING,84.61,2.38
2026-09-24 01:42:25.151168,LINE-2-PACKAGING,86.28,2.45
2026-09-24 01:43:25.151168,LINE-2-PACKAGING,87.0,2.38
2026-09-24 01:44:25.151168,LINE-2-PACKAGING,87.5,2.29
2026-09-24 01:45:25.151168,LINE-2-PACKAGING,85.45,2.41
2026-09-24 01:46:25.151168,LINE-2-PACKAGING,86.07,2.29
2026-09-24 01:47:25.151168,LINE-2-PACKAGING,86.46,2.44
2026-09-24 01:48:25.151168,LINE-2-PACKAGING,85.58,2.45
2026-09-24 01:49:25.151168,LINE-2-PACKAGING,85.06,2.44
2026-09-24 01:50:25.151168,LINE-2-PACKAGING,86.12,2.26
2026-09-24 01:51:25.151168,LINE-2-PACKAGING,85.66,2.51
2026-09-24 01:52:25.151168,LINE-2-PACKAGING,87.28,2.32
2026-09-24 01:53:25.151168,LINE-2-PACKAGING,85.87,2.21
2026-09-24 01:54:25.151168,LINE-2-PACKAGING,85.1,2.36
2026-09-24 01:55:25.151168,LINE-2-PACKAGING,86.19,2.23
2026-09-24 01:56:25.151168,LINE-2-PACKAGING,89.25,2.69
2026-09-24 01:57:25.151168,LINE-2-PACKAGING,86.12,2.33
2026-09-24 01:58:25.151168,LINE-2-PACKAGING,85.48,2.33
2026-09-24 01:59:25.151168,LINE-2-PACKAGING,86.42,2.35
2026-09-24 02:00:25.151168,LINE-2-PACKAGING,86.11,2.12
2026-09-24 02:01:25.151168,LINE-2-PACKAGING,87.12,2.42
2026-09-24 02:02:25.151168,LINE-2-PACKAGING,86.04,2.3
2026-09-24 02:03:25.151168,LINE-2-PACKAGING,86.6,2.2
2026-09-24 02:04:25.151168,LINE-2-PACKAGING,84.76,2.27
2026-09-24 02:05:25.151168,LINE-2-PACKAGING,86.77,2.28
2026-09-24 02:06:25.151168,LINE-2-PACKAGING,86.19,2.31
2026-09-24 02:07:25.151168,LINE-2-PACKAGING,88.08,2.65
2026-09-24 02:08:25.151168,LINE-2-PACKAGING,85.64,2.32
2026-09-24 02:09:25.151168,LINE-2-PACKAGING,85.99,2.66
2026-09-24 02:10:25.151168,LINE-2-PACKAGING,87.26,2.36
2026-09-24 02:11:25.151168,LINE-2-PACKAGING,85.69,2.44
2026-09-24 02:12:25.151168,LINE-2-PACKAGING,86.48,2.53
2026-09-24 02:13:25.151168,LINE-2-PACKAGING,86.57,2.01
2026-09-24 02:14:25.151168,LINE-2-PACKAGING,86.52,2.48
2026-09-24 02:15:25.151168,LINE-2-PACKAGING,86.28,2.36
2026-09-24 02:16:25.151168,LINE-2-PACKAGING,85.68,2.48
2026-09-24 02:17:25.151168,LINE-2-PACKAGING,88.62,2.34
2026-09-24 02:18:25.151168,LINE-2-PACKAGING,85.91,2.45
2026-09-24 02:19:25.151168,LINE-2-PACKAGING,88.01,2.47
2026-09-24 02:20:25.151168,LINE-2-PACKAGING,85.81,2.41
2026-09-24 02:21:25.151168,LINE-2-PACKAGING,86.97,2.42
2026-09-24 02:22:25.151168,LINE-2-PACKAGING,86.75,2.31
2026-09-24 02:23:25.151168,LINE-2-PACKAGING,85.11,2.48
2026-09-24 02:24:25.151168,LINE-2-PACKAGING,85.98,2.46
2026-09-24 02:25:25.151168,LINE-2-PACKAGING,86.27,2.47
2026-09-24 02:26:25.151168,LINE-2-PACKAGING,84.53,2.44
2026-09-24 02:27:25.151168,LINE-2-PACKAGING,87.27,2.33
2026-09-24 02:28:25.151168,LINE-2-PACKAGING,86.86,2.44
2026-09-24 02:29:25.151168,LINE-2-PACKAGING,86.22,2.48
2026-09-24 02:30:25.151168,LINE-2-PACKAGING,86.01,2.63
2026-09-24 02:31:25.151168,LINE-2-PACKAGING,86.22,2.17
2026-09-24 02:32:25.151168,LINE-2-PACKAGING,88.01,2.21
2026-09-24 02:33:25.151168,LINE-2-PACKAGING,84.96,2.32
2026-09-24 02:34:25.151168,LINE-2-PACKAGING,86.44,2.45
2026-09-24 02:35:25.151168,LINE-2-PACKAGING,85.73,2.15
2026-09-24 02:36:25.151168,LINE-2-PACKAGING,90.56,2.62
2026-09-24 02:37:25.151168,LINE-2-PACKAGING,87.87,2.47
2026-09-24 02:38:25.151168,LINE-2-PACKAGING,86.77,2.43
2026-09-24 02:39:25.151168,LINE-2-PACKAGING,86.26,2.3
2026-09-24 02:40:25.151168,LINE-2-PACKAGING,86.45,2.65
2026-09-24 02:41:25.151168,LINE-2-PACKAGING,86.61,2.55
2026-09-24 02:42:25.151168,LINE-2-PACKAGING,85.45,2.38
2026-09-24 02:43:25.151168,LINE-2-PACKAGING,89.43,2.29
2026-09-24 02:44:25.151168,LINE-2-PACKAGING,87.26,2.08
2026-09-24 02:45:25.151168,LINE-2-PACKAGING,88.89,2.59
2026-09-24 02:46:25.151168,LINE-2-PACKAGING,75.42,2.14
2026-09-24 02:47:25.151168,LINE-2-PACKAGING,73.4,1.95
2026-09-24 02:48:25.151168,LINE-2-PACKAGING,72.99,1.8
2026-09-24 02:49:25.151168,LINE-2-PACKAGING,73.92,2.04
2026-09-24 02:50:25.151168,LINE-2-PACKAGING,73.12,1.84
2026-09-24 02:51:25.151168,LINE-2-PACKAGING,75.98,2.04
2026-09-24 02:52:25.151168,LINE-2-PACKAGING,75.44,1.86
2026-09-24 02:53:25.151168,LINE-2-PACKAGING,73.5,2.11
2026-09-24 02:54:25.151168,LINE-2-PACKAGING,75.44,2.0
2026-09-24 02:55:25.151168,LINE-2-PACKAGING,73.16,1.84
2026-09-24 02:56:25.151168,LINE-2-PACKAGING,76.23,2.0
2026-09-24 02:57:25.151168,LINE-2-PACKAGING,73.75,2.16
2026-09-24 02:58:25.151168,LINE-2-PACKAGING,76.65,1.82
2026-09-24 02:59:25.151168,LINE-2-PACKAGING,74.95,1.83
2026-09-24 03:00:25.151168,LINE-2-PACKAGING,76.97,1.97
2026-09-24 03:01:25.151168,LINE-2-PACKAGING,77.46,1.99
2026-09-24 03:02:25.151168,LINE-2-PACKAGING,75.64,2.29
2026-09-24 03:03:25.151168,LINE-2-PACKAGING,75.83,1.99
2026-09-24 03:04:25.151168,LINE-2-PACKAGING,74.67,1.86
2026-09-24 03:05:25.151168,LINE-2-PACKAGING,74.14,2.39
2026-09-24 03:06:25.151168,LINE-2-PACKAGING,76.16,2.03
2026-09-24 03:07:25.151168,LINE-2-PACKAGING,75.07,2.07
2026-09-24 03:08:25.151168,LINE-2-PACKAGING,74.18,2.19
2026-09-24 03:09:25.151168,LINE-2-PACKAGING,73.02,2.1
2026-09-24 03:10:25.151168,LINE-2-PACKAGING,74.82,2.16
2026-09-24 03:11:25.151168,LINE-2-PACKAGING,74.42,1.78
2026-09-24 03:12:25.151168,LINE-2-PACKAGING,75.09,2.12
2026-09-24 03:13:25.151168,LINE-2-PACKAGING,73.49,2.12
2026-09-24 03:14:25.151168,LINE-2-PACKAGING,74.71,1.59
2026-09-24 03:15:25.151168,LINE-2-PACKAGING,86.72,2.62
2026-09-24 03:16:25.151168,LINE-2-PACKAGING,85.89,2.6
2026-09-24 03:17:25.151168,LINE-2-PACKAGING,86.0,2.23
2026-09-24 03:18:25.151168,LINE-2-PACKAGING,86.16,2.24
2026-09-24 03:19:25.151168,LINE-2-PACKAGING,85.81,2.19
2026-09-24 03:20:25.151168,LINE-2-PACKAGING,85.51,2.35
2026-09-24 03:21:25.151168,LINE-2-PACKAGING,85.4,2.55
2026-09-24 03:22:25.151168,LINE-2-PACKAGING,87.47,2.3
2026-09-24 03:23:25.151168,LINE-2-PACKAGING,86.66,2.8
2026-09-24 03:24:25.151168,LINE-2-PACKAGING,85.54,2.38
2026-09-24 03:25:25.151168,LINE-2-PACKAGING,86.83,2.34
2026-09-24 03:26:25.151168,LINE-2-PACKAGING,88.1,2.51
2026-09-24 03:27:25.151168,LINE-2-PACKAGING,88.61,2.54
2026-09-24 03:28:25.151168,LINE-2-PACKAGING,86.3,2.46
2026-09-24 03:29:25.151168,LINE-2-PACKAGING,85.98,2.45
2026-09-24 03:30:25.151168,LINE-2-PACKAGING,86.88,2.47
2026-09-24 03:31:25.151168,LINE-2-PACKAGING,88.17,2.23
2026-09-24 03:32:25.151168,LINE-2-PACKAGING,86.27,2.46
2026-09-24 03:33:25.151168,LINE-2-PACKAGING,86.54,2.35
2026-09-24 03:34:25.151168,LINE-2-PACKAGING,85.59,2.47
2026-09-24 03:35:25.151168,LINE-2-PACKAGING,84.82,2.67
2026-09-24 03:36:25.151168,LINE-2-PACKAGING,85.41,2.41
2026-09-24 03:37:25.151168,LINE-2-PACKAGING,87.86,2.37
2026-09-24 03:38:25.151168,LINE-2-PACKAGING,85.91,2.5
2026-09-24 03:39:25.151168,LINE-2-PACKAGING,83.92,2.13
2026-09-24 03:40:25.151168,LINE-2-PACKAGING,85.2,2.56
2026-09-24 03:41:25.151168,LINE-2-PACKAGING,86.56,2.39
2026-09-24 03:42:25.151168,LINE-2-PACKAGING,88.42,2.45
2026-09-24 03:43:25.151168,LINE-2-PACKAGING,86.54,2.52
2026-09-24 03:44:25.151168,LINE-2-PACKAGING,84.61,2.64
2026-09-24 03:45:25.151168,LINE-2-PACKAGING,86.34,2.37
2026-09-24 03:46:25.151168,LINE-2-PACKAGING,85.43,2.46
2026-09-24 03:47:25.151168,LINE-2-PACKAGING,85.93,2.33
2026-09-24 03:48:25.151168,LINE-2-PACKAGING,83.67,2.28
2026-09-24 03:49:25.151168,LINE-2-PACKAGING,86.76,2.19
2026-09-24 03:50:25.151168,LINE-2-PACKAGING,86.76,2.38
2026-09-24 03:51:25.151168,LINE-2-PACKAGING,85.5,2.27
2026-09-24 03:52:25.151168,LINE-2-PACKAGING,86.74,2.4
2026-09-24 03:53:25.151168,LINE-2-PACKAGING,88.09,2.58
2026-09-24 03:54:25.151168,LINE-2-PACKAGING,87.1,2.45
2026-09-24 03:55:25.151168,LINE-2-PACKAGING,85.4,2.34
2026-09-24 03:56:25.151168,LINE-2-PACKAGING,87.31,2.53
2026-09-24 03:57:25.151168,LINE-2-PACKAGING,85.86,2.41
2026-09-24 03:58:25.151168,LINE-2-PACKAGING,83.81,2.59
2026-09-24 03:59:25.151168,LINE-2-PACKAGING,85.97,2.49
2026-09-24 04:00:25.151168,LINE-2-PACKAGING,86.57,2.34
2026-09-24 04:01:25.151168,LINE-2-PACKAGING,85.2,2.39
2026-09-24 04:02:25.151168,LINE-2-PACKAGING,87.59,2.42
2026-09-24 04:03:25.151168,LINE-2-PACKAGING,87.44,2.27
2026-09-24 04:04:25.151168,LINE-2-PACKAGING,86.72,2.34
2026-09-24 04:05:25.151168,LINE-2-PACKAGING,87.04,2.06
2026-09-24 04:06:25.151168,LINE-2-PACKAGING,86.5,2.15
2026-09-24 04:07:25.151168,LINE-2-PACKAGING,85.49,2.19
2026-09-24 04:08:25.151168,LINE-2-PACKAGING,85.94,2.49
2026-09-24 04:09:25.151168,LINE-2-PACKAGING,85.38,2.07
2026-09-24 04:10:25.151168,LINE-2-PACKAGING,86.54,2.43
2026-09-24 04:11:25.151168,LINE-2-PACKAGING,85.7,2.33
2026-09-24 04:12:25.151168,LINE-2-PACKAGING,86.66,2.68
2026-09-24 04:13:25.151168,LINE-2-PACKAGING,87.47,2.43
2026-09-24 04:14:25.151168,LINE-2-PACKAGING,86.18,2.57
2026-09-24 04:15:25.151168,LINE-2-PACKAGING,85.46,2.27
2026-09-24 04:16:25.151168,LINE-2-PACKAGING,86.38,2.49
2026-09-24 04:17:25.151168,LINE-2-PACKAGING,87.29,2.37
2026-09-24 04:18:25.151168,LINE-2-PACKAGING,86.62,2.59
2026-09-24 04:19:25.151168,LINE-2-PACKAGING,84.99,2.52
2026-09-24 04:20:25.151168,LINE-2-PACKAGING,85.98,2.55
2026-09-24 04:21:25.151168,LINE-2-PACKAGING,86.9,2.46
2026-09-24 04:22:25.151168,LINE-2-PACKAGING,85.46,2.18
2026-09-24 04:23:25.151168,LINE-2-PACKAGING,84.73,2.16
2026-09-24 04:24:25.151168,LINE-2-PACKAGING,85.53,2.58
2026-09-24 04:25:25.151168,LINE-2-PACKAGING,87.43,2.46
2026-09-24 04:26:25.151168,LINE-2-PACKAGING,87.26,2.41
2026-09-24 04:27:25.151168,LINE-2-PACKAGING,87.56,2.41
2026-09-24 04:28:25.151168,LINE-2-PACKAGING,86.86,2.66
2026-09-24 04:29:25.151168,LINE-2-PACKAGING,85.14,2.48
2026-09-24 04:30:25.151168,LINE-2-PACKAGING,86.92,2.36
2026-09-24 04:31:25.151168,LINE-2-PACKAGING,84.88,2.1
2026-09-24 04:32:25.151168,LINE-2-PACKAGING,86.29,2.4
2026-09-24 04:33:25.151168,LINE-2-PACKAGING,84.56,2.27
2026-09-24 04:34:25.151168,LINE-2-PACKAGING,86.79,1.99
2026-09-24 04:35:25.151168,LINE-2-PACKAGING,84.54,2.59
2026-09-24 04:36:25.151168,LINE-2-PACKAGING,85.89,2.54
2026-09-24 04:37:25.151168,LINE-2-PACKAGING,86.16,2.5
2026-09-24 04:38:25.151168,LINE-2-PACKAGING,84.77,2.48
2026-09-24 04:39:25.151168,LINE-2-PACKAGING,87.41,2.27
2026-09-24 04:40:25.151168,LINE-2-PACKAGING,86.27,2.44
2026-09-24 04:41:25.151168,LINE-2-PACKAGING,86.18,2.32
2026-09-24 04:42:25.151168,LINE-2-PACKAGING,85.98,2.34
2026-09-24 04:43:25.151168,LINE-2-PACKAGING,87.35,2.48
2026-09-24 04:44:25.151168,LINE-2-PACKAGING,87.31,2.58
2026-09-24 04:45:25.151168,LINE-2-PACKAGING,84.32,2.53
2026-09-24 04:46:25.151168,LINE-2-PACKAGING,87.84,2.61
2026-09-24 04:47:25.151168,LINE-2-PACKAGING,86.49,2.55
2026-09-24 04:48:25.151168,LINE-2-PACKAGING,86.99,2.41
2026-09-24 04:49:25.151168,LINE-2-PACKAGING,87.47,2.42
2026-09-24 04:50:25.151168,LINE-2-PACKAGING,85.37,2.25
2026-09-24 04:51:25.151168,LINE-2-PACKAGING,86.75,2.49
2026-09-24 04:52:25.151168,LINE-2-PACKAGING,86.84,2.47
2026-09-24 04:53:25.151168,LINE-2-PACKAGING,85.98,2.31
2026-09-24 04:54:25.151168,LINE-2-PACKAGING,86.65,2.41
2026-09-24 04:55:25.151168,LINE-2-PACKAGING,86.51,2.47
2026-09-24 04:56:25.151168,LINE-2-PACKAGING,85.98,2.39
2026-09-24 04:57:25.151168,LINE-2-PACKAGING,87.1,2.33
2026-09-24 04:58:25.151168,LINE-2-PACKAGING,87.15,2.42
2026-09-24 04:59:25.151168,LINE-2-PACKAGING,85.74,2.19
2026-09-24 05:00:25.151168,LINE-2-PACKAGING,85.08,2.7
2026-09-24 05:01:25.151168,LINE-2-PACKAGING,85.82,2.25
2026-09-24 05:02:25.151168,LINE-2-PACKAGING,86.98,2.45
2026-09-24 05:03:25.151168,LINE-2-PACKAGING,86.62,2.41
2026-09-24 05:04:25.151168,LINE-2-PACKAGING,84.41,2.47
2026-09-24 05:05:25.151168,LINE-2-PACKAGING,86.92,2.49
2026-09-24 05:06:25.151168,LINE-2-PACKAGING,86.89,2.08
2026-09-24 05:07:25.151168,LINE-2-PACKAGING,85.38,2.39
2026-09-24 05:08:25.151168,LINE-2-PACKAGING,86.36,2.6
2026-09-24 05:09:25.151168,LINE-2-PACKAGING,84.35,2.5
2026-09-24 05:10:25.151168,LINE-2-PACKAGING,86.23,2.44
2026-09-24 05:11:25.151168,LINE-2-PACKAGING,88.16,2.2
2026-09-24 05:12:25.151168,LINE-2-PACKAGING,85.39,2.46
2026-09-24 05:13:25.151168,LINE-2-PACKAGING,86.13,2.5
2026-09-24 05:14:25.151168,LINE-2-PACKAGING,86.19,2.46
2026-09-24 05:15:25.151168,LINE-2-PACKAGING,85.99,2.64
2026-09-24 05:16:25.151168,LINE-2-PACKAGING,85.7,2.49
2026-09-24 05:17:25.151168,LINE-2-PACKAGING,85.31,2.14
2026-09-24 05:18:25.151168,LINE-2-PACKAGING,85.7,2.46
2026-09-24 05:19:25.151168,LINE-2-PACKAGING,85.01,2.17
2026-09-24 05:20:25.151168,LINE-2-PACKAGING,84.74,2.35
2026-09-24 05:21:25.151168,LINE-2-PACKAGING,86.24,2.69
2026-09-24 05:22:25.151168,LINE-2-PACKAGING,87.33,2.45
2026-09-24 05:23:25.151168,LINE-2-PACKAGING,87.95,2.43
2026-09-24 05:24:25.151168,LINE-2-PACKAGING,85.87,2.66
2026-09-24 05:25:25.151168,LINE-2-PACKAGING,85.74,2.43
2026-09-24 05:26:25.151168,LINE-2-PACKAGING,86.69,2.26
2026-09-24 05:27:25.151168,LINE-2-PACKAGING,88.33,2.03
2026-09-24 05:28:25.151168,LINE-2-PACKAGING,87.9,2.37
2026-09-24 05:29:25.151168,LINE-2-PACKAGING,84.1,2.49
2026-09-24 05:30:25.151168,LINE-2-PACKAGING,87.73,2.4
2026-09-24 05:31:25.151168,LINE-2-PACKAGING,85.72,2.28
2026-09-24 05:32:25.151168,LINE-2-PACKAGING,85.13,2.7
2026-09-24 05:33:25.151168,LINE-2-PACKAGING,86.06,2.43
2026-09-24 05:34:25.151168,LINE-2-PACKAGING,85.32,2.27
2026-09-24 05:35:25.151168,LINE-2-PACKAGING,86.08,2.63
2026-09-24 05:36:25.151168,LINE-2-PACKAGING,87.41,2.55
2026-09-24 05:37:25.151168,LINE-2-PACKAGING,86.79,2.47
2026-09-24 05:38:25.151168,LINE-2-PACKAGING,86.23,2.28
2026-09-24 05:39:25.151168,LINE-2-PACKAGING,86.98,1.96
2026-09-24 05:40:25.151168,LINE-2-PACKAGING,85.44,2.64
2026-09-24 05:41:25.151168,LINE-2-PACKAGING,85.81,2.52
2026-09-24 05:42:25.151168,LINE-2-PACKAGING,86.19,2.51
2026-09-24 05:43:25.151168,LINE-2-PACKAGING,87.09,2.42
2026-09-24 05:44:25.151168,LINE-2-PACKAGING,85.78,2.38
2026-09-24 05:45:25.151168,LINE-2-PACKAGING,87.54,2.18
2026-09-24 05:46:25.151168,LINE-2-PACKAGING,87.37,2.42
2026-09-24 05:47:25.151168,LINE-2-PACKAGING,86.27,2.26
2026-09-24 05:48:25.151168,LINE-2-PACKAGING,87.08,2.66
2026-09-24 05:49:25.151168,LINE-2-PACKAGING,86.66,2.45
2026-09-24 05:50:25.151168,LINE-2-PACKAGING,86.91,2.26
2026-09-24 05:51:25.151168,LINE-2-PACKAGING,85.88,2.44
2026-09-24 05:52:25.151168,LINE-2-PACKAGING,86.26,2.33
2026-09-24 05:53:25.151168,LINE-2-PACKAGING,86.14,2.78
2026-09-24 05:54:25.151168,LINE-2-PACKAGING,86.12,2.34
2026-09-24 05:55:25.151168,LINE-2-PACKAGING,86.62,2.4
2026-09-24 05:56:25.151168,LINE-2-PACKAGING,84.19,2.57
2026-09-24 05:57:25.151168,LINE-2-PACKAGING,87.13,2.48
2026-09-24 05:58:25.151168,LINE-2-PACKAGING,84.95,2.19
2026-09-24 05:59:25.151168,LINE-2-PACKAGING,85.53,2.53
2026-09-24 06:00:25.151168,LINE-2-PACKAGING,85.94,2.47
2026-09-24 06:01:25.151168,LINE-2-PACKAGING,86.47,2.18
2026-09-24 06:02:25.151168,LINE-2-PACKAGING,87.36,2.38
2026-09-24 06:03:25.151168,LINE-2-PACKAGING,86.3,2.42
2026-09-24 06:04:25.151168,LINE-2-PACKAGING,84.28,2.44
2026-09-24 06:05:25.151168,LINE-2-PACKAGING,84.76,2.24
2026-09-24 06:06:25.151168,LINE-2-PACKAGING,88.01,2.29
2026-09-24 06:07:25.151168,LINE-2-PACKAGING,87.05,2.56
2026-09-24 06:08:25.151168,LINE-2-PACKAGING,86.34,2.08
2026-09-24 06:09:25.151168,LINE-2-PACKAGING,86.76,2.48
2026-09-24 06:10:25.151168,LINE-2-PACKAGING,87.83,2.25
2026-09-24 06:11:25.151168,LINE-2-PACKAGING,86.33,2.38
2026-09-24 06:12:25.151168,LINE-2-PACKAGING,85.41,2.38
2026-09-24 06:13:25.151168,LINE-2-PACKAGING,85.43,2.25
2026-09-24 06:14:25.151168,LINE-2-PACKAGING,87.36,2.25
2026-09-24 06:15:25.151168,LINE-2-PACKAGING,85.72,2.39
2026-09-24 06:16:25.151168,LINE-2-PACKAGING,86.89,2.47
2026-09-24 06:17:25.151168,LINE-2-PACKAGING,86.47,2.51
2026-09-24 06:18:25.151168,LINE-2-PACKAGING,86.25,2.27
2026-09-24 06:19:25.151168,LINE-2-PACKAGING,86.21,2.31
2026-09-24 06:20:25.151168,LINE-2-PACKAGING,84.15,2.26
2026-09-24 06:21:25.151168,LINE-2-PACKAGING,85.36,2.37
2026-09-24 06:22:25.151168,LINE-2-PACKAGING,85.27,2.67
2026-09-24 06:23:25.151168,LINE-2-PACKAGING,86.34,2.31
2026-09-24 06:24:25.151168,LINE-2-PACKAGING,84.45,2.32
2026-09-24 06:25:25.151168,LINE-2-PACKAGING,86.8,2.42
2026-09-24 06:26:25.151168,LINE-2-PACKAGING,86.3,2.3
2026-09-24 06:27:25.151168,LINE-2-PACKAGING,87.74,2.47
2026-09-24 06:28:25.151168,LINE-2-PACKAGING,85.5,2.23
2026-09-24 06:29:25.151168,LINE-2-PACKAGING,87.76,2.73
2026-09-24 06:30:25.151168,LINE-2-PACKAGING,86.74,2.25
2026-09-24 06:31:25.151168,LINE-2-PACKAGING,87.38,2.51
2026-09-24 06:32:25.151168,LINE-2-PACKAGING,85.75,2.23
2026-09-24 06:33:25.151168,LINE-2-PACKAGING,86.1,2.4
2026-09-24 06:34:25.151168,LINE-2-PACKAGING,85.29,2.39
2026-09-24 06:35:25.151168,LINE-2-PACKAGING,84.83,2.54
2026-09-24 06:36:25.151168,LINE-2-PACKAGING,85.45,2.4
2026-09-24 06:37:25.151168,LINE-2-PACKAGING,86.16,2.42
2026-09-24 06:38:25.151168,LINE-2-PACKAGING,85.6,2.47
2026-09-24 06:39:25.151168,LINE-2-PACKAGING,87.59,2.5
2026-09-24 06:40:25.151168,LINE-2-PACKAGING,84.68,2.45
2026-09-24 06:41:25.151168,LINE-2-PACKAGING,87.49,2.35
2026-09-24 06:42:25.151168,LINE-2-PACKAGING,86.19,2.45
2026-09-24 06:43:25.151168,LINE-2-PACKAGING,86.29,2.58
2026-09-24 06:44:25.151168,LINE-2-PACKAGING,84.88,2.51
2026-09-24 06:45:25.151168,LINE-2-PACKAGING,85.94,2.52
2026-09-24 06:46:25.151168,LINE-2-PACKAGING,85.65,2.37
2026-09-24 06:47:25.151168,LINE-2-PACKAGING,86.18,2.62
2026-09-24 06:48:25.151168,LINE-2-PACKAGING,87.41,2.34
2026-09-24 06:49:25.151168,LINE-2-PACKAGING,86.83,2.31
2026-09-24 06:50:25.151168,LINE-2-PACKAGING,85.84,2.21
2026-09-24 06:51:25.151168,LINE-2-PACKAGING,85.28,2.32
2026-09-24 06:52:25.151168,LINE-2-PACKAGING,85.12,2.44
2026-09-24 06:53:25.151168,LINE-2-PACKAGING,85.15,2.19
2026-09-24 06:54:25.151168,LINE-2-PACKAGING,84.82,2.14
2026-09-24 06:55:25.151168,LINE-2-PACKAGING,86.44,2.51
2026-09-24 06:56:25.151168,LINE-2-PACKAGING,86.7,2.23
2026-09-24 06:57:25.151168,LINE-2-PACKAGING,85.77,2.32
2026-09-24 06:58:25.151168,LINE-2-PACKAGING,86.29,2.33
2026-09-24 06:59:25.151168,LINE-2-PACKAGING,84.46,2.36
2026-09-24 07:00:25.151168,LINE-2-PACKAGING,85.59,2.32
2026-09-24 07:01:25.151168,LINE-2-PACKAGING,86.2,2.19
2026-09-24 07:02:25.151168,LINE-2-PACKAGING,85.04,2.2
2026-09-24 07:03:25.151168,LINE-2-PACKAGING,88.18,2.19
2026-09-24 07:04:25.151168,LINE-2-PACKAGING,86.95,2.36
2026-09-24 07:05:25.151168,LINE-2-PACKAGING,88.02,2.43
2026-09-24 07:06:25.151168,LINE-2-PACKAGING,85.58,2.25
2026-09-24 07:07:25.151168,LINE-2-PACKAGING,87.34,2.3
2026-09-24 07:08:25.151168,LINE-2-PACKAGING,85.81,2.32
2026-09-24 07:09:25.151168,LINE-2-PACKAGING,84.38,2.24
2026-09-24 07:10:25.151168,LINE-2-PACKAGING,86.21,2.55
2026-09-24 07:11:25.151168,LINE-2-PACKAGING,84.14,2.38
2026-09-24 07:12:25.151168,LINE-2-PACKAGING,85.47,2.41
2026-09-24 07:13:25.151168,LINE-2-PACKAGING,86.45,1.9
2026-09-24 07:14:25.151168,LINE-2-PACKAGING,86.18,2.38
2026-09-24 07:15:25.151168,LINE-2-PACKAGING,86.54,2.23
2026-09-24 07:16:25.151168,LINE-2-PACKAGING,73.58,2.24
2026-09-24 07:17:25.151168,LINE-2-PACKAGING,76.96,2.12
2026-09-24 07:18:25.151168,LINE-2-PACKAGING,74.09,1.99
2026-09-24 07:19:25.151168,LINE-2-PACKAGING,75.92,2.11
2026-09-24 07:20:25.151168,LINE-2-PACKAGING,75.62,2.14
2026-09-24 07:21:25.151168,LINE-2-PACKAGING,75.99,1.98
2026-09-24 07:22:25.151168,LINE-2-PACKAGING,74.37,1.97
2026-09-24 07:23:25.151168,LINE-2-PACKAGING,75.62,1.9
2026-09-24 07:24:25.151168,LINE-2-PACKAGING,74.45,2.12
2026-09-24 07:25:25.151168,LINE-2-PACKAGING,74.17,1.91
2026-09-24 07:26:25.151168,LINE-2-PACKAGING,73.6,2.29
2026-09-24 07:27:25.151168,LINE-2-PACKAGING,76.26,1.91
2026-09-24 07:28:25.151168,LINE-2-PACKAGING,74.06,2.03
2026-09-24 07:29:25.151168,LINE-2-PACKAGING,75.87,1.92
2026-09-24 07:30:25.151168,LINE-2-PACKAGING,73.24,2.16
2026-09-24 07:31:25.151168,LINE-2-PACKAGING,75.54,1.85
2026-09-24 07:32:25.151168,LINE-2-PACKAGING,75.88,1.96
2026-09-24 07:33:25.151168,LINE-2-PACKAGING,75.01,2.08
2026-09-24 07:34:25.151168,LINE-2-PACKAGING,74.14,2.04
2026-09-24 07:35:25.151168,LINE-2-PACKAGING,73.65,2.09
2026-09-24 07:36:25.151168,LINE-2-PACKAGING,75.73,1.87
2026-09-24 07:37:25.151168,LINE-2-PACKAGING,74.96,1.85
2026-09-24 07:38:25.151168,LINE-2-PACKAGING,73.75,1.99
2026-09-24 07:39:25.151168,LINE-2-PACKAGING,75.78,2.26
2026-09-24 07:40:25.151168,LINE-2-PACKAGING,73.21,2.15
2026-09-24 07:41:25.151168,LINE-2-PACKAGING,74.35,2.21
2026-09-24 07:42:25.151168,LINE-2-PACKAGING,75.9,1.86
2026-09-24 07:43:25.151168,LINE-2-PACKAGING,76.47,2.04
2026-09-24 07:44:25.151168,LINE-2-PACKAGING,73.38,1.62
2026-09-24 07:45:25.151168,LINE-2-PACKAGING,74.82,2.01
2026-09-24 07:46:25.151168,LINE-2-PACKAGING,75.06,2.35
2026-09-24 07:47:25.151168,LINE-2-PACKAGING,74.18,2.14
2026-09-24 07:48:25.151168,LINE-2-PACKAGING,75.83,1.79
2026-09-24 07:49:25.151168,LINE-2-PACKAGING,74.6,2.28
2026-09-24 07:50:25.151168,LINE-2-PACKAGING,75.26,2.19
2026-09-24 07:51:25.151168,LINE-2-PACKAGING,74.63,1.94
2026-09-24 07:52:25.151168,LINE-2-PACKAGING,75.22,1.86
2026-09-24 07:53:25.151168,LINE-2-PACKAGING,74.76,2.44
2026-09-24 07:54:25.151168,LINE-2-PACKAGING,73.36,2.09
2026-09-24 07:55:25.151168,LINE-2-PACKAGING,73.28,1.96
2026-09-24 07:56:25.151168,LINE-2-PACKAGING,75.62,1.91
2026-09-24 07:57:25.151168,LINE-2-PACKAGING,73.31,2.06
2026-09-24 07:58:25.151168,LINE-2-PACKAGING,73.5,2.13
2026-09-24 07:59:25.151168,LINE-2-PACKAGING,74.33,2.07
2026-09-24 08:00:25.151168,LINE-2-PACKAGING,73.72,2.03
2026-09-24 08:01:25.151168,LINE-2-PACKAGING,75.71,1.75
2026-09-24 08:02:25.151168,LINE-2-PACKAGING,75.56,2.21
2026-09-24 08:03:25.151168,LINE-2-PACKAGING,77.07,1.95
2026-09-24 08:04:25.151168,LINE-2-PACKAGING,74.99,2.01
2026-09-24 08:05:25.151168,LINE-2-PACKAGING,75.11,2.18
2026-09-24 08:06:25.151168,LINE-2-PACKAGING,75.91,1.94
2026-09-24 08:07:25.151168,LINE-2-PACKAGING,75.38,1.6
2026-09-24 08:08:25.151168,LINE-2-PACKAGING,74.43,2.14
2026-09-24 08:09:25.151168,LINE-2-PACKAGING,75.83,1.94
2026-09-24 08:10:25.151168,LINE-2-PACKAGING,74.74,1.86
2026-09-24 08:11:25.151168,LINE-2-PACKAGING,74.67,1.85
2026-09-24 08:12:25.151168,LINE-2-PACKAGING,74.53,1.78
2026-09-24 08:13:25.151168,LINE-2-PACKAGING,74.25,1.9
2026-09-24 08:14:25.151168,LINE-2-PACKAGING,73.13,2.04
2026-09-24 08:15:25.151168,LINE-2-PACKAGING,75.87,2.11
2026-09-24 08:16:25.151168,LINE-2-PACKAGING,73.76,2.1
2026-09-24 08:17:25.151168,LINE-2-PACKAGING,74.1,1.99
2026-09-24 08:18:25.151168,LINE-2-PACKAGING,75.78,2.28
2026-09-24 08:19:25.151168,LINE-2-PACKAGING,74.0,1.98
2026-09-24 08:20:25.151168,LINE-2-PACKAGING,75.95,1.85
2026-09-24 08:21:25.151168,LINE-2-PACKAGING,76.48,2.01
2026-09-24 08:22:25.151168,LINE-2-PACKAGING,73.36,2.13
2026-09-24 08:23:25.151168,LINE-2-PACKAGING,76.69,2.11
2026-09-24 08:24:25.151168,LINE-2-PACKAGING,76.35,2.06
2026-09-24 08:25:25.151168,LINE-2-PACKAGING,76.03,2.12
2026-09-24 08:26:25.151168,LINE-2-PACKAGING,74.18,1.74
2026-09-24 08:27:25.151168,LINE-2-PACKAGING,73.48,1.88
2026-09-24 08:28:25.151168,LINE-2-PACKAGING,75.36,1.77
2026-09-24 08:29:25.151168,LINE-2-PACKAGING,74.13,2.04
2026-09-24 08:30:25.151168,LINE-2-PACKAGING,75.3,1.74
2026-09-24 08:31:25.151168,LINE-2-PACKAGING,74.99,2.11
2026-09-24 08:32:25.151168,LINE-2-PACKAGING,75.59,1.94
2026-09-24 08:33:25.151168,LINE-2-PACKAGING,75.75,1.72
2026-09-24 08:34:25.151168,LINE-2-PACKAGING,74.49,1.92
2026-09-24 08:35:25.151168,LINE-2-PACKAGING,73.0,2.29
2026-09-24 08:36:25.151168,LINE-2-PACKAGING,74.22,2.26
2026-09-24 08:37:25.151168,LINE-2-PACKAGING,77.59,1.97
2026-09-24 08:38:25.151168,LINE-2-PACKAGING,77.01,2.04
2026-09-24 08:39:25.151168,LINE-2-PACKAGING,74.69,2.2
2026-09-24 08:40:25.151168,LINE-2-PACKAGING,73.02,2.15
2026-09-24 08:41:25.151168,LINE-2-PACKAGING,76.92,2.07
2026-09-24 08:42:25.151168,LINE-2-PACKAGING,74.58,1.89
2026-09-24 08:43:25.151168,LINE-2-PACKAGING,75.33,1.98
2026-09-24 08:44:25.151168,LINE-2-PACKAGING,74.85,2.05
2026-09-24 08:45:25.151168,LINE-2-PACKAGING,75.21,2.13
2026-09-24 08:46:25.151168,LINE-2-PACKAGING,75.64,2.02
2026-09-24 08:47:25.151168,LINE-2-PACKAGING,74.71,2.05
2026-09-24 08:48:25.151168,LINE-2-PACKAGING,74.73,2.1
2026-09-24 08:49:25.151168,LINE-2-PACKAGING,73.53,1.79
2026-09-24 08:50:25.151168,LINE-2-PACKAGING,74.95,1.73
2026-09-24 08:51:25.151168,LINE-2-PACKAGING,75.34,1.84
2026-09-24 08:52:25.151168,LINE-2-PACKAGING,75.78,1.95
2026-09-24 08:53:25.151168,LINE-2-PACKAGING,73.42,2.16
2026-09-24 08:54:25.151168,LINE-2-PACKAGING,75.96,2.05
2026-09-24 08:55:25.151168,LINE-2-PACKAGING,76.42,1.67
2026-09-24 08:56:25.151168,LINE-2-PACKAGING,75.9,2.02
2026-09-24 08:57:25.151168,LINE-2-PACKAGING,74.66,1.9
2026-09-24 08:58:25.151168,LINE-2-PACKAGING,76.11,2.15
2026-09-24 08:59:25.151168,LINE-2-PACKAGING,72.64,2.05
2026-09-24 09:00:25.151168,LINE-2-PACKAGING,74.97,1.95
2026-09-24 09:01:25.151168,LINE-2-PACKAGING,74.69,1.8
2026-09-24 09:02:25.151168,LINE-2-PACKAGING,75.23,2.2
2026-09-24 09:03:25.151168,LINE-2-PACKAGING,73.79,2.22
2026-09-24 09:04:25.151168,LINE-2-PACKAGING,75.02,1.94
2026-09-24 09:05:25.151168,LINE-2-PACKAGING,73.27,1.92
2026-09-24 09:06:25.151168,LINE-2-PACKAGING,75.16,1.71
2026-09-24 09:07:25.151168,LINE-2-PACKAGING,76.32,2.16
2026-09-24 09:08:25.151168,LINE-2-PACKAGING,75.2,1.93
2026-09-24 09:09:25.151168,LINE-2-PACKAGING,74.57,2.17
2026-09-24 09:10:25.151168,LINE-2-PACKAGING,76.28,2.18
2026-09-24 09:11:25.151168,LINE-2-PACKAGING,74.73,2.11
2026-09-24 09:12:25.151168,LINE-2-PACKAGING,75.79,1.74
2026-09-24 09:13:25.151168,LINE-2-PACKAGING,73.98,1.88
2026-09-24 09:14:25.151168,LINE-2-PACKAGING,75.63,1.95
2026-09-24 09:15:25.151168,LINE-2-PACKAGING,73.8,1.72
2026-09-24 09:16:25.151168,LINE-2-PACKAGING,73.7,1.95
2026-09-24 09:17:25.151168,LINE-2-PACKAGING,74.87,2.01
2026-09-24 09:18:25.151168,LINE-2-PACKAGING,74.3,2.29
2026-09-24 09:19:25.151168,LINE-2-PACKAGING,74.35,2.07
2026-09-24 09:20:25.151168,LINE-2-PACKAGING,74.92,1.96
2026-09-24 09:21:25.151168,LINE-2-PACKAGING,74.57,1.77
2026-09-24 09:22:25.151168,LINE-2-PACKAGING,74.73,2.07
2026-09-24 09:23:25.151168,LINE-2-PACKAGING,74.57,2.05
2026-09-24 09:24:25.151168,LINE-2-PACKAGING,73.38,2.11
2026-09-24 09:25:25.151168,LINE-2-PACKAGING,77.04,1.94
2026-09-24 09:26:25.151168,LINE-2-PACKAGING,74.31,1.98
2026-09-24 09:27:25.151168,LINE-2-PACKAGING,75.37,1.96
2026-09-24 09:28:25.151168,LINE-2-PACKAGING,76.06,2.15
2026-09-24 09:29:25.151168,LINE-2-PACKAGING,75.74,1.97
2026-09-24 09:30:25.151168,LINE-2-PACKAGING,73.37,2.24
2026-09-24 09:31:25.151168,LINE-2-PACKAGING,74.59,1.92
2026-09-24 09:32:25.151168,LINE-2-PACKAGING,76.12,1.82
2026-09-24 09:33:25.151168,LINE-2-PACKAGING,76.53,1.98
2026-09-24 09:34:25.151168,LINE-2-PACKAGING,74.76,1.8
2026-09-24 09:35:25.151168,LINE-2-PACKAGING,75.59,2.0
2026-09-24 09:36:25.151168,LINE-2-PACKAGING,76.11,2.13
2026-09-24 09:37:25.151168,LINE-2-PACKAGING,75.71,2.1
2026-09-24 09:38:25.151168,LINE-2-PACKAGING,76.11,1.73
2026-09-24 09:39:25.151168,LINE-2-PACKAGING,74.95,1.96
2026-09-24 09:40:25.151168,LINE-2-PACKAGING,73.99,2.19
2026-09-24 09:41:25.151168,LINE-2-PACKAGING,73.31,2.09
2026-09-24 09:42:25.151168,LINE-2-PACKAGING,75.77,2.2
2026-09-24 09:43:25.151168,LINE-2-PACKAGING,74.32,1.88
2026-09-24 09:44:25.151168,LINE-2-PACKAGING,76.18,2.2
2026-09-24 09:45:25.151168,LINE-2-PACKAGING,75.33,1.98
2026-09-24 09:46:25.151168,LINE-2-PACKAGING,74.26,2.02
2026-09-24 09:47:25.151168,LINE-2-PACKAGING,76.11,2.07
2026-09-24 09:48:25.151168,LINE-2-PACKAGING,74.3,1.99
2026-09-24 09:49:25.151168,LINE-2-PACKAGING,74.47,1.83
2026-09-24 09:50:25.151168,LINE-2-PACKAGING,73.6,2.1
2026-09-24 09:51:25.151168,LINE-2-PACKAGING,74.62,1.85
2026-09-24 09:52:25.151168,LINE-2-PACKAGING,74.12,1.96
2026-09-24 09:53:25.151168,LINE-2-PACKAGING,74.34,1.97
2026-09-24 09:54:25.151168,LINE-2-PACKAGING,75.56,2.13
2026-09-24 09:55:25.151168,LINE-2-PACKAGING,72.91,2.2
2026-09-24 09:56:25.151168,LINE-2-PACKAGING,74.74,2.18
2026-09-24 09:57:25.151168,LINE-2-PACKAGING,74.19,1.9
2026-09-24 09:58:25.151168,LINE-2-PACKAGING,74.85,1.96
2026-09-24 09:59:25.151168,LINE-2-PACKAGING,74.19,1.87
2026-09-24 10:00:25.151168,LINE-2-PACKAGING,75.06,2.12
2026-09-24 10:01:25.151168,LINE-2-PACKAGING,73.81,1.79
2026-09-24 10:02:25.151168,LINE-2-PACKAGING,75.86,1.97
2026-09-24 10:03:25.151168,LINE-2-PACKAGING,73.57,1.78
2026-09-24 10:04:25.151168,LINE-2-PACKAGING,73.92,2.1
2026-09-24 10:05:25.151168,LINE-2-PACKAGING,75.0,1.86
2026-09-24 10:06:25.151168,LINE-2-PACKAGING,74.38,2.17
2026-09-24 10:07:25.151168,LINE-2-PACKAGING,75.5,1.83
2026-09-24 10:08:25.151168,LINE-2-PACKAGING,76.05,2.03
2026-09-24 10:09:25.151168,LINE-2-PACKAGING,74.33,1.93
2026-09-24 10:10:25.151168,LINE-2-PACKAGING,74.04,2.16
2026-09-24 10:11:25.151168,LINE-2-PACKAGING,76.54,2.18
2026-09-24 10:12:25.151168,LINE-2-PACKAGING,72.32,1.64
2026-09-24 10:13:25.151168,LINE-2-PACKAGING,74.73,2.15
2026-09-24 10:14:25.151168,LINE-2-PACKAGING,75.86,2.01
2026-09-24 10:15:25.151168,LINE-2-PACKAGING,74.16,1.75
2026-09-24 10:16:25.151168,LINE-2-PACKAGING,73.24,1.85
2026-09-24 10:17:25.151168,LINE-2-PACKAGING,74.18,2.16
2026-09-24 10:18:25.151168,LINE-2-PACKAGING,74.07,1.75
2026-09-24 10:19:25.151168,LINE-2-PACKAGING,75.52,2.06
2026-09-24 10:20:25.151168,LINE-2-PACKAGING,76.34,1.84
2026-09-24 10:21:25.151168,LINE-2-PACKAGING,77.59,1.86
2026-09-24 10:22:25.151168,LINE-2-PACKAGING,74.04,1.98
2026-09-24 10:23:25.151168,LINE-2-PACKAGING,74.33,1.88
2026-09-24 10:24:25.151168,LINE-2-PACKAGING,73.44,1.96
2026-09-24 10:25:25.151168,LINE-2-PACKAGING,75.92,1.98
2026-09-24 10:26:25.151168,LINE-2-PACKAGING,74.84,1.76
2026-09-24 10:27:25.151168,LINE-2-PACKAGING,75.21,1.9
2026-09-24 10:28:25.151168,LINE-2-PACKAGING,76.38,2.09
2026-09-24 10:29:25.151168,LINE-2-PACKAGING,74.61,1.98
2026-09-24 10:30:25.151168,LINE-2-PACKAGING,76.53,2.09
2026-09-24 10:31:25.151168,LINE-2-PACKAGING,75.37,1.72
2026-09-24 10:32:25.151168,LINE-2-PACKAGING,74.84,1.96
2026-09-24 10:33:25.151168,LINE-2-PACKAGING,75.39,2.02
2026-09-24 10:34:25.151168,LINE-2-PACKAGING,78.4,1.95
2026-09-24 10:35:25.151168,LINE-2-PACKAGING,74.65,2.28
2026-09-24 10:36:25.151168,LINE-2-PACKAGING,75.45,1.91
2026-09-24 10:37:25.151168,LINE-2-PACKAGING,75.14,2.07
2026-09-24 10:38:25.151168,LINE-2-PACKAGING,75.79,1.85
2026-09-24 10:39:25.151168,LINE-2-PACKAGING,75.82,1.88
2026-09-24 10:40:25.151168,LINE-2-PACKAGING,73.02,2.1
2026-09-24 10:41:25.151168,LINE-2-PACKAGING,75.58,1.89
2026-09-24 10:42:25.151168,LINE-2-PACKAGING,73.34,1.97
2026-09-24 10:43:25.151168,LINE-2-PACKAGING,75.51,2.09
2026-09-24 10:44:25.151168,LINE-2-PACKAGING,75.06,1.91
2026-09-24 10:45:25.151168,LINE-2-PACKAGING,76.47,2.1
2026-09-24 10:46:25.151168,LINE-2-PACKAGING,72.87,1.92
2026-09-24 10:47:25.151168,LINE-2-PACKAGING,75.83,2.23
2026-09-24 10:48:25.151168,LINE-2-PACKAGING,73.93,1.7
2026-09-24 10:49:25.151168,LINE-2-PACKAGING,75.87,2.01
2026-09-24 10:50:25.151168,LINE-2-PACKAGING,76.57,2.09
2026-09-24 10:51:25.151168,LINE-2-PACKAGING,75.01,1.98
2026-09-24 10:52:25.151168,LINE-2-PACKAGING,76.16,1.85
2026-09-24 10:53:25.151168,LINE-2-PACKAGING,74.99,2.1
2026-09-24 10:54:25.151168,LINE-2-PACKAGING,75.91,1.88
2026-09-24 10:55:25.151168,LINE-2-PACKAGING,75.8,2.0
2026-09-24 10:56:25.151168,LINE-2-PACKAGING,75.17,2.1
2026-09-24 10:57:25.151168,LINE-2-PACKAGING,75.15,1.76
2026-09-24 10:58:25.151168,LINE-2-PACKAGING,76.09,1.96
2026-09-24 10:59:25.151168,LINE-2-PACKAGING,75.78,2.19
2026-09-24 11:00:25.151168,LINE-2-PACKAGING,73.21,2.0
2026-09-24 11:01:25.151168,LINE-2-PACKAGING,74.11,2.0
2026-09-24 11:02:25.151168,LINE-2-PACKAGING,76.91,2.34
2026-09-24 11:03:25.151168,LINE-2-PACKAGING,74.37,2.05
2026-09-24 11:04:25.151168,LINE-2-PACKAGING,73.16,2.16
2026-09-24 11:05:25.151168,LINE-2-PACKAGING,76.12,2.08
2026-09-24 11:06:25.151168,LINE-2-PACKAGING,73.49,1.82
2026-09-24 11:07:25.151168,LINE-2-PACKAGING,76.05,1.92
2026-09-24 11:08:25.151168,LINE-2-PACKAGING,74.46,2.04
2026-09-24 11:09:25.151168,LINE-2-PACKAGING,74.04,2.12
2026-09-24 11:10:25.151168,LINE-2-PACKAGING,75.01,1.9
2026-09-24 11:11:25.151168,LINE-2-PACKAGING,76.17,2.25
2026-09-24 11:12:25.151168,LINE-2-PACKAGING,75.77,2.18
2026-09-24 11:13:25.151168,LINE-2-PACKAGING,74.1,2.18
2026-09-24 11:14:25.151168,LINE-2-PACKAGING,73.96,2.18
2026-09-24 11:15:25.151168,LINE-2-PACKAGING,74.22,2.08
2026-09-24 11:16:25.151168,LINE-2-PACKAGING,74.73,1.92
2026-09-24 11:17:25.151168,LINE-2-PACKAGING,74.83,2.0
2026-09-24 11:18:25.151168,LINE-2-PACKAGING,77.56,2.08
2026-09-24 11:19:25.151168,LINE-2-PACKAGING,77.3,1.93
2026-09-24 11:20:25.151168,LINE-2-PACKAGING,74.03,2.03
2026-09-24 11:21:25.151168,LINE-2-PACKAGING,73.88,2.18
2026-09-24 11:22:25.151168,LINE-2-PACKAGING,74.81,2.22
2026-09-24 11:23:25.151168,LINE-2-PACKAGING,75.06,1.94
2026-09-24 11:24:25.151168,LINE-2-PACKAGING,75.99,1.69
2026-09-24 11:25:25.151168,LINE-2-PACKAGING,73.89,2.06
2026-09-24 11:26:25.151168,LINE-2-PACKAGING,75.07,1.95
2026-09-24 11:27:25.151168,LINE-2-PACKAGING,74.92,1.96
2026-09-24 11:28:25.151168,LINE-2-PACKAGING,76.38,1.93
2026-09-24 11:29:25.151168,LINE-2-PACKAGING,76.8,1.94
2026-09-24 11:30:25.151168,LINE-2-PACKAGING,75.58,1.86
2026-09-24 11:31:25.151168,LINE-2-PACKAGING,73.78,2.17
2026-09-24 11:32:25.151168,LINE-2-PACKAGING,75.14,1.98
2026-09-24 11:33:25.151168,LINE-2-PACKAGING,76.07,2.14
2026-09-24 11:34:25.151168,LINE-2-PACKAGING,74.46,1.98
2026-09-24 11:35:25.151168,LINE-2-PACKAGING,75.07,2.18
2026-09-24 11:36:25.151168,LINE-2-PACKAGING,73.4,1.78
2026-09-24 11:37:25.151168,LINE-2-PACKAGING,73.99,2.31
2026-09-24 11:38:25.151168,LINE-2-PACKAGING,75.8,2.07
2026-09-24 11:39:25.151168,LINE-2-PACKAGING,74.08,1.71
2026-09-24 11:40:25.151168,LINE-2-PACKAGING,76.83,1.99
2026-09-24 11:41:25.151168,LINE-2-PACKAGING,75.7,2.01
2026-09-24 11:42:25.151168,LINE-2-PACKAGING,74.47,2.2
2026-09-24 11:43:25.151168,LINE-2-PACKAGING,75.2,2.04
2026-09-24 11:44:25.151168,LINE-2-PACKAGING,76.12,1.88
2026-09-24 11:45:25.151168,LINE-2-PACKAGING,76.21,1.61
2026-09-24 11:46:25.151168,LINE-2-PACKAGING,74.29,1.9
2026-09-24 11:47:25.151168,LINE-2-PACKAGING,72.55,2.06
2026-09-24 11:48:25.151168,LINE-2-PACKAGING,72.57,2.11
2026-09-24 11:49:25.151168,LINE-2-PACKAGING,76.1,1.94
2026-09-24 11:50:25.151168,LINE-2-PACKAGING,74.36,1.87
2026-09-24 11:51:25.151168,LINE-2-PACKAGING,73.69,1.91
2026-09-24 11:52:25.151168,LINE-2-PACKAGING,75.74,2.02
2026-09-24 11:53:25.151168,LINE-2-PACKAGING,75.92,2.2
2026-09-24 11:54:25.151168,LINE-2-PACKAGING,76.08,2.3
2026-09-24 11:55:25.151168,LINE-2-PACKAGING,74.82,2.13
2026-09-24 11:56:25.151168,LINE-2-PACKAGING,76.5,1.94
2026-09-24 11:57:25.151168,LINE-2-PACKAGING,75.84,1.74
2026-09-24 11:58:25.151168,LINE-2-PACKAGING,73.67,2.32
2026-09-24 11:59:25.151168,LINE-2-PACKAGING,74.88,2.19
2026-09-24 12:00:25.151168,LINE-2-PACKAGING,74.83,1.9
2026-09-24 12:01:25.151168,LINE-2-PACKAGING,76.49,1.75
2026-09-24 12:02:25.151168,LINE-2-PACKAGING,77.46,2.09
2026-09-24 12:03:25.151168,LINE-2-PACKAGING,75.81,2.11
2026-09-24 12:04:25.151168,LINE-2-PACKAGING,74.28,2.19
2026-09-24 12:05:25.151168,LINE-2-PACKAGING,74.86,1.99
2026-09-24 12:06:25.151168,LINE-2-PACKAGING,74.54,1.81
2026-09-24 12:07:25.151168,LINE-2-PACKAGING,75.51,2.06
2026-09-24 12:08:25.151168,LINE-2-PACKAGING,74.29,2.27
2026-09-24 12:09:25.151168,LINE-2-PACKAGING,75.78,1.84
2026-09-24 12:10:25.151168,LINE-2-PACKAGING,74.83,1.77
2026-09-24 12:11:25.151168,LINE-2-PACKAGING,75.58,2.14
2026-09-24 12:12:25.151168,LINE-2-PACKAGING,75.87,2.06
2026-09-24 12:13:25.151168,LINE-2-PACKAGING,75.85,1.98
2026-09-24 12:14:25.151168,LINE-2-PACKAGING,75.33,2.03
2026-09-24 12:15:25.151168,LINE-2-PACKAGING,74.52,1.78
2026-09-24 12:16:25.151168,LINE-2-PACKAGING,74.52,2.12
2026-09-24 12:17:25.151168,LINE-2-PACKAGING,75.08,1.69
2026-09-24 12:18:25.151168,LINE-2-PACKAGING,73.52,1.62
2026-09-24 12:19:25.151168,LINE-2-PACKAGING,74.41,1.99
2026-09-24 12:20:25.151168,LINE-2-PACKAGING,75.36,1.91
2026-09-24 12:21:25.151168,LINE-2-PACKAGING,76.77,1.83
2026-09-24 12:22:25.151168,LINE-2-PACKAGING,74.45,1.93
2026-09-24 12:23:25.151168,LINE-2-PACKAGING,74.56,2.25
2026-09-24 12:24:25.151168,LINE-2-PACKAGING,74.4,2.06
2026-09-24 12:25:25.151168,LINE-2-PACKAGING,75.59,2.03
2026-09-24 12:26:25.151168,LINE-2-PACKAGING,74.15,2.12
2026-09-24 12:27:25.151168,LINE-2-PACKAGING,75.23,2.05
2026-09-24 12:28:25.151168,LINE-2-PACKAGING,75.68,1.95
2026-09-24 12:29:25.151168,LINE-2-PACKAGING,75.12,1.9
2026-09-24 12:30:25.151168,LINE-2-PACKAGING,75.38,2.15
2026-09-24 12:31:25.151168,LINE-2-PACKAGING,74.67,2.02
2026-09-24 12:32:25.151168,LINE-2-PACKAGING,74.76,2.13
2026-09-24 12:33:25.151168,LINE-2-PACKAGING,74.11,1.79
2026-09-24 12:34:25.151168,LINE-2-PACKAGING,75.78,1.98
2026-09-24 12:35:25.151168,LINE-2-PACKAGING,75.26,2.13
2026-09-24 12:36:25.151168,LINE-2-PACKAGING,72.38,2.13
2026-09-24 12:37:25.151168,LINE-2-PACKAGING,75.02,2.03
2026-09-24 12:38:25.151168,LINE-2-PACKAGING,74.92,1.94
2026-09-24 12:39:25.151168,LINE-2-PACKAGING,76.25,1.81
2026-09-24 12:40:25.151168,LINE-2-PACKAGING,75.15,1.7
2026-09-24 12:41:25.151168,LINE-2-PACKAGING,76.85,2.13
2026-09-24 12:42:25.151168,LINE-2-PACKAGING,74.23,1.88
2026-09-24 12:43:25.151168,LINE-2-PACKAGING,75.11,1.68
2026-09-24 12:44:25.151168,LINE-2-PACKAGING,77.69,2.04
2026-09-24 12:45:25.151168,LINE-2-PACKAGING,74.81,1.93
2026-09-24 12:46:25.151168,LINE-2-PACKAGING,77.1,2.06
2026-09-24 12:47:25.151168,LINE-2-PACKAGING,75.54,2.16
2026-09-24 12:48:25.151168,LINE-2-PACKAGING,74.13,2.15
2026-09-24 12:49:25.151168,LINE-2-PACKAGING,77.02,1.99
2026-09-24 12:50:25.151168,LINE-2-PACKAGING,74.44,1.8
2026-09-24 12:51:25.151168,LINE-2-PACKAGING,75.5,2.02
2026-09-24 12:52:25.151168,LINE-2-PACKAGING,76.38,2.18
2026-09-24 12:53:25.151168,LINE-2-PACKAGING,78.7,1.86
2026-09-24 12:54:25.151168,LINE-2-PACKAGING,75.14,1.95
2026-09-24 12:55:25.151168,LINE-2-PACKAGING,74.79,1.88
2026-09-24 12:56:25.151168,LINE-2-PACKAGING,73.86,1.9
2026-09-24 12:57:25.151168,LINE-2-PACKAGING,75.38,1.96
2026-09-24 12:58:25.151168,LINE-2-PACKAGING,74.85,1.94
2026-09-24 12:59:25.151168,LINE-2-PACKAGING,74.16,1.91
2026-09-24 13:00:25.151168,LINE-2-PACKAGING,74.43,1.96
2026-09-24 13:01:25.151168,LINE-2-PACKAGING,76.79,1.97
2026-09-24 13:02:25.151168,LINE-2-PACKAGING,75.65,1.87
2026-09-24 13:03:25.151168,LINE-2-PACKAGING,74.66,2.15
2026-09-24 13:04:25.151168,LINE-2-PACKAGING,75.17,2.06
2026-09-24 13:05:25.151168,LINE-2-PACKAGING,76.83,2.1
2026-09-24 13:06:25.151168,LINE-2-PACKAGING,75.75,2.09
2026-09-24 13:07:25.151168,LINE-2-PACKAGING,73.68,1.83
2026-09-24 13:08:25.151168,LINE-2-PACKAGING,74.73,1.99
2026-09-24 13:09:25.151168,LINE-2-PACKAGING,75.09,1.78
2026-09-24 13:10:25.151168,LINE-2-PACKAGING,74.09,1.73
2026-09-24 13:11:25.151168,LINE-2-PACKAGING,74.3,2.27
2026-09-24 13:12:25.151168,LINE-2-PACKAGING,75.41,2.06
2026-09-24 13:13:25.151168,LINE-2-PACKAGING,75.62,2.09
2026-09-24 13:14:25.151168,LINE-2-PACKAGING,74.57,2.07
2026-09-24 13:15:25.151168,LINE-2-PACKAGING,74.89,1.98
2026-09-24 13:16:25.151168,LINE-2-PACKAGING,73.89,2.19
2026-09-24 13:17:25.151168,LINE-2-PACKAGING,74.58,1.96
2026-09-24 13:18:25.151168,LINE-2-PACKAGING,75.98,2.2
2026-09-24 13:19:25.151168,LINE-2-PACKAGING,76.32,2.0
2026-09-24 13:20:25.151168,LINE-2-PACKAGING,74.21,1.8
2026-09-24 13:21:25.151168,LINE-2-PACKAGING,76.14,1.99
2026-09-24 13:22:25.151168,LINE-2-PACKAGING,74.4,1.99
2026-09-24 13:23:25.151168,LINE-2-PACKAGING,73.99,1.83
2026-09-24 13:24:25.151168,LINE-2-PACKAGING,73.97,1.97
2026-09-24 13:25:25.151168,LINE-2-PACKAGING,76.72,1.93
2026-09-24 13:26:25.151168,LINE-2-PACKAGING,72.73,2.1
2026-09-24 13:27:25.151168,LINE-2-PACKAGING,73.81,2.14
2026-09-24 13:28:25.151168,LINE-2-PACKAGING,73.18,1.94
2026-09-24 13:29:25.151168,LINE-2-PACKAGING,74.46,2.02
2026-09-24 13:30:25.151168,LINE-2-PACKAGING,73.19,1.96
2026-09-24 13:31:25.151168,LINE-2-PACKAGING,74.43,1.97
2026-09-24 13:32:25.151168,LINE-2-PACKAGING,76.46,1.81
2026-09-24 13:33:25.151168,LINE-2-PACKAGING,75.33,1.9
2026-09-24 13:34:25.151168,LINE-2-PACKAGING,75.68,2.04
2026-09-24 13:35:25.151168,LINE-2-PACKAGING,75.11,2.04
2026-09-24 13:36:25.151168,LINE-2-PACKAGING,75.3,2.17
2026-09-24 13:37:25.151168,LINE-2-PACKAGING,74.72,1.99
2026-09-24 13:38:25.151168,LINE-2-PACKAGING,74.99,1.63
2026-09-24 13:39:25.151168,LINE-2-PACKAGING,74.56,1.89
2026-09-24 13:40:25.151168,LINE-2-PACKAGING,74.81,2.08
2026-09-24 13:41:25.151168,LINE-2-PACKAGING,74.87,2.19
2026-09-24 13:42:25.151168,LINE-2-PACKAGING,75.33,2.07
2026-09-24 13:43:25.151168,LINE-2-PACKAGING,73.85,2.32
2026-09-24 13:44:25.151168,LINE-2-PACKAGING,74.13,2.01
2026-09-24 13:45:25.151168,LINE-2-PACKAGING,74.84,1.99
2026-09-24 13:46:25.151168,LINE-2-PACKAGING,75.1,2.22
2026-09-24 13:47:25.151168,LINE-2-PACKAGING,75.61,1.92
2026-09-24 13:48:25.151168,LINE-2-PACKAGING,74.95,2.14
2026-09-24 13:49:25.151168,LINE-2-PACKAGING,75.12,2.06
2026-09-24 13:50:25.151168,LINE-2-PACKAGING,73.66,2.08
2026-09-24 13:51:25.151168,LINE-2-PACKAGING,74.73,1.98
2026-09-24 13:52:25.151168,LINE-2-PACKAGING,74.58,2.22
2026-09-24 13:53:25.151168,LINE-2-PACKAGING,74.24,2.2
2026-09-24 13:54:25.151168,LINE-2-PACKAGING,74.97,1.8
2026-09-24 13:55:25.151168,LINE-2-PACKAGING,75.05,1.89
2026-09-24 13:56:25.151168,LINE-2-PACKAGING,74.19,1.98
2026-09-24 13:57:25.151168,LINE-2-PACKAGING,74.92,1.79
2026-09-24 13:58:25.151168,LINE-2-PACKAGING,74.71,2.16
2026-09-24 13:59:25.151168,LINE-2-PACKAGING,75.45,1.89
2026-09-24 14:00:25.151168,LINE-2-PACKAGING,74.08,2.01
2026-09-24 14:01:25.151168,LINE-2-PACKAGING,75.28,2.01
2026-09-24 14:02:25.151168,LINE-2-PACKAGING,76.01,2.09
2026-09-24 14:03:25.151168,LINE-2-PACKAGING,76.83,1.81
2026-09-24 14:04:25.151168,LINE-2-PACKAGING,73.09,2.03
2026-09-24 14:05:25.151168,LINE-2-PACKAGING,75.41,1.74
2026-09-24 14:06:25.151168,LINE-2-PACKAGING,74.01,1.81
2026-09-24 14:07:25.151168,LINE-2-PACKAGING,76.89,1.99
2026-09-24 14:08:25.151168,LINE-2-PACKAGING,74.15,2.03
2026-09-24 14:09:25.151168,LINE-2-PACKAGING,74.51,2.13
2026-09-24 14:10:25.151168,LINE-2-PACKAGING,75.37,1.99
2026-09-24 14:11:25.151168,LINE-2-PACKAGING,75.85,2.06
2026-09-24 14:12:25.151168,LINE-2-PACKAGING,74.66,2.03
2026-09-24 14:13:25.151168,LINE-2-PACKAGING,76.08,2.11
2026-09-24 14:14:25.151168,LINE-2-PACKAGING,75.19,2.05
2026-09-24 14:15:25.151168,LINE-2-PACKAGING,74.24,1.71
2026-09-24 14:16:25.151168,LINE-2-PACKAGING,75.26,2.05
2026-09-24 14:17:25.151168,LINE-2-PACKAGING,73.11,1.78
2026-09-24 14:18:25.151168,LINE-2-PACKAGING,75.09,2.15
2026-09-24 14:19:25.151168,LINE-2-PACKAGING,77.98,2.05
2026-09-24 14:20:25.151168,LINE-2-PACKAGING,75.58,2.02
2026-09-24 14:21:25.151168,LINE-2-PACKAGING,76.56,2.14
2026-09-24 14:22:25.151168,LINE-2-PACKAGING,76.27,1.83
2026-09-24 14:23:25.151168,LINE-2-PACKAGING,75.14,1.82
2026-09-24 14:24:25.151168,LINE-2-PACKAGING,74.0,2.05
2026-09-24 14:25:25.151168,LINE-2-PACKAGING,75.76,2.23
2026-09-24 14:26:25.151168,LINE-2-PACKAGING,75.54,1.79
2026-09-24 14:27:25.151168,LINE-2-PACKAGING,73.52,1.72
2026-09-24 14:28:25.151168,LINE-2-PACKAGING,76.88,1.98
2026-09-24 14:29:25.151168,LINE-2-PACKAGING,75.18,2.38
2026-09-24 14:30:25.151168,LINE-2-PACKAGING,74.95,2.06
2026-09-24 14:31:25.151168,LINE-2-PACKAGING,73.67,2.27
2026-09-24 14:32:25.151168,LINE-2-PACKAGING,75.12,1.98
2026-09-24 14:33:25.151168,LINE-2-PACKAGING,76.39,1.89
2026-09-24 14:34:25.151168,LINE-2-PACKAGING,76.07,1.98
2026-09-24 14:35:25.151168,LINE-2-PACKAGING,74.49,2.01
2026-09-24 14:36:25.151168,LINE-2-PACKAGING,75.08,1.76
2026-09-24 14:37:25.151168,LINE-2-PACKAGING,75.18,2.13
2026-09-24 14:38:25.151168,LINE-2-PACKAGING,74.9,2.16
2026-09-24 14:39:25.151168,LINE-2-PACKAGING,73.7,2.06
2026-09-24 14:40:25.151168,LINE-2-PACKAGING,73.84,1.54
2026-09-24 14:41:25.151168,LINE-2-PACKAGING,74.61,2.05
2026-09-24 14:42:25.151168,LINE-2-PACKAGING,73.75,2.22
2026-09-24 14:43:25.151168,LINE-2-PACKAGING,76.57,2.18
2026-09-24 14:44:25.151168,LINE-2-PACKAGING,74.86,2.32
2026-09-24 14:45:25.151168,LINE-2-PACKAGING,73.2,2.47
2026-09-24 14:46:25.151168,LINE-2-PACKAGING,73.76,1.89
2026-09-24 14:47:25.151168,LINE-2-PACKAGING,76.93,1.88
2026-09-24 14:48:25.151168,LINE-2-PACKAGING,75.72,1.92
2026-09-24 14:49:25.151168,LINE-2-PACKAGING,75.74,1.75
2026-09-24 14:50:25.151168,LINE-2-PACKAGING,73.92,2.12
2026-09-24 14:51:25.151168,LINE-2-PACKAGING,75.16,2.0
2026-09-24 14:52:25.151168,LINE-2-PACKAGING,75.75,2.0
2026-09-24 14:53:25.151168,LINE-2-PACKAGING,74.27,1.82
2026-09-24 14:54:25.151168,LINE-2-PACKAGING,74.21,1.79
2026-09-24 14:55:25.151168,LINE-2-PACKAGING,75.66,2.0
2026-09-24 14:56:25.151168,LINE-2-PACKAGING,75.05,2.04
2026-09-24 14:57:25.151168,LINE-2-PACKAGING,75.07,2.1
2026-09-24 14:58:25.151168,LINE-2-PACKAGING,74.53,1.95
2026-09-24 14:59:25.151168,LINE-2-PACKAGING,74.35,1.9
2026-09-24 15:00:25.151168,LINE-2-PACKAGING,74.63,1.99
2026-09-24 15:01:25.151168,LINE-2-PACKAGING,74.38,2.04
2026-09-24 15:02:25.151168,LINE-2-PACKAGING,74.56,2.12
2026-09-24 15:03:25.151168,LINE-2-PACKAGING,74.13,2.13
2026-09-24 15:04:25.151168,LINE-2-PACKAGING,76.52,2.29
2026-09-24 15:05:25.151168,LINE-2-PACKAGING,74.31,1.74
2026-09-24 15:06:25.151168,LINE-2-PACKAGING,75.22,2.06
2026-09-24 15:07:25.151168,LINE-2-PACKAGING,74.45,1.96
2026-09-24 15:08:25.151168,LINE-2-PACKAGING,74.74,2.03
2026-09-24 15:09:25.151168,LINE-2-PACKAGING,74.17,2.11
2026-09-24 15:10:25.151168,LINE-2-PACKAGING,75.46,2.08
2026-09-24 15:11:25.151168,LINE-2-PACKAGING,75.2,1.96
2026-09-24 15:12:25.151168,LINE-2-PACKAGING,75.65,1.98
2026-09-24 15:13:25.151168,LINE-2-PACKAGING,73.69,1.95
2026-09-24 15:14:25.151168,LINE-2-PACKAGING,75.59,1.94
2026-09-24 15:15:25.151168,LINE-2-PACKAGING,75.05,2.0
2026-09-24 15:16:25.151168,LINE-2-PACKAGING,74.45,2.14
2026-09-24 15:17:25.151168,LINE-2-PACKAGING,75.75,1.72
2026-09-24 15:18:25.151168,LINE-2-PACKAGING,73.82,1.92
2026-09-24 15:19:25.151168,LINE-2-PACKAGING,76.22,1.96
2026-09-24 15:20:25.151168,LINE-2-PACKAGING,73.85,2.08
2026-09-24 15:21:25.151168,LINE-2-PACKAGING,75.42,1.93
2026-09-24 15:22:25.151168,LINE-2-PACKAGING,75.81,2.18
2026-09-24 15:23:25.151168,LINE-2-PACKAGING,73.16,2.03
2026-09-24 15:24:25.151168,LINE-2-PACKAGING,75.35,1.98
2026-09-24 15:25:25.151168,LINE-2-PACKAGING,75.53,2.0
2026-09-24 15:26:25.151168,LINE-2-PACKAGING,74.3,2.14
2026-09-24 15:27:25.151168,LINE-2-PACKAGING,74.79,2.17
2026-09-24 15:28:25.151168,LINE-2-PACKAGING,73.64,1.88
2026-09-24 15:29:25.151168,LINE-2-PACKAGING,73.63,1.81
2026-09-24 15:30:25.151168,LINE-2-PACKAGING,76.67,1.79
2026-09-24 15:31:25.151168,LINE-2-PACKAGING,73.6,2.08
2026-09-24 15:32:25.151168,LINE-2-PACKAGING,75.11,1.89
2026-09-24 15:33:25.151168,LINE-2-PACKAGING,73.95,1.93
2026-09-24 15:34:25.151168,LINE-2-PACKAGING,73.67,2.06
2026-09-24 15:35:25.151168,LINE-2-PACKAGING,75.81,2.06
2026-09-24 15:36:25.151168,LINE-2-PACKAGING,76.61,1.86
2026-09-24 15:37:25.151168,LINE-2-PACKAGING,73.51,2.15
2026-09-24 15:38:25.151168,LINE-2-PACKAGING,74.99,2.17
2026-09-24 15:39:25.151168,LINE-2-PACKAGING,75.43,2.15
2026-09-24 15:40:25.151168,LINE-2-PACKAGING,74.82,1.92
2026-09-24 15:41:25.151168,LINE-2-PACKAGING,74.99,1.96
2026-09-24 15:42:25.151168,LINE-2-PACKAGING,75.44,2.07
2026-09-24 15:43:25.151168,LINE-2-PACKAGING,74.76,2.01
2026-09-24 15:44:25.151168,LINE-2-PACKAGING,74.46,2.01
2026-09-24 15:45:25.151168,LINE-2-PACKAGING,74.22,1.88
2026-09-24 15:46:25.151168,LINE-2-PACKAGING,75.57,2.24
2026-09-24 15:47:25.151168,LINE-2-PACKAGING,74.3,1.95
2026-09-24 15:48:25.151168,LINE-2-PACKAGING,75.4,2.23
2026-09-24 15:49:25.151168,LINE-2-PACKAGING,73.14,2.03
2026-09-24 15:50:25.151168,LINE-2-PACKAGING,75.69,2.16
2026-09-24 15:51:25.151168,LINE-2-PACKAGING,74.08,2.18
2026-09-24 15:52:25.151168,LINE-2-PACKAGING,75.22,2.26
2026-09-24 15:53:25.151168,LINE-2-PACKAGING,76.3,2.12
2026-09-24 15:54:25.151168,LINE-2-PACKAGING,74.8,2.02
2026-09-24 15:55:25.151168,LINE-2-PACKAGING,74.82,2.0
2026-09-24 15:56:25.151168,LINE-2-PACKAGING,73.35,1.87
2026-09-24 15:57:25.151168,LINE-2-PACKAGING,75.92,2.09
2026-09-24 15:58:25.151168,LINE-2-PACKAGING,75.33,2.06
2026-09-24 15:59:25.151168,LINE-2-PACKAGING,75.62,2.08
2026-09-24 16:00:25.151168,LINE-2-PACKAGING,76.42,2.05
2026-09-24 16:01:25.151168,LINE-2-PACKAGING,75.35,2.06
2026-09-24 16:02:25.151168,LINE-2-PACKAGING,74.48,1.92
2026-09-24 16:03:25.151168,LINE-2-PACKAGING,76.38,1.98
2026-09-24 16:04:25.151168,LINE-2-PACKAGING,75.49,2.06
2026-09-24 16:05:25.151168,LINE-2-PACKAGING,75.33,2.01
2026-09-24 16:06:25.151168,LINE-2-PACKAGING,74.42,2.05
2026-09-24 16:07:25.151168,LINE-2-PACKAGING,76.15,2.1
2026-09-24 16:08:25.151168,LINE-2-PACKAGING,75.27,1.88
2026-09-24 16:09:25.151168,LINE-2-PACKAGING,76.01,2.0
2026-09-24 16:10:25.151168,LINE-2-PACKAGING,75.71,1.79
2026-09-24 16:11:25.151168,LINE-2-PACKAGING,76.57,1.99
2026-09-24 16:12:25.151168,LINE-2-PACKAGING,75.48,1.91
2026-09-24 16:13:25.151168,LINE-2-PACKAGING,76.3,2.01
2026-09-24 16:14:25.151168,LINE-2-PACKAGING,75.93,1.94
2026-09-24 16:15:25.151168,LINE-2-PACKAGING,85.79,2.28
2026-09-24 16:16:25.151168,LINE-2-PACKAGING,86.04,2.44
2026-09-24 16:17:25.151168,LINE-2-PACKAGING,86.09,2.54
2026-09-24 16:18:25.151168,LINE-2-PACKAGING,84.94,2.23
2026-09-24 16:19:25.151168,LINE-2-PACKAGING,85.94,2.37
2026-09-24 16:20:25.151168,LINE-2-PACKAGING,85.77,2.45
2026-09-24 16:21:25.151168,LINE-2-PACKAGING,87.48,2.23
2026-09-24 16:22:25.151168,LINE-2-PACKAGING,86.2,2.14
2026-09-24 16:23:25.151168,LINE-2-PACKAGING,88.22,2.63
2026-09-24 16:24:25.151168,LINE-2-PACKAGING,85.81,2.38
2026-09-24 16:25:25.151168,LINE-2-PACKAGING,86.1,2.23
2026-09-24 16:26:25.151168,LINE-2-PACKAGING,86.26,2.67
2026-09-24 16:27:25.151168,LINE-2-PACKAGING,85.09,2.35
2026-09-24 16:28:25.151168,LINE-2-PACKAGING,86.3,2.3
2026-09-24 16:29:25.151168,LINE-2-PACKAGING,86.9,2.61
2026-09-24 16:30:25.151168,LINE-2-PACKAGING,86.76,2.41
2026-09-24 16:31:25.151168,LINE-2-PACKAGING,86.2,2.58
2026-09-24 16:32:25.151168,LINE-2-PACKAGING,85.33,2.2
2026-09-24 16:33:25.151168,LINE-2-PACKAGING,85.58,2.58
2026-09-24 16:34:25.151168,LINE-2-PACKAGING,85.36,2.49
2026-09-24 16:35:25.151168,LINE-2-PACKAGING,85.64,2.47
2026-09-24 16:36:25.151168,LINE-2-PACKAGING,84.42,2.46
2026-09-24 16:37:25.151168,LINE-2-PACKAGING,84.58,2.35
2026-09-24 16:38:25.151168,LINE-2-PACKAGING,86.45,2.5
2026-09-24 16:39:25.151168,LINE-2-PACKAGING,87.33,2.05
2026-09-24 16:40:25.151168,LINE-2-PACKAGING,87.15,2.58
2026-09-24 16:41:25.151168,LINE-2-PACKAGING,85.36,2.46
2026-09-24 16:42:25.151168,LINE-2-PACKAGING,85.08,2.47
2026-09-24 16:43:25.151168,LINE-2-PACKAGING,86.66,2.33
2026-09-24 16:44:25.151168,LINE-2-PACKAGING,86.9,2.54
2026-09-24 16:45:25.151168,LINE-2-PACKAGING,85.8,2.62
2026-09-24 16:46:25.151168,LINE-2-PACKAGING,86.67,2.55
2026-09-24 16:47:25.151168,LINE-2-PACKAGING,87.21,2.27
2026-09-24 16:48:25.151168,LINE-2-PACKAGING,86.91,2.0
2026-09-24 16:49:25.151168,LINE-2-PACKAGING,86.44,2.49
2026-09-24 16:50:25.151168,LINE-2-PACKAGING,85.86,2.16
2026-09-24 16:51:25.151168,LINE-2-PACKAGING,85.52,2.26
2026-09-24 16:52:25.151168,LINE-2-PACKAGING,84.78,2.35
2026-09-24 16:53:25.151168,LINE-2-PACKAGING,87.91,2.55
2026-09-24 16:54:25.151168,LINE-2-PACKAGING,84.72,2.25
2026-09-24 16:55:25.151168,LINE-2-PACKAGING,86.45,2.27
2026-09-24 16:56:25.151168,LINE-2-PACKAGING,86.1,2.46
2026-09-24 16:57:25.151168,LINE-2-PACKAGING,87.14,2.35
2026-09-24 16:58:25.151168,LINE-2-PACKAGING,87.8,2.3
2026-09-24 16:59:25.151168,LINE-2-PACKAGING,87.54,2.4
2026-09-24 17:00:25.151168,LINE-2-PACKAGING,86.53,2.48
2026-09-24 17:01:25.151168,LINE-2-PACKAGING,87.38,2.48
2026-09-24 17:02:25.151168,LINE-2-PACKAGING,84.72,2.23
2026-09-24 17:03:25.151168,LINE-2-PACKAGING,85.21,2.42
2026-09-24 17:04:25.151168,LINE-2-PACKAGING,87.12,2.46
2026-09-24 17:05:25.151168,LINE-2-PACKAGING,86.81,2.73
2026-09-24 17:06:25.151168,LINE-2-PACKAGING,85.91,2.58
2026-09-24 17:07:25.151168,LINE-2-PACKAGING,83.8,2.41
2026-09-24 17:08:25.151168,LINE-2-PACKAGING,85.7,2.36
2026-09-24 17:09:25.151168,LINE-2-PACKAGING,85.98,2.46
2026-09-24 17:10:25.151168,LINE-2-PACKAGING,85.55,2.26
2026-09-24 17:11:25.151168,LINE-2-PACKAGING,85.38,2.41
2026-09-24 17:12:25.151168,LINE-2-PACKAGING,87.96,2.34
2026-09-24 17:13:25.151168,LINE-2-PACKAGING,86.29,2.41
2026-09-24 17:14:25.151168,LINE-2-PACKAGING,86.85,2.5
2026-09-24 17:15:25.151168,LINE-2-PACKAGING,86.66,2.46
2026-09-24 17:16:25.151168,LINE-2-PACKAGING,87.73,2.43
2026-09-24 17:17:25.151168,LINE-2-PACKAGING,88.61,2.33
2026-09-24 17:18:25.151168,LINE-2-PACKAGING,85.07,2.74
2026-09-24 17:19:25.151168,LINE-2-PACKAGING,86.18,2.28
2026-09-24 17:20:25.151168,LINE-2-PACKAGING,85.03,2.16
2026-09-24 17:21:25.151168,LINE-2-PACKAGING,86.54,2.56
2026-09-24 17:22:25.151168,LINE-2-PACKAGING,86.24,2.54
2026-09-24 17:23:25.151168,LINE-2-PACKAGING,85.79,2.52
2026-09-24 17:24:25.151168,LINE-2-PACKAGING,86.37,2.33
2026-09-24 17:25:25.151168,LINE-2-PACKAGING,84.41,2.45
2026-09-24 17:26:25.151168,LINE-2-PACKAGING,87.02,2.61
2026-09-24 17:27:25.151168,LINE-2-PACKAGING,86.38,2.4
2026-09-24 17:28:25.151168,LINE-2-PACKAGING,85.9,2.47
2026-09-24 17:29:25.151168,LINE-2-PACKAGING,86.03,2.36
2026-09-24 17:30:25.151168,LINE-2-PACKAGING,86.12,2.24
2026-09-24 17:31:25.151168,LINE-2-PACKAGING,85.63,2.59
2026-09-24 17:32:25.151168,LINE-2-PACKAGING,85.98,2.17
2026-09-24 17:33:25.151168,LINE-2-PACKAGING,87.33,2.25
2026-09-24 17:34:25.151168,LINE-2-PACKAGING,87.05,2.04
2026-09-24 17:35:25.151168,LINE-2-PACKAGING,84.29,1.88
2026-09-24 17:36:25.151168,LINE-2-PACKAGING,87.25,1.94
2026-09-24 17:37:25.151168,LINE-2-PACKAGING,85.67,2.47
2026-09-24 17:38:25.151168,LINE-2-PACKAGING,88.43,2.7
2026-09-24 17:39:25.151168,LINE-2-PACKAGING,86.08,2.38
2026-09-24 17:40:25.151168,LINE-2-PACKAGING,85.66,2.44
2026-09-24 17:41:25.151168,LINE-2-PACKAGING,84.42,2.3
2026-09-24 17:42:25.151168,LINE-2-PACKAGING,85.86,2.5
2026-09-24 17:43:25.151168,LINE-2-PACKAGING,86.21,2.44
2026-09-24 17:44:25.151168,LINE-2-PACKAGING,84.21,2.43
2026-09-24 17:45:25.151168,LINE-2-PACKAGING,86.63,2.43
2026-09-24 17:46:25.151168,LINE-2-PACKAGING,85.24,2.63
2026-09-24 17:47:25.151168,LINE-2-PACKAGING,87.27,2.49
2026-09-24 17:48:25.151168,LINE-2-PACKAGING,87.86,2.69
2026-09-24 17:49:25.151168,LINE-2-PACKAGING,85.54,2.45
2026-09-24 17:50:25.151168,LINE-2-PACKAGING,85.38,2.5
2026-09-24 17:51:25.151168,LINE-2-PACKAGING,87.77,2.29
2026-09-24 17:52:25.151168,LINE-2-PACKAGING,86.8,2.32
2026-09-24 17:53:25.151168,LINE-2-PACKAGING,87.52,2.25
2026-09-24 17:54:25.151168,LINE-2-PACKAGING,85.36,2.17
2026-09-24 17:55:25.151168,LINE-2-PACKAGING,84.69,2.34
2026-09-24 17:56:25.151168,LINE-2-PACKAGING,85.51,2.13
2026-09-24 17:57:25.151168,LINE-2-PACKAGING,86.79,2.46
2026-09-24 17:58:25.151168,LINE-2-PACKAGING,88.12,2.46
2026-09-24 17:59:25.151168,LINE-2-PACKAGING,84.58,2.33
2026-09-24 18:00:25.151168,LINE-2-PACKAGING,86.28,2.47
2026-09-24 18:01:25.151168,LINE-2-PACKAGING,85.73,2.24
2026-09-24 18:02:25.151168,LINE-2-PACKAGING,86.54,2.34
2026-09-24 18:03:25.151168,LINE-2-PACKAGING,86.67,2.34
2026-09-24 18:04:25.151168,LINE-2-PACKAGING,88.31,2.44
2026-09-24 18:05:25.151168,LINE-2-PACKAGING,85.72,2.24
2026-09-24 18:06:25.151168,LINE-2-PACKAGING,87.07,2.67
2026-09-24 18:07:25.151168,LINE-2-PACKAGING,88.22,2.42
2026-09-24 18:08:25.151168,LINE-2-PACKAGING,85.81,2.42
2026-09-24 18:09:25.151168,LINE-2-PACKAGING,85.66,2.22
2026-09-24 18:10:25.151168,LINE-2-PACKAGING,84.5,2.4
2026-09-24 18:11:25.151168,LINE-2-PACKAGING,85.95,2.49
2026-09-24 18:12:25.151168,LINE-2-PACKAGING,85.65,2.44
2026-09-24 18:13:25.151168,LINE-2-PACKAGING,86.53,2.47
2026-09-24 18:14:25.151168,LINE-2-PACKAGING,86.16,2.61
2026-09-24 18:15:25.151168,LINE-2-PACKAGING,85.47,2.4
2026-09-24 18:16:25.151168,LINE-2-PACKAGING,86.04,2.35
2026-09-24 18:17:25.151168,LINE-2-PACKAGING,85.87,2.4
2026-09-24 18:18:25.151168,LINE-2-PACKAGING,85.02,2.44
2026-09-24 18:19:25.151168,LINE-2-PACKAGING,89.66,2.29
2026-09-24 18:20:25.151168,LINE-2-PACKAGING,85.5,2.47
2026-09-24 18:21:25.151168,LINE-2-PACKAGING,85.32,2.39
2026-09-24 18:22:25.151168,LINE-2-PACKAGING,85.21,2.45
2026-09-24 18:23:25.151168,LINE-2-PACKAGING,85.07,2.4
2026-09-24 18:24:25.151168,LINE-2-PACKAGING,85.97,2.45
2026-09-24 18:25:25.151168,LINE-2-PACKAGING,85.36,2.36
2026-09-24 18:26:25.151168,LINE-2-PACKAGING,85.28,2.62
2026-09-24 18:27:25.151168,LINE-2-PACKAGING,87.44,2.64
2026-09-24 18:28:25.151168,LINE-2-PACKAGING,85.31,2.08
2026-09-24 18:29:25.151168,LINE-2-PACKAGING,86.04,2.23
2026-09-24 18:30:25.151168,LINE-2-PACKAGING,86.51,2.3
2026-09-24 18:31:25.151168,LINE-2-PACKAGING,85.05,2.48
2026-09-24 18:32:25.151168,LINE-2-PACKAGING,85.92,2.45
2026-09-24 18:33:25.151168,LINE-2-PACKAGING,86.29,2.39
2026-09-24 18:34:25.151168,LINE-2-PACKAGING,85.44,2.57
2026-09-24 18:35:25.151168,LINE-2-PACKAGING,85.15,2.56
2026-09-24 18:36:25.151168,LINE-2-PACKAGING,88.2,2.34
2026-09-24 18:37:25.151168,LINE-2-PACKAGING,86.54,2.09
2026-09-24 18:38:25.151168,LINE-2-PACKAGING,86.28,2.27
2026-09-24 18:39:25.151168,LINE-2-PACKAGING,86.09,2.32
2026-09-24 18:40:25.151168,LINE-2-PACKAGING,85.76,2.56
2026-09-24 18:41:25.151168,LINE-2-PACKAGING,86.49,2.38
2026-09-24 18:42:25.151168,LINE-2-PACKAGING,86.69,2.31
2026-09-24 18:43:25.151168,LINE-2-PACKAGING,83.99,2.28
2026-09-24 18:44:25.151168,LINE-2-PACKAGING,86.84,2.45
2026-09-24 18:45:25.151168,LINE-2-PACKAGING,88.16,2.29
2026-09-24 18:46:25.151168,LINE-2-PACKAGING,86.42,2.25
2026-09-24 18:47:25.151168,LINE-2-PACKAGING,85.48,2.51
2026-09-24 18:48:25.151168,LINE-2-PACKAGING,86.41,2.15
2026-09-24 18:49:25.151168,LINE-2-PACKAGING,87.19,2.35
2026-09-24 18:50:25.151168,LINE-2-PACKAGING,86.5,2.53
2026-09-24 18:51:25.151168,LINE-2-PACKAGING,86.26,2.36
2026-09-24 18:52:25.151168,LINE-2-PACKAGING,84.77,2.25
2026-09-24 18:53:25.151168,LINE-2-PACKAGING,87.6,2.54
2026-09-24 18:54:25.151168,LINE-2-PACKAGING,87.48,2.3
2026-09-24 18:55:25.151168,LINE-2-PACKAGING,87.55,2.36
2026-09-24 18:56:25.151168,LINE-2-PACKAGING,87.02,2.48
2026-09-24 18:57:25.151168,LINE-2-PACKAGING,86.01,2.54
2026-09-24 18:58:25.151168,LINE-2-PACKAGING,86.14,2.4
2026-09-24 18:59:25.151168,LINE-2-PACKAGING,87.12,2.42
2026-09-24 19:00:25.151168,LINE-2-PACKAGING,87.07,2.37
2026-09-24 19:01:25.151168,LINE-2-PACKAGING,88.44,2.6
2026-09-24 19:02:25.151168,LINE-2-PACKAGING,85.77,2.15
2026-09-24 19:03:25.151168,LINE-2-PACKAGING,84.2,2.42
2026-09-24 19:04:25.151168,LINE-2-PACKAGING,85.69,2.26
2026-09-24 19:05:25.151168,LINE-2-PACKAGING,85.58,2.44
2026-09-24 19:06:25.151168,LINE-2-PACKAGING,85.6,2.61
2026-09-24 19:07:25.151168,LINE-2-PACKAGING,85.78,2.62
2026-09-24 19:08:25.151168,LINE-2-PACKAGING,86.49,2.55
2026-09-24 19:09:25.151168,LINE-2-PACKAGING,87.79,2.61
2026-09-24 19:10:25.151168,LINE-2-PACKAGING,83.79,2.4
2026-09-24 19:11:25.151168,LINE-2-PACKAGING,85.69,2.56
2026-09-24 19:12:25.151168,LINE-2-PACKAGING,87.19,2.51
2026-09-24 19:13:25.151168,LINE-2-PACKAGING,87.54,2.43
2026-09-24 19:14:25.151168,LINE-2-PACKAGING,86.84,2.51
2026-09-24 19:15:25.151168,LINE-2-PACKAGING,86.09,2.55
2026-09-24 19:16:25.151168,LINE-2-PACKAGING,74.16,2.18
2026-09-24 19:17:25.151168,LINE-2-PACKAGING,75.76,1.73
2026-09-24 19:18:25.151168,LINE-2-PACKAGING,76.93,1.87
2026-09-24 19:19:25.151168,LINE-2-PACKAGING,72.88,2.0
2026-09-24 19:20:25.151168,LINE-2-PACKAGING,76.97,1.97
2026-09-24 19:21:25.151168,LINE-2-PACKAGING,75.16,1.97
2026-09-24 19:22:25.151168,LINE-2-PACKAGING,75.35,2.19
2026-09-24 19:23:25.151168,LINE-2-PACKAGING,75.45,2.07
2026-09-24 19:24:25.151168,LINE-2-PACKAGING,75.52,2.1
2026-09-24 19:25:25.151168,LINE-2-PACKAGING,74.85,1.95
2026-09-24 19:26:25.151168,LINE-2-PACKAGING,76.12,1.97
2026-09-24 19:27:25.151168,LINE-2-PACKAGING,73.43,1.9
2026-09-24 19:28:25.151168,LINE-2-PACKAGING,75.57,2.0
2026-09-24 19:29:25.151168,LINE-2-PACKAGING,74.83,2.12
2026-09-24 19:30:25.151168,LINE-2-PACKAGING,74.75,2.13
2026-09-24 19:31:25.151168,LINE-2-PACKAGING,74.55,1.87
2026-09-24 19:32:25.151168,LINE-2-PACKAGING,74.2,1.83
2026-09-24 19:33:25.151168,LINE-2-PACKAGING,74.37,2.14
2026-09-24 19:34:25.151168,LINE-2-PACKAGING,74.76,1.97
2026-09-24 19:35:25.151168,LINE-2-PACKAGING,75.76,2.04
2026-09-24 19:36:25.151168,LINE-2-PACKAGING,75.37,2.28
2026-09-24 19:37:25.151168,LINE-2-PACKAGING,75.43,2.16
2026-09-24 19:38:25.151168,LINE-2-PACKAGING,74.98,2.18
2026-09-24 19:39:25.151168,LINE-2-PACKAGING,76.32,2.01
2026-09-24 19:40:25.151168,LINE-2-PACKAGING,76.32,1.94
2026-09-24 19:41:25.151168,LINE-2-PACKAGING,75.35,1.78
2026-09-24 19:42:25.151168,LINE-2-PACKAGING,74.81,1.66
2026-09-24 19:43:25.151168,LINE-2-PACKAGING,75.86,1.91
2026-09-24 19:44:25.151168,LINE-2-PACKAGING,75.6,2.14
2026-09-24 19:45:25.151168,LINE-2-PACKAGING,74.97,1.85
2026-09-24 19:46:25.151168,LINE-2-PACKAGING,74.78,1.97
2026-09-24 19:47:25.151168,LINE-2-PACKAGING,74.15,1.88
2026-09-24 19:48:25.151168,LINE-2-PACKAGING,76.85,1.85
2026-09-24 19:49:25.151168,LINE-2-PACKAGING,76.93,2.26
2026-09-24 19:50:25.151168,LINE-2-PACKAGING,75.55,2.04
2026-09-24 19:51:25.151168,LINE-2-PACKAGING,74.95,2.13
2026-09-24 19:52:25.151168,LINE-2-PACKAGING,75.22,2.04
2026-09-24 19:53:25.151168,LINE-2-PACKAGING,74.95,1.86
2026-09-24 19:54:25.151168,LINE-2-PACKAGING,75.81,1.9
2026-09-24 19:55:25.151168,LINE-2-PACKAGING,75.16,1.96
2026-09-24 19:56:25.151168,LINE-2-PACKAGING,74.64,2.14
2026-09-24 19:57:25.151168,LINE-2-PACKAGING,74.46,2.08
2026-09-24 19:58:25.151168,LINE-2-PACKAGING,75.77,1.97
2026-09-24 19:59:25.151168,LINE-2-PACKAGING,74.69,1.94
2026-09-24 20:00:25.151168,LINE-2-PACKAGING,73.68,1.9
2026-09-24 20:01:25.151168,LINE-2-PACKAGING,75.11,1.96
2026-09-24 20:02:25.151168,LINE-2-PACKAGING,75.57,2.17
2026-09-24 20:03:25.151168,LINE-2-PACKAGING,74.57,2.04
2026-09-24 20:04:25.151168,LINE-2-PACKAGING,74.05,2.02
2026-09-24 20:05:25.151168,LINE-2-PACKAGING,74.41,1.87
2026-09-24 20:06:25.151168,LINE-2-PACKAGING,76.04,1.97
2026-09-24 20:07:25.151168,LINE-2-PACKAGING,74.47,2.0
2026-09-24 20:08:25.151168,LINE-2-PACKAGING,76.13,2.17
2026-09-24 20:09:25.151168,LINE-2-PACKAGING,73.38,1.84
2026-09-24 20:10:25.151168,LINE-2-PACKAGING,75.25,1.98
2026-09-24 20:11:25.151168,LINE-2-PACKAGING,74.66,2.01
2026-09-24 20:12:25.151168,LINE-2-PACKAGING,74.26,2.14
2026-09-24 20:13:25.151168,LINE-2-PACKAGING,74.45,1.96
2026-09-24 20:14:25.151168,LINE-2-PACKAGING,74.12,2.06
2026-09-24 20:15:25.151168,LINE-2-PACKAGING,74.83,1.95
2026-09-24 20:16:25.151168,LINE-2-PACKAGING,75.19,1.94
2026-09-24 20:17:25.151168,LINE-2-PACKAGING,75.04,1.9
2026-09-24 20:18:25.151168,LINE-2-PACKAGING,74.59,2.22
2026-09-24 20:19:25.151168,LINE-2-PACKAGING,74.71,1.98
2026-09-24 20:20:25.151168,LINE-2-PACKAGING,76.33,2.06
2026-09-24 20:21:25.151168,LINE-2-PACKAGING,75.24,1.76
2026-09-24 20:22:25.151168,LINE-2-PACKAGING,75.06,2.04
2026-09-24 20:23:25.151168,LINE-2-PACKAGING,72.1,1.79
2026-09-24 20:24:25.151168,LINE-2-PACKAGING,74.08,1.92
2026-09-24 20:25:25.151168,LINE-2-PACKAGING,74.61,1.81
2026-09-24 20:26:25.151168,LINE-2-PACKAGING,75.0,2.09
2026-09-24 20:27:25.151168,LINE-2-PACKAGING,77.4,1.98
2026-09-24 20:28:25.151168,LINE-2-PACKAGING,75.76,2.0
2026-09-24 20:29:25.151168,LINE-2-PACKAGING,76.29,1.99
2026-09-24 20:30:25.151168,LINE-2-PACKAGING,74.09,2.05
2026-09-24 20:31:25.151168,LINE-2-PACKAGING,76.06,2.13
2026-09-24 20:32:25.151168,LINE-2-PACKAGING,75.98,2.3
2026-09-24 20:33:25.151168,LINE-2-PACKAGING,75.48,2.0
2026-09-24 20:34:25.151168,LINE-2-PACKAGING,74.98,1.85
2026-09-24 20:35:25.151168,LINE-2-PACKAGING,75.48,2.24
2026-09-24 20:36:25.151168,LINE-2-PACKAGING,74.3,1.84
2026-09-24 20:37:25.151168,LINE-2-PACKAGING,76.62,2.16
2026-09-24 20:38:25.151168,LINE-2-PACKAGING,74.26,2.14
2026-09-24 20:39:25.151168,LINE-2-PACKAGING,74.36,2.11
2026-09-24 20:40:25.151168,LINE-2-PACKAGING,74.62,2.14
2026-09-24 20:41:25.151168,LINE-2-PACKAGING,74.19,2.15
2026-09-24 20:42:25.151168,LINE-2-PACKAGING,75.7,1.82
2026-09-24 20:43:25.151168,LINE-2-PACKAGING,74.43,1.87
2026-09-24 20:44:25.151168,LINE-2-PACKAGING,74.69,1.96
2026-09-24 20:45:25.151168,LINE-2-PACKAGING,75.14,2.02
2026-09-24 20:46:25.151168,LINE-2-PACKAGING,74.27,1.97
2026-09-24 20:47:25.151168,LINE-2-PACKAGING,77.05,1.95
2026-09-24 20:48:25.151168,LINE-2-PACKAGING,75.29,1.8
2026-09-24 20:49:25.151168,LINE-2-PACKAGING,76.03,1.94
2026-09-24 20:50:25.151168,LINE-2-PACKAGING,75.0,1.75
2026-09-24 20:51:25.151168,LINE-2-PACKAGING,75.91,1.9
2026-09-24 20:52:25.151168,LINE-2-PACKAGING,75.73,2.06
2026-09-24 20:53:25.151168,LINE-2-PACKAGING,73.54,1.91
2026-09-24 20:54:25.151168,LINE-2-PACKAGING,73.86,1.98
2026-09-24 20:55:25.151168,LINE-2-PACKAGING,74.69,1.79
2026-09-24 20:56:25.151168,LINE-2-PACKAGING,72.7,2.02
2026-09-24 20:57:25.151168,LINE-2-PACKAGING,74.14,2.04
2026-09-24 20:58:25.151168,LINE-2-PACKAGING,73.35,1.95
2026-09-24 20:59:25.151168,LINE-2-PACKAGING,74.21,1.94
2026-09-24 21:00:25.151168,LINE-2-PACKAGING,73.67,2.21
2026-09-24 21:01:25.151168,LINE-2-PACKAGING,75.01,1.97
2026-09-24 21:02:25.151168,LINE-2-PACKAGING,74.8,2.04
2026-09-24 21:03:25.151168,LINE-2-PACKAGING,75.34,2.09
2026-09-24 21:04:25.151168,LINE-2-PACKAGING,75.31,1.87
2026-09-24 21:05:25.151168,LINE-2-PACKAGING,74.94,1.84
2026-09-24 21:06:25.151168,LINE-2-PACKAGING,74.33,1.86
2026-09-24 21:07:25.151168,LINE-2-PACKAGING,75.36,2.06
2026-09-24 21:08:25.151168,LINE-2-PACKAGING,75.28,2.21
2026-09-24 21:09:25.151168,LINE-2-PACKAGING,74.05,1.9
2026-09-24 21:10:25.151168,LINE-2-PACKAGING,74.32,1.82
2026-09-24 21:11:25.151168,LINE-2-PACKAGING,75.02,1.7
2026-09-24 21:12:25.151168,LINE-2-PACKAGING,75.88,1.74
2026-09-24 21:13:25.151168,LINE-2-PACKAGING,75.32,1.92
2026-09-24 21:14:25.151168,LINE-2-PACKAGING,76.69,2.03
2026-09-24 21:15:25.151168,LINE-2-PACKAGING,75.82,2.03
2026-09-24 21:16:25.151168,LINE-2-PACKAGING,76.3,1.71
2026-09-24 21:17:25.151168,LINE-2-PACKAGING,77.28,1.91
2026-09-24 21:18:25.151168,LINE-2-PACKAGING,74.1,1.93
2026-09-24 21:19:25.151168,LINE-2-PACKAGING,76.02,2.05
2026-09-24 21:20:25.151168,LINE-2-PACKAGING,73.43,1.66
2026-09-24 21:21:25.151168,LINE-2-PACKAGING,74.95,1.94
2026-09-24 21:22:25.151168,LINE-2-PACKAGING,75.22,2.05
2026-09-24 21:23:25.151168,LINE-2-PACKAGING,76.77,1.95
2026-09-24 21:24:25.151168,LINE-2-PACKAGING,76.15,2.15
2026-09-24 21:25:25.151168,LINE-2-PACKAGING,73.77,2.2
2026-09-24 21:26:25.151168,LINE-2-PACKAGING,73.54,2.15
2026-09-24 21:27:25.151168,LINE-2-PACKAGING,73.93,1.81
2026-09-24 21:28:25.151168,LINE-2-PACKAGING,72.19,2.15
2026-09-24 21:29:25.151168,LINE-2-PACKAGING,74.06,1.97
2026-09-24 21:30:25.151168,LINE-2-PACKAGING,74.96,1.96
2026-09-24 21:31:25.151168,LINE-2-PACKAGING,73.22,1.81
2026-09-24 21:32:25.151168,LINE-2-PACKAGING,76.34,1.95
2026-09-24 21:33:25.151168,LINE-2-PACKAGING,75.85,2.03
2026-09-24 21:34:25.151168,LINE-2-PACKAGING,75.43,2.06
2026-09-24 21:35:25.151168,LINE-2-PACKAGING,74.6,1.95
2026-09-24 21:36:25.151168,LINE-2-PACKAGING,74.85,1.93
2026-09-24 21:37:25.151168,LINE-2-PACKAGING,75.65,1.86
2026-09-24 21:38:25.151168,LINE-2-PACKAGING,75.02,2.07
2026-09-24 21:39:25.151168,LINE-2-PACKAGING,76.49,2.0
2026-09-24 21:40:25.151168,LINE-2-PACKAGING,75.77,1.98
2026-09-24 21:41:25.151168,LINE-2-PACKAGING,73.8,2.03
2026-09-24 21:42:25.151168,LINE-2-PACKAGING,75.6,2.06
2026-09-24 21:43:25.151168,LINE-2-PACKAGING,75.87,1.82
2026-09-24 21:44:25.151168,LINE-2-PACKAGING,76.26,1.87
2026-09-24 21:45:25.151168,LINE-2-PACKAGING,73.76,1.86
2026-09-24 21:46:25.151168,LINE-2-PACKAGING,75.26,2.1
2026-09-24 21:47:25.151168,LINE-2-PACKAGING,75.69,1.77
2026-09-24 21:48:25.151168,LINE-2-PACKAGING,76.31,2.02
2026-09-24 21:49:25.151168,LINE-2-PACKAGING,76.28,2.27
2026-09-24 21:50:25.151168,LINE-2-PACKAGING,75.62,1.86
2026-09-24 21:51:25.151168,LINE-2-PACKAGING,76.0,1.91
2026-09-24 21:52:25.151168,LINE-2-PACKAGING,75.86,1.96
2026-09-24 21:53:25.151168,LINE-2-PACKAGING,76.88,1.81
2026-09-24 21:54:25.151168,LINE-2-PACKAGING,75.15,2.17
2026-09-24 21:55:25.151168,LINE-2-PACKAGING,76.47,2.16
2026-09-24 21:56:25.151168,LINE-2-PACKAGING,74.44,2.04
2026-09-24 21:57:25.151168,LINE-2-PACKAGING,75.05,1.87
2026-09-24 21:58:25.151168,LINE-2-PACKAGING,75.41,1.88
2026-09-24 21:59:25.151168,LINE-2-PACKAGING,74.42,1.98
2026-09-24 22:00:25.151168,LINE-2-PACKAGING,74.22,2.25
2026-09-24 22:01:25.151168,LINE-2-PACKAGING,75.12,2.2
2026-09-24 22:02:25.151168,LINE-2-PACKAGING,75.29,2.03
2026-09-24 22:03:25.151168,LINE-2-PACKAGING,75.74,2.22
2026-09-24 22:04:25.151168,LINE-2-PACKAGING,74.44,1.81
2026-09-24 22:05:25.151168,LINE-2-PACKAGING,74.5,1.98
2026-09-24 22:06:25.151168,LINE-2-PACKAGING,74.33,1.98
2026-09-24 22:07:25.151168,LINE-2-PACKAGING,75.93,2.17
2026-09-24 22:08:25.151168,LINE-2-PACKAGING,75.52,1.95
2026-09-24 22:09:25.151168,LINE-2-PACKAGING,74.49,1.75
2026-09-24 22:10:25.151168,LINE-2-PACKAGING,74.49,1.76
2026-09-24 22:11:25.151168,LINE-2-PACKAGING,73.77,1.96
2026-09-24 22:12:25.151168,LINE-2-PACKAGING,75.4,1.75
2026-09-24 22:13:25.151168,LINE-2-PACKAGING,75.22,1.83
2026-09-24 22:14:25.151168,LINE-2-PACKAGING,73.41,2.08
2026-09-24 22:15:25.151168,LINE-2-PACKAGING,75.59,2.21
2026-09-24 22:16:25.151168,LINE-2-PACKAGING,73.32,1.93
2026-09-24 22:17:25.151168,LINE-2-PACKAGING,74.95,1.92
2026-09-24 22:18:25.151168,LINE-2-PACKAGING,75.21,1.95
2026-09-24 22:19:25.151168,LINE-2-PACKAGING,77.08,1.65
2026-09-24 22:20:25.151168,LINE-2-PACKAGING,73.65,2.21
2026-09-24 22:21:25.151168,LINE-2-PACKAGING,74.44,1.77
2026-09-24 22:22:25.151168,LINE-2-PACKAGING,74.74,1.91
2026-09-24 22:23:25.151168,LINE-2-PACKAGING,76.01,2.03
2026-09-24 22:24:25.151168,LINE-2-PACKAGING,74.01,2.12
2026-09-24 22:25:25.151168,LINE-2-PACKAGING,76.63,2.03
2026-09-24 22:26:25.151168,LINE-2-PACKAGING,74.24,2.13
2026-09-24 22:27:25.151168,LINE-2-PACKAGING,74.51,2.26
2026-09-24 22:28:25.151168,LINE-2-PACKAGING,75.7,2.05
2026-09-24 22:29:25.151168,LINE-2-PACKAGING,73.52,1.9
2026-09-24 22:30:25.151168,LINE-2-PACKAGING,75.61,1.82
2026-09-24 22:31:25.151168,LINE-2-PACKAGING,74.11,1.7
2026-09-24 22:32:25.151168,LINE-2-PACKAGING,75.7,2.04
2026-09-24 22:33:25.151168,LINE-2-PACKAGING,74.62,2.02
2026-09-24 22:34:25.151168,LINE-2-PACKAGING,76.02,2.04
2026-09-24 22:35:25.151168,LINE-2-PACKAGING,75.16,2.11
2026-09-24 22:36:25.151168,LINE-2-PACKAGING,74.07,1.83
2026-09-24 22:37:25.151168,LINE-2-PACKAGING,75.56,2.04
2026-09-24 22:38:25.151168,LINE-2-PACKAGING,77.08,2.39
2026-09-24 22:39:25.151168,LINE-2-PACKAGING,77.0,2.05
2026-09-24 22:40:25.151168,LINE-2-PACKAGING,76.88,2.35
2026-09-24 22:41:25.151168,LINE-2-PACKAGING,74.4,1.79
2026-09-24 22:42:25.151168,LINE-2-PACKAGING,74.55,2.09
2026-09-24 22:43:25.151168,LINE-2-PACKAGING,75.24,1.82
2026-09-24 22:44:25.151168,LINE-2-PACKAGING,78.23,2.11
2026-09-24 22:45:25.151168,LINE-2-PACKAGING,72.15,1.94
2026-09-24 22:46:25.151168,LINE-2-PACKAGING,74.19,2.06
2026-09-24 22:47:25.151168,LINE-2-PACKAGING,73.71,1.84
2026-09-24 22:48:25.151168,LINE-2-PACKAGING,75.32,1.91
2026-09-24 22:49:25.151168,LINE-2-PACKAGING,75.93,1.92
2026-09-24 22:50:25.151168,LINE-2-PACKAGING,74.78,2.0
2026-09-24 22:51:25.151168,LINE-2-PACKAGING,75.68,2.16
2026-09-24 22:52:25.151168,LINE-2-PACKAGING,75.53,1.95
2026-09-24 22:53:25.151168,LINE-2-PACKAGING,75.74,1.88
2026-09-24 22:54:25.151168,LINE-2-PACKAGING,75.83,1.84
2026-09-24 22:55:25.151168,LINE-2-PACKAGING,75.55,1.83
2026-09-24 22:56:25.151168,LINE-2-PACKAGING,73.54,2.13
2026-09-24 22:57:25.151168,LINE-2-PACKAGING,75.15,1.82
2026-09-24 22:58:25.151168,LINE-2-PACKAGING,74.8,2.02
2026-09-24 22:59:25.151168,LINE-2-PACKAGING,77.59,1.73
2026-09-24 23:00:25.151168,LINE-2-PACKAGING,76.07,1.96
2026-09-24 23:01:25.151168,LINE-2-PACKAGING,72.55,2.2
2026-09-24 23:02:25.151168,LINE-2-PACKAGING,75.28,2.06
2026-09-24 23:03:25.151168,LINE-2-PACKAGING,73.1,2.08
2026-09-24 23:04:25.151168,LINE-2-PACKAGING,74.93,1.98
2026-09-24 23:05:25.151168,LINE-2-PACKAGING,74.61,1.97
2026-09-24 23:06:25.151168,LINE-2-PACKAGING,73.47,2.15
2026-09-24 23:07:25.151168,LINE-2-PACKAGING,73.42,1.83
2026-09-24 23:08:25.151168,LINE-2-PACKAGING,74.98,2.19
2026-09-24 23:09:25.151168,LINE-2-PACKAGING,75.5,1.97
2026-09-24 23:10:25.151168,LINE-2-PACKAGING,74.07,2.2
2026-09-24 23:11:25.151168,LINE-2-PACKAGING,74.17,2.05
2026-09-24 23:12:25.151168,LINE-2-PACKAGING,74.84,2.14
2026-09-24 23:13:25.151168,LINE-2-PACKAGING,75.62,2.01
2026-09-24 23:14:25.151168,LINE-2-PACKAGING,74.61,1.76
2026-09-24 23:15:25.151168,LINE-2-PACKAGING,75.86,2.4
2026-09-24 23:16:25.151168,LINE-2-PACKAGING,75.5,1.95
2026-09-24 23:17:25.151168,LINE-2-PACKAGING,74.39,2.01
2026-09-24 23:18:25.151168,LINE-2-PACKAGING,75.41,2.13
2026-09-24 23:19:25.151168,LINE-2-PACKAGING,75.03,2.07
2026-09-24 23:20:25.151168,LINE-2-PACKAGING,76.52,2.08
2026-09-24 23:21:25.151168,LINE-2-PACKAGING,75.01,2.11
2026-09-24 23:22:25.151168,LINE-2-PACKAGING,74.72,2.15
2026-09-24 23:23:25.151168,LINE-2-PACKAGING,73.82,2.05
2026-09-24 23:24:25.151168,LINE-2-PACKAGING,74.83,2.03
2026-09-24 23:25:25.151168,LINE-2-PACKAGING,73.47,2.05
2026-09-24 23:26:25.151168,LINE-2-PACKAGING,74.73,2.1
2026-09-24 23:27:25.151168,LINE-2-PACKAGING,73.52,2.33
2026-09-24 23:28:25.151168,LINE-2-PACKAGING,75.84,2.03
2026-09-24 23:29:25.151168,LINE-2-PACKAGING,74.66,2.26
2026-09-24 23:30:25.151168,LINE-2-PACKAGING,72.75,2.11
2026-09-24 23:31:25.151168,LINE-2-PACKAGING,74.39,1.89
2026-09-24 23:32:25.151168,LINE-2-PACKAGING,74.2,2.01
2026-09-24 23:33:25.151168,LINE-2-PACKAGING,73.64,2.11
2026-09-24 23:34:25.151168,LINE-2-PACKAGING,76.12,2.06
2026-09-24 23:35:25.151168,LINE-2-PACKAGING,76.14,2.01
2026-09-24 23:36:25.151168,LINE-2-PACKAGING,75.13,2.44
2026-09-24 23:37:25.151168,LINE-2-PACKAGING,74.11,2.06
2026-09-24 23:38:25.151168,LINE-2-PACKAGING,74.79,2.04
2026-09-24 23:39:25.151168,LINE-2-PACKAGING,76.52,1.9
2026-09-24 23:40:25.151168,LINE-2-PACKAGING,78.05,2.3
2026-09-24 23:41:25.151168,LINE-2-PACKAGING,75.03,2.21
2026-09-24 23:42:25.151168,LINE-2-PACKAGING,74.17,2.23
2026-09-24 23:43:25.151168,LINE-2-PACKAGING,75.8,1.84
2026-09-24 23:44:25.151168,LINE-2-PACKAGING,75.38,1.86
2026-09-24 23:45:25.151168,LINE-2-PACKAGING,74.24,2.39
2026-09-24 23:46:25.151168,LINE-2-PACKAGING,75.43,1.78
2026-09-24 23:47:25.151168,LINE-2-PACKAGING,75.43,2.09
2026-09-24 23:48:25.151168,LINE-2-PACKAGING,73.4,2.0
2026-09-24 23:49:25.151168,LINE-2-PACKAGING,74.98,1.89
2026-09-24 23:50:25.151168,LINE-2-PACKAGING,74.46,2.08
2026-09-24 23:51:25.151168,LINE-2-PACKAGING,73.91,2.22
2026-09-24 23:52:25.151168,LINE-2-PACKAGING,74.74,1.85
2026-09-24 23:53:25.151168,LINE-2-PACKAGING,77.7,2.29
2026-09-24 23:54:25.151168,LINE-2-PACKAGING,73.74,2.08
2026-09-24 23:55:25.151168,LINE-2-PACKAGING,75.01,1.87
2026-09-24 23:56:25.151168,LINE-2-PACKAGING,75.5,1.9
2026-09-24 23:57:25.151168,LINE-2-PACKAGING,76.28,2.05
2026-09-24 23:58:25.151168,LINE-2-PACKAGING,74.64,1.85
2026-09-24 23:59:25.151168,LINE-2-PACKAGING,74.56,2.13
2026-09-25 00:00:25.151168,LINE-2-PACKAGING,75.25,2.19
2026-09-25 00:01:25.151168,LINE-2-PACKAGING,75.31,1.72
2026-09-25 00:02:25.151168,LINE-2-PACKAGING,75.47,1.82
2026-09-25 00:03:25.151168,LINE-2-PACKAGING,75.23,1.8
2026-09-25 00:04:25.151168,LINE-2-PACKAGING,73.79,1.77
2026-09-25 00:05:25.151168,LINE-2-PACKAGING,75.49,1.88
2026-09-25 00:06:25.151168,LINE-2-PACKAGING,75.48,1.92
2026-09-25 00:07:25.151168,LINE-2-PACKAGING,75.25,2.0
2026-09-25 00:08:25.151168,LINE-2-PACKAGING,74.27,2.1
2026-09-25 00:09:25.151168,LINE-2-PACKAGING,74.12,1.98
2026-09-25 00:10:25.151168,LINE-2-PACKAGING,74.98,2.11
2026-09-25 00:11:25.151168,LINE-2-PACKAGING,72.63,1.89
2026-09-25 00:12:25.151168,LINE-2-PACKAGING,75.48,1.6
2026-09-25 00:13:25.151168,LINE-2-PACKAGING,74.89,2.02
2026-09-25 00:14:25.151168,LINE-2-PACKAGING,75.39,1.76
2026-09-25 00:15:25.151168,LINE-2-PACKAGING,73.97,2.26
2026-09-25 00:16:25.151168,LINE-2-PACKAGING,76.14,2.22
2026-09-25 00:17:25.151168,LINE-2-PACKAGING,75.2,2.31
2026-09-25 00:18:25.151168,LINE-2-PACKAGING,73.62,1.91
2026-09-25 00:19:25.151168,LINE-2-PACKAGING,73.95,1.9
2026-09-25 00:20:25.151168,LINE-2-PACKAGING,74.4,1.95
2026-09-25 00:21:25.151168,LINE-2-PACKAGING,75.12,2.0
2026-09-25 00:22:25.151168,LINE-2-PACKAGING,74.41,1.79
2026-09-25 00:23:25.151168,LINE-2-PACKAGING,73.25,1.98
2026-09-25 00:24:25.151168,LINE-2-PACKAGING,72.88,2.01
2026-09-25 00:25:25.151168,LINE-2-PACKAGING,75.57,2.08
2026-09-25 00:26:25.151168,LINE-2-PACKAGING,74.43,2.02
2026-09-25 00:27:25.151168,LINE-2-PACKAGING,76.12,2.07
2026-09-25 00:28:25.151168,LINE-2-PACKAGING,75.78,1.97
2026-09-25 00:29:25.151168,LINE-2-PACKAGING,75.13,2.17
2026-09-25 00:30:25.151168,LINE-2-PACKAGING,74.6,1.81
2026-09-25 00:31:25.151168,LINE-2-PACKAGING,75.63,1.66
2026-09-25 00:32:25.151168,LINE-2-PACKAGING,75.45,2.18
2026-09-25 00:33:25.151168,LINE-2-PACKAGING,74.41,1.88
2026-09-25 00:34:25.151168,LINE-2-PACKAGING,76.22,2.29
2026-09-25 00:35:25.151168,LINE-2-PACKAGING,75.27,2.09
2026-09-25 00:36:25.151168,LINE-2-PACKAGING,75.79,1.87
2026-09-25 00:37:25.151168,LINE-2-PACKAGING,74.5,2.12
2026-09-25 00:38:25.151168,LINE-2-PACKAGING,76.57,2.02
2026-09-25 00:39:25.151168,LINE-2-PACKAGING,75.24,1.66
2026-09-25 00:40:25.151168,LINE-2-PACKAGING,75.87,1.96
2026-09-25 00:41:25.151168,LINE-2-PACKAGING,76.25,2.07
2026-09-25 00:42:25.151168,LINE-2-PACKAGING,73.55,1.76
2026-09-25 00:43:25.151168,LINE-2-PACKAGING,75.4,2.08
2026-09-25 00:44:25.151168,LINE-2-PACKAGING,75.16,1.98
2026-09-25 00:45:25.151168,LINE-2-PACKAGING,74.88,1.95
2026-09-25 00:46:25.151168,LINE-2-PACKAGING,73.67,2.12
2026-09-25 00:47:25.151168,LINE-2-PACKAGING,75.95,2.16
2026-09-25 00:48:25.151168,LINE-2-PACKAGING,74.0,2.1
2026-09-25 00:49:25.151168,LINE-2-PACKAGING,74.68,2.12
2026-09-25 00:50:25.151168,LINE-2-PACKAGING,76.55,2.0
2026-09-25 00:51:25.151168,LINE-2-PACKAGING,74.16,2.13
2026-09-25 00:52:25.151168,LINE-2-PACKAGING,75.98,1.98
2026-09-25 00:53:25.151168,LINE-2-PACKAGING,73.48,1.88
2026-09-25 00:54:25.151168,LINE-2-PACKAGING,76.23,2.09
2026-09-25 00:55:25.151168,LINE-2-PACKAGING,72.89,1.98
2026-09-25 00:56:25.151168,LINE-2-PACKAGING,75.99,1.92
2026-09-25 00:57:25.151168,LINE-2-PACKAGING,75.55,1.87
2026-09-25 00:58:25.151168,LINE-2-PACKAGING,76.22,1.96
2026-09-25 00:59:25.151168,LINE-2-PACKAGING,75.1,2.06
2026-09-25 01:00:25.151168,LINE-2-PACKAGING,73.62,1.87
2026-09-25 01:01:25.151168,LINE-2-PACKAGING,75.31,2.13
2026-09-25 01:02:25.151168,LINE-2-PACKAGING,77.56,2.08
2026-09-25 01:03:25.151168,LINE-2-PACKAGING,74.38,1.77
2026-09-25 01:04:25.151168,LINE-2-PACKAGING,74.46,1.96
2026-09-25 01:05:25.151168,LINE-2-PACKAGING,74.2,1.78
2026-09-25 01:06:25.151168,LINE-2-PACKAGING,73.99,1.74
2026-09-25 01:07:25.151168,LINE-2-PACKAGING,76.85,2.17
2026-09-25 01:08:25.151168,LINE-2-PACKAGING,75.88,1.69
2026-09-25 01:09:25.151168,LINE-2-PACKAGING,75.72,1.82
2026-09-25 01:10:25.151168,LINE-2-PACKAGING,75.56,1.87
2026-09-25 01:11:25.151168,LINE-2-PACKAGING,74.96,1.99
2026-09-25 01:12:25.151168,LINE-2-PACKAGING,74.66,1.9
2026-09-25 01:13:25.151168,LINE-2-PACKAGING,75.32,2.01
2026-09-25 01:14:25.151168,LINE-2-PACKAGING,73.78,1.95
2026-09-25 01:15:25.151168,LINE-2-PACKAGING,74.0,1.82
2026-09-25 01:16:25.151168,LINE-2-PACKAGING,74.73,2.08
2026-09-25 01:17:25.151168,LINE-2-PACKAGING,75.5,1.7
2026-09-25 01:18:25.151168,LINE-2-PACKAGING,73.02,1.8
2026-09-25 01:19:25.151168,LINE-2-PACKAGING,74.41,1.98
2026-09-25 01:20:25.151168,LINE-2-PACKAGING,75.51,1.99
2026-09-25 01:21:25.151168,LINE-2-PACKAGING,73.37,1.99
2026-09-25 01:22:25.151168,LINE-2-PACKAGING,74.35,1.94
2026-09-25 01:23:25.151168,LINE-2-PACKAGING,74.66,1.95
2026-09-25 01:24:25.151168,LINE-2-PACKAGING,75.83,1.95
2026-09-25 01:25:25.151168,LINE-2-PACKAGING,76.14,2.15
2026-09-25 01:26:25.151168,LINE-2-PACKAGING,75.92,1.69
2026-09-25 01:27:25.151168,LINE-2-PACKAGING,75.55,1.96
2026-09-25 01:28:25.151168,LINE-2-PACKAGING,76.32,1.84
2026-09-25 01:29:25.151168,LINE-2-PACKAGING,74.53,1.98
2026-09-25 01:30:25.151168,LINE-2-PACKAGING,74.63,2.17
2026-09-25 01:31:25.151168,LINE-2-PACKAGING,75.95,1.89
2026-09-25 01:32:25.151168,LINE-2-PACKAGING,74.45,1.86
2026-09-25 01:33:25.151168,LINE-2-PACKAGING,76.62,1.94
2026-09-25 01:34:25.151168,LINE-2-PACKAGING,75.88,1.75
2026-09-25 01:35:25.151168,LINE-2-PACKAGING,73.76,1.85
2026-09-25 01:36:25.151168,LINE-2-PACKAGING,74.54,1.87
2026-09-25 01:37:25.151168,LINE-2-PACKAGING,75.12,2.4
2026-09-25 01:38:25.151168,LINE-2-PACKAGING,74.85,2.08
2026-09-25 01:39:25.151168,LINE-2-PACKAGING,75.08,1.85
2026-09-25 01:40:25.151168,LINE-2-PACKAGING,74.28,1.82
2026-09-25 01:41:25.151168,LINE-2-PACKAGING,76.29,1.93
2026-09-25 01:42:25.151168,LINE-2-PACKAGING,74.18,1.88
2026-09-25 01:43:25.151168,LINE-2-PACKAGING,76.14,2.0
2026-09-25 01:44:25.151168,LINE-2-PACKAGING,74.72,1.98
2026-09-25 01:45:25.151168,LINE-2-PACKAGING,75.63,2.0
2026-09-25 01:46:25.151168,LINE-2-PACKAGING,74.15,1.74
2026-09-25 01:47:25.151168,LINE-2-PACKAGING,74.42,1.99
2026-09-25 01:48:25.151168,LINE-2-PACKAGING,74.48,1.91
2026-09-25 01:49:25.151168,LINE-2-PACKAGING,73.25,2.25
2026-09-25 01:50:25.151168,LINE-2-PACKAGING,74.85,1.79
2026-09-25 01:51:25.151168,LINE-2-PACKAGING,75.08,2.27
2026-09-25 01:52:25.151168,LINE-2-PACKAGING,75.67,1.86
2026-09-25 01:53:25.151168,LINE-2-PACKAGING,75.91,1.98
2026-09-25 01:54:25.151168,LINE-2-PACKAGING,74.61,2.09
2026-09-25 01:55:25.151168,LINE-2-PACKAGING,75.92,1.92
2026-09-25 01:56:25.151168,LINE-2-PACKAGING,77.35,1.93
2026-09-25 01:57:25.151168,LINE-2-PACKAGING,74.71,1.87
2026-09-25 01:58:25.151168,LINE-2-PACKAGING,76.64,2.14
2026-09-25 01:59:25.151168,LINE-2-PACKAGING,76.55,2.02
2026-09-25 02:00:25.151168,LINE-2-PACKAGING,74.28,2.09
2026-09-25 02:01:25.151168,LINE-2-PACKAGING,75.71,1.97
2026-09-25 02:02:25.151168,LINE-2-PACKAGING,74.48,1.96
2026-09-25 02:03:25.151168,LINE-2-PACKAGING,76.59,1.78
2026-09-25 02:04:25.151168,LINE-2-PACKAGING,75.57,1.83
2026-09-25 02:05:25.151168,LINE-2-PACKAGING,75.36,1.98
2026-09-25 02:06:25.151168,LINE-2-PACKAGING,75.26,2.06
2026-09-25 02:07:25.151168,LINE-2-PACKAGING,74.51,1.95
2026-09-25 02:08:25.151168,LINE-2-PACKAGING,73.49,2.09
2026-09-25 02:09:25.151168,LINE-2-PACKAGING,75.26,2.0
2026-09-25 02:10:25.151168,LINE-2-PACKAGING,73.08,1.88
2026-09-25 02:11:25.151168,LINE-2-PACKAGING,75.42,2.14
2026-09-25 02:12:25.151168,LINE-2-PACKAGING,74.78,1.84
2026-09-25 02:13:25.151168,LINE-2-PACKAGING,75.16,1.88
2026-09-25 02:14:25.151168,LINE-2-PACKAGING,76.04,2.1
2026-09-25 02:15:25.151168,LINE-2-PACKAGING,73.06,1.87
2026-09-25 02:16:25.151168,LINE-2-PACKAGING,75.47,1.97
2026-09-25 02:17:25.151168,LINE-2-PACKAGING,73.26,1.93
2026-09-25 02:18:25.151168,LINE-2-PACKAGING,74.94,1.92
2026-09-25 02:19:25.151168,LINE-2-PACKAGING,73.63,1.99
2026-09-25 02:20:25.151168,LINE-2-PACKAGING,73.26,1.78
2026-09-25 02:21:25.151168,LINE-2-PACKAGING,74.24,1.9
2026-09-25 02:22:25.151168,LINE-2-PACKAGING,74.73,2.26
2026-09-25 02:23:25.151168,LINE-2-PACKAGING,75.03,2.12
2026-09-25 02:24:25.151168,LINE-2-PACKAGING,76.07,2.25
2026-09-25 02:25:25.151168,LINE-2-PACKAGING,74.91,1.89
2026-09-25 02:26:25.151168,LINE-2-PACKAGING,73.4,2.31
2026-09-25 02:27:25.151168,LINE-2-PACKAGING,74.32,1.92
2026-09-25 02:28:25.151168,LINE-2-PACKAGING,74.05,2.13
2026-09-25 02:29:25.151168,LINE-2-PACKAGING,76.33,2.05
2026-09-25 02:30:25.151168,LINE-2-PACKAGING,73.33,2.02
2026-09-25 02:31:25.151168,LINE-2-PACKAGING,75.88,2.1
2026-09-25 02:32:25.151168,LINE-2-PACKAGING,73.28,1.94
2026-09-25 02:33:25.151168,LINE-2-PACKAGING,75.23,1.98
2026-09-25 02:34:25.151168,LINE-2-PACKAGING,75.44,1.86
2026-09-25 02:35:25.151168,LINE-2-PACKAGING,75.81,1.94
2026-09-25 02:36:25.151168,LINE-2-PACKAGING,75.54,2.06
2026-09-25 02:37:25.151168,LINE-2-PACKAGING,74.55,2.32
2026-09-25 02:38:25.151168,LINE-2-PACKAGING,74.32,1.91
2026-09-25 02:39:25.151168,LINE-2-PACKAGING,73.75,1.97
2026-09-25 02:40:25.151168,LINE-2-PACKAGING,75.33,2.01
2026-09-25 02:41:25.151168,LINE-2-PACKAGING,73.79,2.16
2026-09-25 02:42:25.151168,LINE-2-PACKAGING,74.87,1.97
2026-09-25 02:43:25.151168,LINE-2-PACKAGING,72.48,2.01
2026-09-25 02:44:25.151168,LINE-2-PACKAGING,75.36,2.22
2026-09-25 02:45:25.151168,LINE-2-PACKAGING,72.72,1.88
2026-09-25 02:46:25.151168,LINE-2-PACKAGING,73.38,1.78
2026-09-25 02:47:25.151168,LINE-2-PACKAGING,75.23,1.9
2026-09-25 02:48:25.151168,LINE-2-PACKAGING,75.17,2.02
2026-09-25 02:49:25.151168,LINE-2-PACKAGING,74.15,2.0
2026-09-25 02:50:25.151168,LINE-2-PACKAGING,74.85,1.8
2026-09-25 02:51:25.151168,LINE-2-PACKAGING,75.28,2.0
2026-09-25 02:52:25.151168,LINE-2-PACKAGING,74.94,2.16
2026-09-25 02:53:25.151168,LINE-2-PACKAGING,75.36,1.93
2026-09-25 02:54:25.151168,LINE-2-PACKAGING,76.0,1.85
2026-09-25 02:55:25.151168,LINE-2-PACKAGING,75.06,1.95
2026-09-25 02:56:25.151168,LINE-2-PACKAGING,73.94,2.09
2026-09-25 02:57:25.151168,LINE-2-PACKAGING,75.23,2.27
2026-09-25 02:58:25.151168,LINE-2-PACKAGING,74.08,1.88
2026-09-25 02:59:25.151168,LINE-2-PACKAGING,74.99,2.07
2026-09-25 03:00:25.151168,LINE-2-PACKAGING,74.99,1.97
2026-09-25 03:01:25.151168,LINE-2-PACKAGING,74.18,2.05
2026-09-25 03:02:25.151168,LINE-2-PACKAGING,75.09,2.17
2026-09-25 03:03:25.151168,LINE-2-PACKAGING,75.02,2.07
2026-09-25 03:04:25.151168,LINE-2-PACKAGING,77.07,2.1
2026-09-25 03:05:25.151168,LINE-2-PACKAGING,75.18,2.06
2026-09-25 03:06:25.151168,LINE-2-PACKAGING,77.36,1.8
2026-09-25 03:07:25.151168,LINE-2-PACKAGING,76.12,1.72
2026-09-25 03:08:25.151168,LINE-2-PACKAGING,74.07,2.07
2026-09-25 03:09:25.151168,LINE-2-PACKAGING,74.95,1.96
2026-09-25 03:10:25.151168,LINE-2-PACKAGING,76.16,2.01
2026-09-25 03:11:25.151168,LINE-2-PACKAGING,73.96,2.12
2026-09-25 03:12:25.151168,LINE-2-PACKAGING,74.96,2.13
2026-09-25 03:13:25.151168,LINE-2-PACKAGING,74.02,2.03
2026-09-25 03:14:25.151168,LINE-2-PACKAGING,73.95,2.12
2026-09-25 03:15:25.151168,LINE-2-PACKAGING,74.08,2.07
2026-09-25 03:16:25.151168,LINE-2-PACKAGING,75.69,1.82
2026-09-25 03:17:25.151168,LINE-2-PACKAGING,75.17,2.14
2026-09-25 03:18:25.151168,LINE-2-PACKAGING,75.89,1.95
2026-09-25 03:19:25.151168,LINE-2-PACKAGING,75.75,2.09
2026-09-25 03:20:25.151168,LINE-2-PACKAGING,73.39,1.88
2026-09-25 03:21:25.151168,LINE-2-PACKAGING,75.12,1.92
2026-09-25 03:22:25.151168,LINE-2-PACKAGING,75.27,2.19
2026-09-25 03:23:25.151168,LINE-2-PACKAGING,73.64,2.1
2026-09-25 03:24:25.151168,LINE-2-PACKAGING,74.63,1.95
2026-09-25 03:25:25.151168,LINE-2-PACKAGING,74.63,1.93
2026-09-25 03:26:25.151168,LINE-2-PACKAGING,75.55,2.28
2026-09-25 03:27:25.151168,LINE-2-PACKAGING,74.78,1.99
2026-09-25 03:28:25.151168,LINE-2-PACKAGING,75.26,1.72
2026-09-25 03:29:25.151168,LINE-2-PACKAGING,75.64,2.09
2026-09-25 03:30:25.151168,LINE-2-PACKAGING,75.24,2.1
2026-09-25 03:31:25.151168,LINE-2-PACKAGING,74.18,2.11
2026-09-25 03:32:25.151168,LINE-2-PACKAGING,74.27,1.94
2026-09-25 03:33:25.151168,LINE-2-PACKAGING,73.96,1.71
2026-09-25 03:34:25.151168,LINE-2-PACKAGING,74.14,1.67
2026-09-25 03:35:25.151168,LINE-2-PACKAGING,74.11,2.24
2026-09-25 03:36:25.151168,LINE-2-PACKAGING,73.78,1.74
2026-09-25 03:37:25.151168,LINE-2-PACKAGING,75.58,2.16
2026-09-25 03:38:25.151168,LINE-2-PACKAGING,73.75,2.13
2026-09-25 03:39:25.151168,LINE-2-PACKAGING,73.45,1.93
2026-09-25 03:40:25.151168,LINE-2-PACKAGING,74.52,1.99
2026-09-25 03:41:25.151168,LINE-2-PACKAGING,73.05,2.05
2026-09-25 03:42:25.151168,LINE-2-PACKAGING,75.97,2.02
2026-09-25 03:43:25.151168,LINE-2-PACKAGING,77.95,2.04
2026-09-25 03:44:25.151168,LINE-2-PACKAGING,75.11,2.19
2026-09-25 03:45:25.151168,LINE-2-PACKAGING,75.91,2.35
2026-09-25 03:46:25.151168,LINE-2-PACKAGING,75.94,2.13
2026-09-25 03:47:25.151168,LINE-2-PACKAGING,74.84,2.11
2026-09-25 03:48:25.151168,LINE-2-PACKAGING,76.41,1.98
2026-09-25 03:49:25.151168,LINE-2-PACKAGING,74.62,1.87
2026-09-25 03:50:25.151168,LINE-2-PACKAGING,74.81,1.93
2026-09-25 03:51:25.151168,LINE-2-PACKAGING,75.59,2.18
2026-09-25 03:52:25.151168,LINE-2-PACKAGING,75.39,1.91
2026-09-25 03:53:25.151168,LINE-2-PACKAGING,75.72,2.35
2026-09-25 03:54:25.151168,LINE-2-PACKAGING,71.7,1.85
2026-09-25 03:55:25.151168,LINE-2-PACKAGING,75.73,2.26
2026-09-25 03:56:25.151168,LINE-2-PACKAGING,73.91,2.25
2026-09-25 03:57:25.151168,LINE-2-PACKAGING,76.06,2.23
2026-09-25 03:58:25.151168,LINE-2-PACKAGING,72.78,2.2
2026-09-25 03:59:25.151168,LINE-2-PACKAGING,74.97,2.09
2026-09-25 04:00:25.151168,LINE-2-PACKAGING,73.24,2.06
2026-09-25 04:01:25.151168,LINE-2-PACKAGING,74.41,2.18
2026-09-25 04:02:25.151168,LINE-2-PACKAGING,73.76,2.08
2026-09-25 04:03:25.151168,LINE-2-PACKAGING,76.28,1.96
2026-09-25 04:04:25.151168,LINE-2-PACKAGING,75.47,1.97
2026-09-25 04:05:25.151168,LINE-2-PACKAGING,75.06,2.0
2026-09-25 04:06:25.151168,LINE-2-PACKAGING,74.36,1.81
2026-09-25 04:07:25.151168,LINE-2-PACKAGING,76.03,1.86
2026-09-25 04:08:25.151168,LINE-2-PACKAGING,75.29,1.97
2026-09-25 04:09:25.151168,LINE-2-PACKAGING,75.64,1.96
2026-09-25 04:10:25.151168,LINE-2-PACKAGING,73.16,2.1
2026-09-25 04:11:25.151168,LINE-2-PACKAGING,73.21,2.21
2026-09-25 04:12:25.151168,LINE-2-PACKAGING,74.39,1.99
2026-09-25 04:13:25.151168,LINE-2-PACKAGING,75.58,2.09
2026-09-25 04:14:25.151168,LINE-2-PACKAGING,73.35,2.1
2026-09-25 04:15:25.151168,LINE-2-PACKAGING,74.94,1.9
2026-09-25 04:16:25.151168,LINE-2-PACKAGING,73.19,2.15
2026-09-25 04:17:25.151168,LINE-2-PACKAGING,76.33,1.97
2026-09-25 04:18:25.151168,LINE-2-PACKAGING,74.54,1.74
2026-09-25 04:19:25.151168,LINE-2-PACKAGING,75.46,1.92
2026-09-25 04:20:25.151168,LINE-2-PACKAGING,75.47,1.78
2026-09-25 04:21:25.151168,LINE-2-PACKAGING,75.59,2.02
2026-09-25 04:22:25.151168,LINE-2-PACKAGING,73.55,1.93
2026-09-25 04:23:25.151168,LINE-2-PACKAGING,76.31,1.97
2026-09-25 04:24:25.151168,LINE-2-PACKAGING,76.09,1.85
2026-09-25 04:25:25.151168,LINE-2-PACKAGING,74.77,2.25
2026-09-25 04:26:25.151168,LINE-2-PACKAGING,73.67,2.12
2026-09-25 04:27:25.151168,LINE-2-PACKAGING,74.59,1.94
2026-09-25 04:28:25.151168,LINE-2-PACKAGING,74.38,1.81
2026-09-25 04:29:25.151168,LINE-2-PACKAGING,76.82,2.04
2026-09-25 04:30:25.151168,LINE-2-PACKAGING,75.52,2.29
2026-09-25 04:31:25.151168,LINE-2-PACKAGING,74.68,2.02
2026-09-25 04:32:25.151168,LINE-2-PACKAGING,76.85,2.02
2026-09-25 04:33:25.151168,LINE-2-PACKAGING,74.61,2.0
2026-09-25 04:34:25.151168,LINE-2-PACKAGING,75.65,1.9
2026-09-25 04:35:25.151168,LINE-2-PACKAGING,74.26,1.92
2026-09-25 04:36:25.151168,LINE-2-PACKAGING,75.79,1.96
2026-09-25 04:37:25.151168,LINE-2-PACKAGING,76.21,1.91
2026-09-25 04:38:25.151168,LINE-2-PACKAGING,73.94,1.65
2026-09-25 04:39:25.151168,LINE-2-PACKAGING,75.61,2.23
2026-09-25 04:40:25.151168,LINE-2-PACKAGING,76.82,2.09
2026-09-25 04:41:25.151168,LINE-2-PACKAGING,76.28,1.8
2026-09-25 04:42:25.151168,LINE-2-PACKAGING,75.62,1.95
2026-09-25 04:43:25.151168,LINE-2-PACKAGING,74.42,2.05
2026-09-25 04:44:25.151168,LINE-2-PACKAGING,75.9,2.0
2026-09-25 04:45:25.151168,LINE-2-PACKAGING,75.28,1.96
2026-09-25 04:46:25.151168,LINE-2-PACKAGING,74.02,2.04
2026-09-25 04:47:25.151168,LINE-2-PACKAGING,73.42,1.87
2026-09-25 04:48:25.151168,LINE-2-PACKAGING,72.95,1.88
2026-09-25 04:49:25.151168,LINE-2-PACKAGING,74.4,1.89
2026-09-25 04:50:25.151168,LINE-2-PACKAGING,75.7,2.2
2026-09-25 04:51:25.151168,LINE-2-PACKAGING,75.29,1.99
2026-09-25 04:52:25.151168,LINE-2-PACKAGING,74.27,1.91
2026-09-25 04:53:25.151168,LINE-2-PACKAGING,73.94,1.91
2026-09-25 04:54:25.151168,LINE-2-PACKAGING,75.41,1.81
2026-09-25 04:55:25.151168,LINE-2-PACKAGING,74.58,2.32
2026-09-25 04:56:25.151168,LINE-2-PACKAGING,75.69,2.37
2026-09-25 04:57:25.151168,LINE-2-PACKAGING,75.37,1.72
2026-09-25 04:58:25.151168,LINE-2-PACKAGING,76.11,1.73
2026-09-25 04:59:25.151168,LINE-2-PACKAGING,74.34,2.11
2026-09-25 05:00:25.151168,LINE-2-PACKAGING,76.33,2.01
2026-09-25 05:01:25.151168,LINE-2-PACKAGING,75.5,1.79
2026-09-25 05:02:25.151168,LINE-2-PACKAGING,76.05,1.65
2026-09-25 05:03:25.151168,LINE-2-PACKAGING,75.11,2.02
2026-09-25 05:04:25.151168,LINE-2-PACKAGING,74.91,1.99
2026-09-25 05:05:25.151168,LINE-2-PACKAGING,74.71,1.87
2026-09-25 05:06:25.151168,LINE-2-PACKAGING,74.58,1.94
2026-09-25 05:07:25.151168,LINE-2-PACKAGING,74.62,2.25
2026-09-25 05:08:25.151168,LINE-2-PACKAGING,74.84,2.1
2026-09-25 05:09:25.151168,LINE-2-PACKAGING,74.75,2.11
2026-09-25 05:10:25.151168,LINE-2-PACKAGING,73.52,2.08
2026-09-25 05:11:25.151168,LINE-2-PACKAGING,73.43,1.95
2026-09-25 05:12:25.151168,LINE-2-PACKAGING,75.37,1.83
2026-09-25 05:13:25.151168,LINE-2-PACKAGING,76.42,1.98
2026-09-25 05:14:25.151168,LINE-2-PACKAGING,78.43,1.83
2026-09-25 05:15:25.151168,LINE-2-PACKAGING,75.54,2.29
2026-09-25 05:16:25.151168,LINE-2-PACKAGING,76.32,2.14
2026-09-25 05:17:25.151168,LINE-2-PACKAGING,75.68,1.75
2026-09-25 05:18:25.151168,LINE-2-PACKAGING,74.86,2.08
2026-09-25 05:19:25.151168,LINE-2-PACKAGING,75.27,1.94
2026-09-25 05:20:25.151168,LINE-2-PACKAGING,74.96,1.85
2026-09-25 05:21:25.151168,LINE-2-PACKAGING,75.08,1.8
2026-09-25 05:22:25.151168,LINE-2-PACKAGING,74.2,2.19
2026-09-25 05:23:25.151168,LINE-2-PACKAGING,74.17,1.74
2026-09-25 05:24:25.151168,LINE-2-PACKAGING,75.15,2.0
2026-09-25 05:25:25.151168,LINE-2-PACKAGING,76.58,1.51
2026-09-25 05:26:25.151168,LINE-2-PACKAGING,74.73,2.03
2026-09-25 05:27:25.151168,LINE-2-PACKAGING,74.53,2.05
2026-09-25 05:28:25.151168,LINE-2-PACKAGING,76.04,2.22
2026-09-25 05:29:25.151168,LINE-2-PACKAGING,75.87,1.98
2026-09-25 05:30:25.151168,LINE-2-PACKAGING,75.7,1.87
2026-09-25 05:31:25.151168,LINE-2-PACKAGING,74.23,1.92
2026-09-25 05:32:25.151168,LINE-2-PACKAGING,76.02,1.96
2026-09-25 05:33:25.151168,LINE-2-PACKAGING,75.95,1.87
2026-09-25 05:34:25.151168,LINE-2-PACKAGING,74.25,1.86
2026-09-25 05:35:25.151168,LINE-2-PACKAGING,75.06,2.15
2026-09-25 05:36:25.151168,LINE-2-PACKAGING,75.25,1.77
2026-09-25 05:37:25.151168,LINE-2-PACKAGING,73.85,1.72
2026-09-25 05:38:25.151168,LINE-2-PACKAGING,75.59,1.92
2026-09-25 05:39:25.151168,LINE-2-PACKAGING,74.26,1.7
2026-09-25 05:40:25.151168,LINE-2-PACKAGING,76.19,1.89
2026-09-25 05:41:25.151168,LINE-2-PACKAGING,73.8,1.92
2026-09-25 05:42:25.151168,LINE-2-PACKAGING,74.34,1.81
2026-09-25 05:43:25.151168,LINE-2-PACKAGING,76.62,1.99
2026-09-25 05:44:25.151168,LINE-2-PACKAGING,74.86,2.09
2026-09-25 05:45:25.151168,LINE-2-PACKAGING,75.24,2.13
2026-09-25 05:46:25.151168,LINE-2-PACKAGING,75.07,1.91
2026-09-25 05:47:25.151168,LINE-2-PACKAGING,76.32,1.97
2026-09-25 05:48:25.151168,LINE-2-PACKAGING,74.9,2.04
2026-09-25 05:49:25.151168,LINE-2-PACKAGING,75.4,2.14
2026-09-25 05:50:25.151168,LINE-2-PACKAGING,75.74,1.83
2026-09-25 05:51:25.151168,LINE-2-PACKAGING,76.95,2.0
2026-09-25 05:52:25.151168,LINE-2-PACKAGING,74.23,2.03
2026-09-25 05:53:25.151168,LINE-2-PACKAGING,75.23,2.17
2026-09-25 05:54:25.151168,LINE-2-PACKAGING,74.95,1.95
2026-09-25 05:55:25.151168,LINE-2-PACKAGING,74.57,1.91
2026-09-25 05:56:25.151168,LINE-2-PACKAGING,74.27,1.75
2026-09-25 05:57:25.151168,LINE-2-PACKAGING,74.99,2.21
2026-09-25 05:58:25.151168,LINE-2-PACKAGING,76.63,2.07
2026-09-25 05:59:25.151168,LINE-2-PACKAGING,74.39,1.92
2026-09-25 06:00:25.151168,LINE-2-PACKAGING,74.71,1.89
2026-09-25 06:01:25.151168,LINE-2-PACKAGING,74.34,2.16
2026-09-25 06:02:25.151168,LINE-2-PACKAGING,77.22,2.04
2026-09-25 06:03:25.151168,LINE-2-PACKAGING,73.87,2.01
2026-09-25 06:04:25.151168,LINE-2-PACKAGING,74.29,1.81
2026-09-25 06:05:25.151168,LINE-2-PACKAGING,75.24,2.04
2026-09-25 06:06:25.151168,LINE-2-PACKAGING,76.16,1.97
2026-09-25 06:07:25.151168,LINE-2-PACKAGING,74.6,2.0
2026-09-25 06:08:25.151168,LINE-2-PACKAGING,75.99,2.37
2026-09-25 06:09:25.151168,LINE-2-PACKAGING,74.57,2.15
2026-09-25 06:10:25.151168,LINE-2-PACKAGING,73.5,2.14
2026-09-25 06:11:25.151168,LINE-2-PACKAGING,74.76,2.18
2026-09-25 06:12:25.151168,LINE-2-PACKAGING,76.0,2.02
2026-09-25 06:13:25.151168,LINE-2-PACKAGING,75.56,2.2
2026-09-25 06:14:25.151168,LINE-2-PACKAGING,76.06,2.1
2026-09-25 06:15:25.151168,LINE-2-PACKAGING,74.17,1.97
2026-09-25 06:16:25.151168,LINE-2-PACKAGING,74.84,1.7
2026-09-25 06:17:25.151168,LINE-2-PACKAGING,75.4,1.94
2026-09-25 06:18:25.151168,LINE-2-PACKAGING,75.3,2.05
2026-09-25 06:19:25.151168,LINE-2-PACKAGING,74.61,1.85
2026-09-25 06:20:25.151168,LINE-2-PACKAGING,74.4,2.02
2026-09-25 06:21:25.151168,LINE-2-PACKAGING,74.5,1.87
2026-09-25 06:22:25.151168,LINE-2-PACKAGING,74.87,2.23
2026-09-25 06:23:25.151168,LINE-2-PACKAGING,74.43,1.7
2026-09-25 06:24:25.151168,LINE-2-PACKAGING,76.58,2.08
2026-09-25 06:25:25.151168,LINE-2-PACKAGING,76.17,2.04
2026-09-25 06:26:25.151168,LINE-2-PACKAGING,73.85,2.07
2026-09-25 06:27:25.151168,LINE-2-PACKAGING,76.46,1.72
2026-09-25 06:28:25.151168,LINE-2-PACKAGING,73.99,2.03
2026-09-25 06:29:25.151168,LINE-2-PACKAGING,74.87,2.15
2026-09-25 06:30:25.151168,LINE-2-PACKAGING,76.17,2.22
2026-09-25 06:31:25.151168,LINE-2-PACKAGING,75.88,1.83
2026-09-25 06:32:25.151168,LINE-2-PACKAGING,74.98,1.99
2026-09-25 06:33:25.151168,LINE-2-PACKAGING,75.67,2.06
2026-09-25 06:34:25.151168,LINE-2-PACKAGING,74.98,2.17
2026-09-25 06:35:25.151168,LINE-2-PACKAGING,74.74,1.96
2026-09-25 06:36:25.151168,LINE-2-PACKAGING,76.59,2.0
2026-09-25 06:37:25.151168,LINE-2-PACKAGING,74.77,1.98
2026-09-25 06:38:25.151168,LINE-2-PACKAGING,76.77,1.95
2026-09-25 06:39:25.151168,LINE-2-PACKAGING,74.01,1.83
2026-09-25 06:40:25.151168,LINE-2-PACKAGING,74.17,1.95
2026-09-25 06:41:25.151168,LINE-2-PACKAGING,75.07,1.92
2026-09-25 06:42:25.151168,LINE-2-PACKAGING,75.85,2.3
2026-09-25 06:43:25.151168,LINE-2-PACKAGING,76.42,2.13
2026-09-25 06:44:25.151168,LINE-2-PACKAGING,73.92,2.2
2026-09-25 06:45:25.151168,LINE-2-PACKAGING,75.59,1.96
2026-09-25 06:46:25.151168,LINE-2-PACKAGING,75.07,1.85
2026-09-25 06:47:25.151168,LINE-2-PACKAGING,75.99,2.08
2026-09-25 06:48:25.151168,LINE-2-PACKAGING,75.17,1.95
2026-09-25 06:49:25.151168,LINE-2-PACKAGING,74.15,1.93
2026-09-25 06:50:25.151168,LINE-2-PACKAGING,75.73,2.0
2026-09-25 06:51:25.151168,LINE-2-PACKAGING,75.19,2.04
2026-09-25 06:52:25.151168,LINE-2-PACKAGING,72.47,1.87
2026-09-25 06:53:25.151168,LINE-2-PACKAGING,75.5,2.0
2026-09-25 06:54:25.151168,LINE-2-PACKAGING,74.11,2.14
2026-09-25 06:55:25.151168,LINE-2-PACKAGING,74.12,1.83
2026-09-25 06:56:25.151168,LINE-2-PACKAGING,74.63,2.17
2026-09-25 06:57:25.151168,LINE-2-PACKAGING,73.54,1.73
2026-09-25 06:58:25.151168,LINE-2-PACKAGING,76.96,2.19
2026-09-25 06:59:25.151168,LINE-2-PACKAGING,74.34,1.99
2026-09-25 07:00:25.151168,LINE-2-PACKAGING,75.1,2.14
2026-09-25 07:01:25.151168,LINE-2-PACKAGING,74.95,1.74
2026-09-25 07:02:25.151168,LINE-2-PACKAGING,76.53,1.87
2026-09-25 07:03:25.151168,LINE-2-PACKAGING,74.05,2.2
2026-09-25 07:04:25.151168,LINE-2-PACKAGING,73.51,2.0
2026-09-25 07:05:25.151168,LINE-2-PACKAGING,76.27,1.69
2026-09-25 07:06:25.151168,LINE-2-PACKAGING,75.38,1.86
2026-09-25 07:07:25.151168,LINE-2-PACKAGING,73.73,1.9
2026-09-25 07:08:25.151168,LINE-2-PACKAGING,74.67,2.15
2026-09-25 07:09:25.151168,LINE-2-PACKAGING,74.06,1.83
2026-09-25 07:10:25.151168,LINE-2-PACKAGING,72.3,2.15
2026-09-25 07:11:25.151168,LINE-2-PACKAGING,74.22,1.91
2026-09-25 07:12:25.151168,LINE-2-PACKAGING,74.86,2.0
2026-09-25 07:13:25.151168,LINE-2-PACKAGING,74.36,2.08
2026-09-25 07:14:25.151168,LINE-2-PACKAGING,75.36,1.91
2026-09-25 07:15:25.151168,LINE-2-PACKAGING,73.9,1.92
2026-09-25 07:16:25.151168,LINE-2-PACKAGING,73.93,2.03
2026-09-25 07:17:25.151168,LINE-2-PACKAGING,73.48,2.18
2026-09-25 07:18:25.151168,LINE-2-PACKAGING,74.7,1.75
2026-09-25 07:19:25.151168,LINE-2-PACKAGING,73.22,2.13
2026-09-25 07:20:25.151168,LINE-2-PACKAGING,74.39,1.91
2026-09-25 07:21:25.151168,LINE-2-PACKAGING,75.48,2.18
2026-09-25 07:22:25.151168,LINE-2-PACKAGING,74.71,2.07
2026-09-25 07:23:25.151168,LINE-2-PACKAGING,73.24,2.16
2026-09-25 07:24:25.151168,LINE-2-PACKAGING,75.1,2.17
2026-09-25 07:25:25.151168,LINE-2-PACKAGING,76.09,1.86
2026-09-25 07:26:25.151168,LINE-2-PACKAGING,74.49,1.99
2026-09-25 07:27:25.151168,LINE-2-PACKAGING,74.02,1.89
2026-09-25 07:28:25.151168,LINE-2-PACKAGING,75.89,1.86
2026-09-25 07:29:25.151168,LINE-2-PACKAGING,73.33,1.78
2026-09-25 07:30:25.151168,LINE-2-PACKAGING,75.03,1.98
2026-09-25 07:31:25.151168,LINE-2-PACKAGING,74.98,2.29
2026-09-25 07:32:25.151168,LINE-2-PACKAGING,74.31,2.17
2026-09-25 07:33:25.151168,LINE-2-PACKAGING,75.28,2.02
2026-09-25 07:34:25.151168,LINE-2-PACKAGING,74.75,2.14
2026-09-25 07:35:25.151168,LINE-2-PACKAGING,73.35,1.96
2026-09-25 07:36:25.151168,LINE-2-PACKAGING,74.23,2.07
2026-09-25 07:37:25.151168,LINE-2-PACKAGING,73.26,1.96
2026-09-25 07:38:25.151168,LINE-2-PACKAGING,75.24,1.97
2026-09-25 07:39:25.151168,LINE-2-PACKAGING,74.53,1.84
2026-09-25 07:40:25.151168,LINE-2-PACKAGING,74.03,1.82
2026-09-25 07:41:25.151168,LINE-2-PACKAGING,76.96,2.09
2026-09-25 07:42:25.151168,LINE-2-PACKAGING,73.51,1.96
2026-09-25 07:43:25.151168,LINE-2-PACKAGING,75.18,1.97
2026-09-25 07:44:25.151168,LINE-2-PACKAGING,74.21,2.2
2026-09-25 07:45:25.151168,LINE-2-PACKAGING,75.08,1.99
2026-09-25 07:46:25.151168,LINE-2-PACKAGING,76.11,2.31
2026-09-25 07:47:25.151168,LINE-2-PACKAGING,75.18,1.97
2026-09-25 07:48:25.151168,LINE-2-PACKAGING,75.22,2.26
2026-09-25 07:49:25.151168,LINE-2-PACKAGING,75.0,2.15
2026-09-25 07:50:25.151168,LINE-2-PACKAGING,74.2,1.86
2026-09-25 07:51:25.151168,LINE-2-PACKAGING,74.66,2.1
2026-09-25 07:52:25.151168,LINE-2-PACKAGING,74.1,2.24
2026-09-25 07:53:25.151168,LINE-2-PACKAGING,74.45,1.97
2026-09-25 07:54:25.151168,LINE-2-PACKAGING,74.34,2.08
2026-09-25 07:55:25.151168,LINE-2-PACKAGING,74.61,2.24
2026-09-25 07:56:25.151168,LINE-2-PACKAGING,73.72,1.97
2026-09-25 07:57:25.151168,LINE-2-PACKAGING,74.17,2.15
2026-09-25 07:58:25.151168,LINE-2-PACKAGING,74.02,1.86
2026-09-25 07:59:25.151168,LINE-2-PACKAGING,75.67,2.04
2026-09-25 08:00:25.151168,LINE-2-PACKAGING,75.96,2.18
2026-09-25 08:01:25.151168,LINE-2-PACKAGING,74.16,2.36
2026-09-25 08:02:25.151168,LINE-2-PACKAGING,76.47,2.13
2026-09-25 08:03:25.151168,LINE-2-PACKAGING,74.8,1.78
2026-09-25 08:04:25.151168,LINE-2-PACKAGING,75.9,2.15
2026-09-25 08:05:25.151168,LINE-2-PACKAGING,74.01,1.82
2026-09-25 08:06:25.151168,LINE-2-PACKAGING,73.88,2.06
2026-09-25 08:07:25.151168,LINE-2-PACKAGING,75.54,2.0
2026-09-25 08:08:25.151168,LINE-2-PACKAGING,74.15,2.31
2026-09-25 08:09:25.151168,LINE-2-PACKAGING,76.07,1.96
2026-09-25 08:10:25.151168,LINE-2-PACKAGING,75.18,1.77
2026-09-25 08:11:25.151168,LINE-2-PACKAGING,75.07,1.83
2026-09-25 08:12:25.151168,LINE-2-PACKAGING,75.17,2.08
2026-09-25 08:13:25.151168,LINE-2-PACKAGING,76.41,2.07
2026-09-25 08:14:25.151168,LINE-2-PACKAGING,74.34,2.15
2026-09-25 08:15:25.151168,LINE-2-PACKAGING,73.09,1.74
2026-09-25 08:16:25.151168,LINE-2-PACKAGING,75.85,1.85
2026-09-25 08:17:25.151168,LINE-2-PACKAGING,76.67,1.93
2026-09-25 08:18:25.151168,LINE-2-PACKAGING,75.26,1.95
2026-09-25 08:19:25.151168,LINE-2-PACKAGING,74.09,1.94
2026-09-25 08:20:25.151168,LINE-2-PACKAGING,75.62,2.05
2026-09-25 08:21:25.151168,LINE-2-PACKAGING,73.73,1.87
2026-09-25 08:22:25.151168,LINE-2-PACKAGING,75.11,2.13
2026-09-25 08:23:25.151168,LINE-2-PACKAGING,74.56,1.98
2026-09-25 08:24:25.151168,LINE-2-PACKAGING,73.8,1.86
2026-09-25 08:25:25.151168,LINE-2-PACKAGING,75.5,2.04
2026-09-25 08:26:25.151168,LINE-2-PACKAGING,73.57,2.29
2026-09-25 08:27:25.151168,LINE-2-PACKAGING,74.67,2.25
2026-09-25 08:28:25.151168,LINE-2-PACKAGING,74.82,2.26
2026-09-25 08:29:25.151168,LINE-2-PACKAGING,77.44,1.99
2026-09-25 08:30:25.151168,LINE-2-PACKAGING,74.25,2.15
2026-09-25 08:31:25.151168,LINE-2-PACKAGING,75.34,2.09
2026-09-25 08:32:25.151168,LINE-2-PACKAGING,76.78,2.07
2026-09-25 08:33:25.151168,LINE-2-PACKAGING,74.02,2.09
2026-09-25 08:34:25.151168,LINE-2-PACKAGING,75.89,1.67
2026-09-25 08:35:25.151168,LINE-2-PACKAGING,75.92,2.03
2026-09-25 08:36:25.151168,LINE-2-PACKAGING,73.23,1.94
2026-09-25 08:37:25.151168,LINE-2-PACKAGING,75.28,1.96
2026-09-25 08:38:25.151168,LINE-2-PACKAGING,74.16,2.03
2026-09-25 08:39:25.151168,LINE-2-PACKAGING,75.44,2.21
2026-09-25 08:40:25.151168,LINE-2-PACKAGING,74.58,2.17
2026-09-25 08:41:25.151168,LINE-2-PACKAGING,74.59,2.25
2026-09-25 08:42:25.151168,LINE-2-PACKAGING,76.07,1.86
2026-09-25 08:43:25.151168,LINE-2-PACKAGING,75.06,1.98
2026-09-25 08:44:25.151168,LINE-2-PACKAGING,73.68,2.27
2026-09-25 08:45:25.151168,LINE-2-PACKAGING,73.9,2.39
2026-09-25 08:46:25.151168,LINE-2-PACKAGING,76.24,2.06
2026-09-25 08:47:25.151168,LINE-2-PACKAGING,75.23,2.25
2026-09-25 08:48:25.151168,LINE-2-PACKAGING,74.97,2.08
2026-09-25 08:49:25.151168,LINE-2-PACKAGING,75.15,1.91
2026-09-25 08:50:25.151168,LINE-2-PACKAGING,74.3,1.89
2026-09-25 08:51:25.151168,LINE-2-PACKAGING,75.1,1.78
2026-09-25 08:52:25.151168,LINE-2-PACKAGING,77.57,1.96
2026-09-25 08:53:25.151168,LINE-2-PACKAGING,75.35,1.97
2026-09-25 08:54:25.151168,LINE-2-PACKAGING,75.5,2.14
2026-09-25 08:55:25.151168,LINE-2-PACKAGING,73.5,1.99
2026-09-25 08:56:25.151168,LINE-2-PACKAGING,74.67,2.19
2026-09-25 08:57:25.151168,LINE-2-PACKAGING,75.55,2.06
2026-09-25 08:58:25.151168,LINE-2-PACKAGING,74.51,2.33
2026-09-25 08:59:25.151168,LINE-2-PACKAGING,77.22,2.04
2026-09-25 09:00:25.151168,LINE-2-PACKAGING,75.34,2.07
2026-09-25 09:01:25.151168,LINE-2-PACKAGING,76.29,1.96
2026-09-25 09:02:25.151168,LINE-2-PACKAGING,76.25,1.92
2026-09-25 09:03:25.151168,LINE-2-PACKAGING,74.25,1.71
2026-09-25 09:04:25.151168,LINE-2-PACKAGING,75.35,2.12
2026-09-25 09:05:25.151168,LINE-2-PACKAGING,74.35,2.25
2026-09-25 09:06:25.151168,LINE-2-PACKAGING,76.19,2.16
2026-09-25 09:07:25.151168,LINE-2-PACKAGING,74.96,2.08
2026-09-25 09:08:25.151168,LINE-2-PACKAGING,74.95,2.17
2026-09-25 09:09:25.151168,LINE-2-PACKAGING,74.59,2.02
2026-09-25 09:10:25.151168,LINE-2-PACKAGING,75.11,2.15
2026-09-25 09:11:25.151168,LINE-2-PACKAGING,74.41,2.17
2026-09-25 09:12:25.151168,LINE-2-PACKAGING,76.36,1.69
2026-09-25 09:13:25.151168,LINE-2-PACKAGING,75.09,1.9
2026-09-25 09:14:25.151168,LINE-2-PACKAGING,75.16,1.88
2026-09-25 09:15:25.151168,LINE-2-PACKAGING,74.29,1.92
2026-09-25 09:16:25.151168,LINE-2-PACKAGING,74.37,2.25
2026-09-25 09:17:25.151168,LINE-2-PACKAGING,77.01,1.78
2026-09-25 09:18:25.151168,LINE-2-PACKAGING,75.32,1.84
2026-09-25 09:19:25.151168,LINE-2-PACKAGING,75.24,2.02
2026-09-25 09:20:25.151168,LINE-2-PACKAGING,73.32,2.34
2026-09-25 09:21:25.151168,LINE-2-PACKAGING,74.03,1.96
2026-09-25 09:22:25.151168,LINE-2-PACKAGING,74.59,1.81
2026-09-25 09:23:25.151168,LINE-2-PACKAGING,74.72,1.94
2026-09-25 09:24:25.151168,LINE-2-PACKAGING,75.09,1.85
2026-09-25 09:25:25.151168,LINE-2-PACKAGING,75.97,2.23
2026-09-25 09:26:25.151168,LINE-2-PACKAGING,73.5,2.07
2026-09-25 09:27:25.151168,LINE-2-PACKAGING,74.25,1.95
2026-09-25 09:28:25.151168,LINE-2-PACKAGING,74.84,1.78
2026-09-25 09:29:25.151168,LINE-2-PACKAGING,77.89,1.63
2026-09-25 09:30:25.151168,LINE-2-PACKAGING,75.11,1.95
2026-09-25 09:31:25.151168,LINE-2-PACKAGING,75.53,1.9
2026-09-25 09:32:25.151168,LINE-2-PACKAGING,72.94,2.1
2026-09-25 09:33:25.151168,LINE-2-PACKAGING,75.38,2.07
2026-09-25 09:34:25.151168,LINE-2-PACKAGING,72.7,2.08
2026-09-25 09:35:25.151168,LINE-2-PACKAGING,74.26,2.12
2026-09-25 09:36:25.151168,LINE-2-PACKAGING,75.21,2.09
2026-09-25 09:37:25.151168,LINE-2-PACKAGING,73.83,1.99
2026-09-25 09:38:25.151168,LINE-2-PACKAGING,74.65,1.8
2026-09-25 09:39:25.151168,LINE-2-PACKAGING,74.89,1.91
2026-09-25 09:40:25.151168,LINE-2-PACKAGING,76.17,1.92
2026-09-25 09:41:25.151168,LINE-2-PACKAGING,73.6,2.03
2026-09-25 09:42:25.151168,LINE-2-PACKAGING,74.88,2.04
2026-09-25 09:43:25.151168,LINE-2-PACKAGING,72.4,2.08
2026-09-25 09:44:25.151168,LINE-2-PACKAGING,74.93,1.92
2026-09-25 09:45:25.151168,LINE-2-PACKAGING,74.06,2.08
2026-09-25 09:46:25.151168,LINE-2-PACKAGING,75.97,2.15
2026-09-25 09:47:25.151168,LINE-2-PACKAGING,76.64,2.17
2026-09-25 09:48:25.151168,LINE-2-PACKAGING,74.96,2.19
2026-09-25 09:49:25.151168,LINE-2-PACKAGING,74.58,1.98
2026-09-25 09:50:25.151168,LINE-2-PACKAGING,75.75,2.02
2026-09-25 09:51:25.151168,LINE-2-PACKAGING,73.29,1.89
2026-09-25 09:52:25.151168,LINE-2-PACKAGING,76.24,1.93
2026-09-25 09:53:25.151168,LINE-2-PACKAGING,73.89,2.31
2026-09-25 09:54:25.151168,LINE-2-PACKAGING,74.15,1.93
2026-09-25 09:55:25.151168,LINE-2-PACKAGING,75.43,2.16
2026-09-25 09:56:25.151168,LINE-2-PACKAGING,74.23,2.16
2026-09-25 09:57:25.151168,LINE-2-PACKAGING,75.01,1.71
2026-09-25 09:58:25.151168,LINE-2-PACKAGING,76.71,2.3
2026-09-25 09:59:25.151168,LINE-2-PACKAGING,75.12,1.87
2026-09-25 10:00:25.151168,LINE-2-PACKAGING,72.42,1.95
2026-09-25 10:01:25.151168,LINE-2-PACKAGING,74.78,1.64
2026-09-25 10:02:25.151168,LINE-2-PACKAGING,74.96,1.94
2026-09-25 10:03:25.151168,LINE-2-PACKAGING,76.6,2.17
2026-09-25 10:04:25.151168,LINE-2-PACKAGING,74.38,1.87
2026-09-25 10:05:25.151168,LINE-2-PACKAGING,75.14,1.96
2026-09-25 10:06:25.151168,LINE-2-PACKAGING,75.13,2.0
2026-09-25 10:07:25.151168,LINE-2-PACKAGING,74.94,2.06
2026-09-25 10:08:25.151168,LINE-2-PACKAGING,77.67,1.85
2026-09-25 10:09:25.151168,LINE-2-PACKAGING,74.86,1.98
2026-09-25 10:10:25.151168,LINE-2-PACKAGING,74.91,2.09
2026-09-25 10:11:25.151168,LINE-2-PACKAGING,72.97,2.1
2026-09-25 10:12:25.151168,LINE-2-PACKAGING,74.41,2.16
2026-09-25 10:13:25.151168,LINE-2-PACKAGING,74.15,2.11
2026-09-25 10:14:25.151168,LINE-2-PACKAGING,76.25,2.08
2026-09-25 10:15:25.151168,LINE-2-PACKAGING,75.52,1.97
2026-09-25 10:16:25.151168,LINE-2-PACKAGING,74.71,1.91
2026-09-25 10:17:25.151168,LINE-2-PACKAGING,73.05,2.1
2026-09-25 10:18:25.151168,LINE-2-PACKAGING,75.58,1.9
2026-09-25 10:19:25.151168,LINE-2-PACKAGING,76.07,2.02
2026-09-25 10:20:25.151168,LINE-2-PACKAGING,76.06,1.98
2026-09-25 10:21:25.151168,LINE-2-PACKAGING,76.28,2.03
2026-09-25 10:22:25.151168,LINE-2-PACKAGING,74.7,2.18
2026-09-25 10:23:25.151168,LINE-2-PACKAGING,74.34,2.15
2026-09-25 10:24:25.151168,LINE-2-PACKAGING,74.92,2.16
2026-09-25 10:25:25.151168,LINE-2-PACKAGING,74.43,2.25
2026-09-25 10:26:25.151168,LINE-2-PACKAGING,74.73,2.14
2026-09-25 10:27:25.151168,LINE-2-PACKAGING,74.58,2.03
2026-09-25 10:28:25.151168,LINE-2-PACKAGING,76.13,1.84
2026-09-25 10:29:25.151168,LINE-2-PACKAGING,75.25,2.19
2026-09-25 10:30:25.151168,LINE-2-PACKAGING,76.22,2.0
2026-09-25 10:31:25.151168,LINE-2-PACKAGING,75.23,2.21
2026-09-25 10:32:25.151168,LINE-2-PACKAGING,74.27,1.87
2026-09-25 10:33:25.151168,LINE-2-PACKAGING,75.59,2.02
2026-09-25 10:34:25.151168,LINE-2-PACKAGING,74.27,2.17
2026-09-25 10:35:25.151168,LINE-2-PACKAGING,74.77,2.13
2026-09-25 10:36:25.151168,LINE-2-PACKAGING,73.7,1.88
2026-09-25 10:37:25.151168,LINE-2-PACKAGING,73.75,2.05
2026-09-25 10:38:25.151168,LINE-2-PACKAGING,75.42,1.99
2026-09-25 10:39:25.151168,LINE-2-PACKAGING,75.63,1.98
2026-09-25 10:40:25.151168,LINE-2-PACKAGING,73.98,1.86
2026-09-25 10:41:25.151168,LINE-2-PACKAGING,73.79,2.04
2026-09-25 10:42:25.151168,LINE-2-PACKAGING,75.85,1.9
2026-09-25 10:43:25.151168,LINE-2-PACKAGING,75.71,2.06
2026-09-25 10:44:25.151168,LINE-2-PACKAGING,73.85,1.94
2026-09-25 10:45:25.151168,LINE-2-PACKAGING,75.38,1.93
2026-09-25 10:46:25.151168,LINE-2-PACKAGING,76.13,2.04
2026-09-25 10:47:25.151168,LINE-2-PACKAGING,73.79,2.28
2026-09-25 10:48:25.151168,LINE-2-PACKAGING,74.42,2.0
2026-09-25 10:49:25.151168,LINE-2-PACKAGING,75.3,1.66
2026-09-25 10:50:25.151168,LINE-2-PACKAGING,74.01,2.12
2026-09-25 10:51:25.151168,LINE-2-PACKAGING,75.7,2.19
2026-09-25 10:52:25.151168,LINE-2-PACKAGING,75.08,1.97
2026-09-25 10:53:25.151168,LINE-2-PACKAGING,73.87,2.0
2026-09-25 10:54:25.151168,LINE-2-PACKAGING,74.48,1.76
2026-09-25 10:55:25.151168,LINE-2-PACKAGING,75.17,2.43
2026-09-25 10:56:25.151168,LINE-2-PACKAGING,74.67,2.2
2026-09-25 10:57:25.151168,LINE-2-PACKAGING,74.38,2.14
2026-09-25 10:58:25.151168,LINE-2-PACKAGING,74.23,2.13
2026-09-25 10:59:25.151168,LINE-2-PACKAGING,76.55,1.8
2026-09-25 11:00:25.151168,LINE-2-PACKAGING,74.71,2.16
2026-09-25 11:01:25.151168,LINE-2-PACKAGING,75.17,1.97
2026-09-25 11:02:25.151168,LINE-2-PACKAGING,75.92,2.1
2026-09-25 11:03:25.151168,LINE-2-PACKAGING,74.88,1.87
2026-09-25 11:04:25.151168,LINE-2-PACKAGING,75.0,2.05
2026-09-25 11:05:25.151168,LINE-2-PACKAGING,73.73,1.89
2026-09-25 11:06:25.151168,LINE-2-PACKAGING,75.06,1.88
2026-09-25 11:07:25.151168,LINE-2-PACKAGING,73.89,2.06
2026-09-25 11:08:25.151168,LINE-2-PACKAGING,75.72,1.99
2026-09-25 11:09:25.151168,LINE-2-PACKAGING,74.21,1.91
2026-09-25 11:10:25.151168,LINE-2-PACKAGING,76.16,1.96
2026-09-25 11:11:25.151168,LINE-2-PACKAGING,74.32,2.12
2026-09-25 11:12:25.151168,LINE-2-PACKAGING,74.44,1.99
2026-09-25 11:13:25.151168,LINE-2-PACKAGING,74.25,2.12
2026-09-25 11:14:25.151168,LINE-2-PACKAGING,73.64,2.01
2026-09-25 11:15:25.151168,LINE-2-PACKAGING,75.49,1.68
2026-09-25 11:16:25.151168,LINE-2-PACKAGING,73.29,2.11
2026-09-25 11:17:25.151168,LINE-2-PACKAGING,74.57,1.73
2026-09-25 11:18:25.151168,LINE-2-PACKAGING,76.33,2.23
2026-09-25 11:19:25.151168,LINE-2-PACKAGING,74.52,1.89
2026-09-25 11:20:25.151168,LINE-2-PACKAGING,75.73,1.98
2026-09-25 11:21:25.151168,LINE-2-PACKAGING,74.26,1.96
2026-09-25 11:22:25.151168,LINE-2-PACKAGING,73.96,2.11
2026-09-25 11:23:25.151168,LINE-2-PACKAGING,73.54,2.2
2026-09-25 11:24:25.151168,LINE-2-PACKAGING,74.46,1.98
2026-09-25 11:25:25.151168,LINE-2-PACKAGING,75.72,2.11
2026-09-25 11:26:25.151168,LINE-2-PACKAGING,75.2,2.0
2026-09-25 11:27:25.151168,LINE-2-PACKAGING,75.19,2.01
2026-09-25 11:28:25.151168,LINE-2-PACKAGING,75.92,1.79
2026-09-25 11:29:25.151168,LINE-2-PACKAGING,75.45,2.2
2026-09-25 11:30:25.151168,LINE-2-PACKAGING,76.39,2.03
2026-09-25 11:31:25.151168,LINE-2-PACKAGING,75.9,2.02
2026-09-25 11:32:25.151168,LINE-2-PACKAGING,73.75,2.28
2026-09-25 11:33:25.151168,LINE-2-PACKAGING,75.14,2.19
2026-09-25 11:34:25.151168,LINE-2-PACKAGING,75.35,2.16
2026-09-25 11:35:25.151168,LINE-2-PACKAGING,75.58,2.08
2026-09-25 11:36:25.151168,LINE-2-PACKAGING,75.94,2.22
2026-09-25 11:37:25.151168,LINE-2-PACKAGING,74.84,1.86
2026-09-25 11:38:25.151168,LINE-2-PACKAGING,77.6,2.01
2026-09-25 11:39:25.151168,LINE-2-PACKAGING,76.58,1.99
2026-09-25 11:40:25.151168,LINE-2-PACKAGING,74.46,2.16
2026-09-25 11:41:25.151168,LINE-2-PACKAGING,73.16,2.1
2026-09-25 11:42:25.151168,LINE-2-PACKAGING,75.2,2.09
2026-09-25 11:43:25.151168,LINE-2-PACKAGING,74.01,1.94
2026-09-25 11:44:25.151168,LINE-2-PACKAGING,74.93,1.99
2026-09-25 11:45:25.151168,LINE-2-PACKAGING,74.47,1.96
2026-09-25 11:46:25.151168,LINE-2-PACKAGING,75.19,2.05
2026-09-25 11:47:25.151168,LINE-2-PACKAGING,75.33,2.01
2026-09-25 11:48:25.151168,LINE-2-PACKAGING,74.36,2.2
2026-09-25 11:49:25.151168,LINE-2-PACKAGING,74.63,2.06
2026-09-25 11:50:25.151168,LINE-2-PACKAGING,75.44,1.87
2026-09-25 11:51:25.151168,LINE-2-PACKAGING,73.35,1.78
2026-09-25 11:52:25.151168,LINE-2-PACKAGING,76.18,1.84
2026-09-25 11:53:25.151168,LINE-2-PACKAGING,74.33,2.0
2026-09-25 11:54:25.151168,LINE-2-PACKAGING,71.89,2.03
2026-09-25 11:55:25.151168,LINE-2-PACKAGING,73.4,1.97
2026-09-25 11:56:25.151168,LINE-2-PACKAGING,75.48,1.9
2026-09-25 11:57:25.151168,LINE-2-PACKAGING,75.06,2.19
2026-09-25 11:58:25.151168,LINE-2-PACKAGING,75.27,1.86
2026-09-25 11:59:25.151168,LINE-2-PACKAGING,74.84,1.84
2026-09-25 12:00:25.151168,LINE-2-PACKAGING,76.8,1.89
2026-09-25 12:01:25.151168,LINE-2-PACKAGING,73.74,2.04
2026-09-25 12:02:25.151168,LINE-2-PACKAGING,75.45,1.79
2026-09-25 12:03:25.151168,LINE-2-PACKAGING,74.8,2.21
2026-09-25 12:04:25.151168,LINE-2-PACKAGING,75.11,2.29
2026-09-25 12:05:25.151168,LINE-2-PACKAGING,73.37,1.93
2026-09-25 12:06:25.151168,LINE-2-PACKAGING,75.0,2.0
2026-09-25 12:07:25.151168,LINE-2-PACKAGING,73.1,2.28
2026-09-25 12:08:25.151168,LINE-2-PACKAGING,74.29,1.97
2026-09-25 12:09:25.151168,LINE-2-PACKAGING,76.55,1.78
2026-09-25 12:10:25.151168,LINE-2-PACKAGING,75.55,1.8
2026-09-25 12:11:25.151168,LINE-2-PACKAGING,75.64,2.27
2026-09-25 12:12:25.151168,LINE-2-PACKAGING,74.78,2.08
2026-09-25 12:13:25.151168,LINE-2-PACKAGING,75.31,1.88
2026-09-25 12:14:25.151168,LINE-2-PACKAGING,76.11,1.74
2026-09-25 12:15:25.151168,LINE-2-PACKAGING,76.04,1.86
2026-09-25 12:16:25.151168,LINE-2-PACKAGING,75.45,2.01
2026-09-25 12:17:25.151168,LINE-2-PACKAGING,74.37,1.89
2026-09-25 12:18:25.151168,LINE-2-PACKAGING,75.3,2.0
2026-09-25 12:19:25.151168,LINE-2-PACKAGING,74.91,1.98
2026-09-25 12:20:25.151168,LINE-2-PACKAGING,75.24,2.08
2026-09-25 12:21:25.151168,LINE-2-PACKAGING,75.81,2.02
2026-09-25 12:22:25.151168,LINE-2-PACKAGING,75.07,1.89
2026-09-25 12:23:25.151168,LINE-2-PACKAGING,76.54,1.94
2026-09-25 12:24:25.151168,LINE-2-PACKAGING,75.35,1.63
2026-09-25 12:25:25.151168,LINE-2-PACKAGING,74.75,2.06
2026-09-25 12:26:25.151168,LINE-2-PACKAGING,75.77,2.15
2026-09-25 12:27:25.151168,LINE-2-PACKAGING,74.35,1.94
2026-09-25 12:28:25.151168,LINE-2-PACKAGING,75.54,2.22
2026-09-25 12:29:25.151168,LINE-2-PACKAGING,74.53,1.94
2026-09-25 12:30:25.151168,LINE-2-PACKAGING,75.49,1.97
2026-09-25 12:31:25.151168,LINE-2-PACKAGING,74.15,2.15
2026-09-25 12:32:25.151168,LINE-2-PACKAGING,77.09,2.23
2026-09-25 12:33:25.151168,LINE-2-PACKAGING,76.34,1.92
2026-09-25 12:34:25.151168,LINE-2-PACKAGING,72.96,1.94
2026-09-25 12:35:25.151168,LINE-2-PACKAGING,75.08,1.83
2026-09-25 12:36:25.151168,LINE-2-PACKAGING,74.7,1.99
2026-09-25 12:37:25.151168,LINE-2-PACKAGING,74.09,1.85
2026-09-25 12:38:25.151168,LINE-2-PACKAGING,76.17,1.91
2026-09-25 12:39:25.151168,LINE-2-PACKAGING,74.28,2.31
2026-09-25 12:40:25.151168,LINE-2-PACKAGING,75.97,2.27
2026-09-25 12:41:25.151168,LINE-2-PACKAGING,74.15,2.12
2026-09-25 12:42:25.151168,LINE-2-PACKAGING,74.22,1.77
2026-09-25 12:43:25.151168,LINE-2-PACKAGING,73.96,2.06
2026-09-25 12:44:25.151168,LINE-2-PACKAGING,75.29,1.77
2026-09-25 12:45:25.151168,LINE-2-PACKAGING,75.9,2.14
2026-09-25 12:46:25.151168,LINE-2-PACKAGING,73.98,2.29
2026-09-25 12:47:25.151168,LINE-2-PACKAGING,73.93,2.04
2026-09-25 12:48:25.151168,LINE-2-PACKAGING,75.24,2.07
2026-09-25 12:49:25.151168,LINE-2-PACKAGING,74.92,1.8
2026-09-25 12:50:25.151168,LINE-2-PACKAGING,75.0,2.23
2026-09-25 12:51:25.151168,LINE-2-PACKAGING,76.59,2.04
2026-09-25 12:52:25.151168,LINE-2-PACKAGING,72.94,2.15
2026-09-25 12:53:25.151168,LINE-2-PACKAGING,76.35,2.07
2026-09-25 12:54:25.151168,LINE-2-PACKAGING,74.97,1.72
2026-09-25 12:55:25.151168,LINE-2-PACKAGING,74.61,1.98
2026-09-25 12:56:25.151168,LINE-2-PACKAGING,74.12,1.94
2026-09-25 12:57:25.151168,LINE-2-PACKAGING,74.28,1.73
2026-09-25 12:58:25.151168,LINE-2-PACKAGING,74.11,2.0
2026-09-25 12:59:25.151168,LINE-2-PACKAGING,74.11,2.18
2026-09-25 13:00:25.151168,LINE-2-PACKAGING,73.83,2.24
2026-09-25 13:01:25.151168,LINE-2-PACKAGING,75.52,1.9
2026-09-25 13:02:25.151168,LINE-2-PACKAGING,73.98,1.97
2026-09-25 13:03:25.151168,LINE-2-PACKAGING,76.19,2.01
2026-09-25 13:04:25.151168,LINE-2-PACKAGING,76.98,1.67
2026-09-25 13:05:25.151168,LINE-2-PACKAGING,75.51,2.3
2026-09-25 13:06:25.151168,LINE-2-PACKAGING,74.59,2.31
2026-09-25 13:07:25.151168,LINE-2-PACKAGING,75.18,2.07
2026-09-25 13:08:25.151168,LINE-2-PACKAGING,75.93,2.0
2026-09-25 13:09:25.151168,LINE-2-PACKAGING,75.21,2.02
2026-09-25 13:10:25.151168,LINE-2-PACKAGING,76.89,1.89
2026-09-25 13:11:25.151168,LINE-2-PACKAGING,73.43,1.65
2026-09-25 13:12:25.151168,LINE-2-PACKAGING,76.55,1.88
2026-09-25 13:13:25.151168,LINE-2-PACKAGING,73.68,1.96
2026-09-25 13:14:25.151168,LINE-2-PACKAGING,74.86,1.99
